question_id,rank,source_file,paper_id,section_number,section_heading,chunk_index,reranker_score,label
NB-HPN-0026-q1,1,corpus_doc_0026,paper_0026,2,Motivation,2,0.994453,Towards a Smart Data Transfer Node Zheng… §2 Motivation
NB-HPN-0026-q1,2,corpus_doc_0587,paper_0587,2,Motivation,2,0.988899,Toward a Smart Data Transfer Node Zhengc… §2 Motivation
NB-HPN-0026-q1,3,corpus_doc_0587,paper_0587,1,Introduction,1,0.841757,Toward a Smart Data Transfer Node Zhengc… §1 Introduction
NB-HPN-0026-q1,4,corpus_doc_0026,paper_0026,1,Introduction,1,0.828703,Towards a Smart Data Transfer Node Zheng… §1 Introduction
NB-HPN-0026-q1,5,corpus_doc_0587,paper_0587,2,Motivation,3,0.780312,Toward a Smart Data Transfer Node Zhengc… §2 Motivation
NB-HPN-0026-q1,6,corpus_doc_0026,paper_0026,2,Motivation,3,0.698515,Towards a Smart Data Transfer Node Zheng… §2 Motivation
NB-HPN-0026-q1,7,corpus_doc_2342,paper_2342,5,Performance,10,0.669547,Journal Pre-proof Moving small files in … §5 Performance
NB-HPN-0026-q1,8,corpus_doc_1363,paper_1363,3,Architecture,4,0.617896,Calibers: A Bandwidth Calendaring Paradi… §3 Architecture
NB-HPN-0026-q1,9,corpus_doc_0587,paper_0587,6,Conclusion,9,0.610457,Toward a Smart Data Transfer Node Zhengc… §6 Conclusion
NB-HPN-0026-q1,10,corpus_doc_0733,paper_0733,I,Introduction,1,0.580583,Machine Learning for Data Transfer Anoma… §I Introduction
NB-HPN-0026-q1,11,corpus_doc_0026,paper_0026,6,Conclusion,8,0.570674,Towards a Smart Data Transfer Node Zheng… §6 Conclusion
NB-HPN-0026-q1,12,corpus_doc_0587,paper_0587,2,Motivation,4,0.494713,Toward a Smart Data Transfer Node Zhengc… §2 Motivation
NB-HPN-0026-q1,13,corpus_doc_2342,paper_2342,4.3,Performance,8,0.370679,Journal Pre-proof Moving small files in … §4.3 Performance
NB-HPN-0026-q1,14,corpus_doc_0775,paper_0775,6,Experimental,1,0.346537,MDTM: Optimizing Data Transfer using Mul… §6 Experimental
NB-HPN-0026-q1,15,corpus_doc_0620,paper_0620,2,Overview,9,0.242309,An Extensible Software Transport Layer f… §2 Overview
NB-HPN-0026-q1,16,corpus_doc_2342,paper_2342,5,Performance,11,0.184209,Journal Pre-proof Moving small files in … §5 Performance
NB-HPN-0026-q1,17,corpus_doc_2110,paper_2110,,,4,0.162449,. . Latest updates: h ps://dl.acm.org/do… §
NB-HPN-0026-q1,18,corpus_doc_2072,paper_2072,,,3,0.096160,International Journal of Computer Applic… §
NB-HPN-0026-q1,19,corpus_doc_0587,paper_0587,4,Experimental,8,0.076838,Toward a Smart Data Transfer Node Zhengc… §4 Experimental
NB-HPN-0026-q1,20,corpus_doc_0708,paper_0708,IV,Advanced Waves,10,0.056503,2023 IEEE. Personal use of this material… §IV Advanced Waves
NB-HPN-0159-q0,1,corpus_doc_0159,paper_0159,3,Evaluation,1,0.996441,arXiv:2506.08132v1 cs. NI 9 Jun 2025 Pre… §3 Evaluation
NB-HPN-0159-q0,2,corpus_doc_0306,paper_0306,1,Introduction,1,0.986015,This work is licensed under a Creative C… §1 Introduction
NB-HPN-0159-q0,3,corpus_doc_0216,paper_0216,5,Related Work,16,0.985901,STrack: A Reliable Multipath Transport f… §5 Related Work
NB-HPN-0159-q0,4,corpus_doc_1491,paper_1491,1,Introduction,2,0.977116,REPS: Recycled Entropy Packet Spraying f… §1 Introduction
NB-HPN-0159-q0,5,corpus_doc_0159,paper_0159,3,Evaluation,2,0.965638,arXiv:2506.08132v1 cs. NI 9 Jun 2025 Pre… §3 Evaluation
NB-HPN-0159-q0,6,corpus_doc_2004,paper_2004,III,Design,5,0.963221,SeqBalance: Congestion-Aware Load Balanc… §III Design
NB-HPN-0159-q0,7,corpus_doc_1136,paper_1136,,Abstract,0,0.956168,He et al. Journal of Cloud Computing 202… §Abstract
NB-HPN-0159-q0,8,corpus_doc_0331,paper_0331,I,Introduction,3,0.948415,LoRDMA: A New Low-Rate DoS Attack in RDM… §I Introduction
NB-HPN-0159-q0,9,corpus_doc_1387,paper_1387,V,Related Work,10,0.939305,Creative Commons Attribution-NonCommerci… §V Related Work
NB-HPN-0159-q0,10,corpus_doc_2050,paper_2050,1,Introduction,2,0.939045,Uno: A One-Stop Solution for Inter- and … §1 Introduction
NB-HPN-0159-q0,11,corpus_doc_2004,paper_2004,I,Introduction,1,0.931989,SeqBalance: Congestion-Aware Load Balanc… §I Introduction
NB-HPN-0159-q0,12,corpus_doc_0803,paper_0803,,,2,0.928307,Datacenter Ethernet and RDMA: Issues at … §
NB-HPN-0159-q0,13,corpus_doc_0300,paper_0300,1,Introduction,1,0.924457,This paper is included in the Proceeding… §1 Introduction
NB-HPN-0159-q0,14,corpus_doc_2295,paper_2295,2,Background,2,0.919750,ISSN Print: 0976-6367 ISSN Online: 0976-… §2 Background
NB-HPN-0159-q0,15,corpus_doc_2262,paper_2262,,,15,0.918442,. . Latest updates: h ps://dl.acm.org/do… §
NB-HPN-0159-q0,16,corpus_doc_1136,paper_1136,10,Performance,8,0.918381,He et al. Journal of Cloud Computing 202… §10 Performance
NB-HPN-0159-q0,17,corpus_doc_0262,paper_0262,,,3,0.825162,International Journal of Information Tec… §
NB-HPN-0159-q0,18,corpus_doc_0159,paper_0159,4.2.2,Results,8,0.802230,arXiv:2506.08132v1 cs. NI 9 Jun 2025 Pre… §4.2.2 Results
NB-HPN-0159-q0,19,corpus_doc_0484,paper_0484,3.2.1,Design,14,0.661820,CONGESTION CONTROL MECHANISMS FOR INTER-… §3.2.1 Design
NB-HPN-0159-q0,20,corpus_doc_1977,paper_1977,2.1,Background,1,0.639737,. . Latest updates: h ps://dl.acm.org/do… §2.1 Background
NB-HPN-2135-q1,1,corpus_doc_2135,paper_2135,III,Int Framework,4,0.918887,A Flexible In-band Network Telemetry Fra… §III Int Framework
NB-HPN-2135-q1,2,corpus_doc_1523,paper_1523,II,Related Work,3,0.683241,SPECIAL SECTION ON ARTIFICIAL INTELLIGEN… §II Related Work
NB-HPN-2135-q1,3,corpus_doc_1108,paper_1108,2,Related Work,5,0.644579,noname manuscript No. will be inserted b… §2 Related Work
NB-HPN-2135-q1,4,corpus_doc_0832,paper_0832,1,Overview,7,0.435565,FEDERAL UNIVERSITY OF PAMPA Ariel G es D… §1 Overview
NB-HPN-2135-q1,5,corpus_doc_0064,paper_0064,IV,Reliable In-Band Network Telemetry Collection,7,0.406690,1 Reliable and Distributed Network Monit… §IV Reliable In-Band Network Telemetry Collection
NB-HPN-2135-q1,6,corpus_doc_2135,paper_2135,III,Int Framework,5,0.379443,A Flexible In-band Network Telemetry Fra… §III Int Framework
NB-HPN-2135-q1,7,corpus_doc_0064,paper_0064,II,Problem Definition,2,0.326151,1 Reliable and Distributed Network Monit… §II Problem Definition
NB-HPN-2135-q1,8,corpus_doc_0064,paper_0064,IV,Reliable In-Band Network Telemetry Collection,6,0.312902,1 Reliable and Distributed Network Monit… §IV Reliable In-Band Network Telemetry Collection
NB-HPN-2135-q1,9,corpus_doc_0832,paper_0832,,Abstract,0,0.191482,FEDERAL UNIVERSITY OF PAMPA Ariel G es D… §Abstract
NB-HPN-2135-q1,10,corpus_doc_0064,paper_0064,IV,Reliable In-Band Network Telemetry Collection,8,0.106070,1 Reliable and Distributed Network Monit… §IV Reliable In-Band Network Telemetry Collection
NB-HPN-2135-q1,11,corpus_doc_2057,paper_2057,4.2,Architecture,7,0.087812,BPF-oF: Storage Function Pushdown Over t… §4.2 Architecture
NB-HPN-2135-q1,12,corpus_doc_0064,paper_0064,V,Results And Discussion,10,0.067901,1 Reliable and Distributed Network Monit… §V Results And Discussion
NB-HPN-2135-q1,13,corpus_doc_0064,paper_0064,,Abstract,0,0.048281,1 Reliable and Distributed Network Monit… §Abstract
NB-HPN-2135-q1,14,corpus_doc_2309,paper_2309,9001,Appendix,15,0.048177,Ultra Ethernet s Design Principles and A… §9001 Appendix
NB-HPN-2135-q1,15,corpus_doc_0381,paper_0381,5.1.1,Related Work,52,0.044116,HAL Id: tel-02124620 Submitted on 9 May … §5.1.1 Related Work
NB-HPN-2135-q1,16,corpus_doc_0078,paper_0078,II,In-Band Network Telemetry Int,4,0.030680,Date of publication xxxx 00 0000 date of… §II In-Band Network Telemetry Int
NB-HPN-2135-q1,17,corpus_doc_1152,paper_1152,3,Analysis,10,0.029359,TCP Behavior of a Busy Internet Server: … §3 Analysis
NB-HPN-2135-q1,18,corpus_doc_0330,paper_0330,5,Results,15,0.018709,. . Latest updates: h ps://dl.acm.org/do… §5 Results
NB-HPN-2135-q1,19,corpus_doc_1683,paper_1683,IV,Interdomainreservations,5,0.017848,Intraand interdomainCircuitProvisioningU… §IV Interdomainreservations
NB-HPN-2135-q1,20,corpus_doc_0381,paper_0381,6.2,Overview,69,0.016953,HAL Id: tel-02124620 Submitted on 9 May … §6.2 Overview
NB-HPN-2121-q2,1,corpus_doc_2121,paper_2121,1,Introduction,2,0.981040,. . Latest updates: h ps://dl.acm.org/do… §1 Introduction
NB-HPN-2121-q2,2,corpus_doc_2121,paper_2121,1,Introduction,3,0.977820,. . Latest updates: h ps://dl.acm.org/do… §1 Introduction
NB-HPN-2121-q2,3,corpus_doc_2121,paper_2121,3,Methodology,11,0.875057,. . Latest updates: h ps://dl.acm.org/do… §3 Methodology
NB-HPN-2121-q2,4,corpus_doc_2121,paper_2121,3,Methodology,7,0.830755,. . Latest updates: h ps://dl.acm.org/do… §3 Methodology
NB-HPN-2121-q2,5,corpus_doc_2121,paper_2121,3,Methodology,6,0.813233,. . Latest updates: h ps://dl.acm.org/do… §3 Methodology
NB-HPN-2121-q2,6,corpus_doc_2121,paper_2121,1,Introduction,1,0.778125,. . Latest updates: h ps://dl.acm.org/do… §1 Introduction
NB-HPN-2121-q2,7,corpus_doc_2121,paper_2121,,Abstract,0,0.755932,. . Latest updates: h ps://dl.acm.org/do… §Abstract
NB-HPN-2121-q2,8,corpus_doc_1064,paper_1064,2,Background,4,0.634237,To Adopt or Not to Adopt L4S-Compatible … §2 Background
NB-HPN-2121-q2,9,corpus_doc_2121,paper_2121,3,Methodology,12,0.552554,. . Latest updates: h ps://dl.acm.org/do… §3 Methodology
NB-HPN-2121-q2,10,corpus_doc_1367,paper_1367,3,Evaluation,7,0.464144,2BRobust - Overcoming TCP BBR Performanc… §3 Evaluation
NB-HPN-2121-q2,11,corpus_doc_2121,paper_2121,3,Methodology,9,0.292223,. . Latest updates: h ps://dl.acm.org/do… §3 Methodology
NB-HPN-2121-q2,12,corpus_doc_1819,paper_1819,II,Related Work,5,0.189473,FaiRTT: An Empirical Approach for Enhanc… §II Related Work
NB-HPN-2121-q2,13,corpus_doc_1770,paper_1770,IV,Exp Erim En Tal Re Sults,7,0.184829,Towards Approximate Fair Bandwidth Shari… §IV Exp Erim En Tal Re Sults
NB-HPN-2121-q2,14,corpus_doc_0660,paper_0660,VII,Dynamics In Multi -Provider Contexts,14,0.122191,IEEE/ACM TRANSACTIONS ON NETWOR KING VOL… §VII Dynamics In Multi -Provider Contexts
NB-HPN-2121-q2,15,corpus_doc_2227,paper_2227,II,Related Work,11,0.115587,Received June 11 2019 accepted July 6 20… §II Related Work
NB-HPN-2121-q2,16,corpus_doc_0200,paper_0200,V,Networks With Amixture Of Unsaturated And,12,0.062487,arXiv:1605.00409v1 cs. NI 2 May 2016 1 F… §V Networks With Amixture Of Unsaturated And
NB-HPN-2121-q2,17,corpus_doc_0200,paper_0200,V,Networks With Amixture Of Unsaturated And,11,0.019472,arXiv:1605.00409v1 cs. NI 2 May 2016 1 F… §V Networks With Amixture Of Unsaturated And
NB-HPN-2121-q2,18,corpus_doc_0660,paper_0660,IX,Conclusion,17,0.018967,IEEE/ACM TRANSACTIONS ON NETWOR KING VOL… §IX Conclusion
NB-HPN-2121-q2,19,corpus_doc_1937,paper_1937,1,Introduction,10,0.009637,Sharing within limits: Partial resource … §1 Introduction
NB-HPN-2121-q2,20,corpus_doc_0477,paper_0477,VI,Conclusion,14,0.001555,1 Throughput Maximization in Uncooperati… §VI Conclusion
NB-HPN-1401-q1,1,corpus_doc_1853,paper_1853,4,Implementation,4,0.978927,RUN-TIME ADAPTATION OF GRID DATA PLACEME… §4 Implementation
NB-HPN-1401-q1,2,corpus_doc_1401,paper_1401,4,Implementation,4,0.961822,Run-time Adaptation of Grid Data Placeme… §4 Implementation
NB-HPN-1401-q1,3,corpus_doc_1354,paper_1354,2,Related Work,2,0.920356,Dynamic Adaptation of Parallelism Level … §2 Related Work
NB-HPN-1401-q1,4,corpus_doc_1116,paper_1116,,Abstract,0,0.910024,Balancing TCP Buffer vs Parallel Streams… §Abstract
NB-HPN-1401-q1,5,corpus_doc_1853,paper_1853,4,Implementation,5,0.880856,RUN-TIME ADAPTATION OF GRID DATA PLACEME… §4 Implementation
NB-HPN-1401-q1,6,corpus_doc_2030,paper_2030,2,Related Works,2,0.879718,E cient Resource Management Scheme of TC… §2 Related Works
NB-HPN-1401-q1,7,corpus_doc_0763,paper_0763,2,Background,10,0.851245,NAIST-IS-DD1561026 Doctoral Dissertation… §2 Background
NB-HPN-1401-q1,8,corpus_doc_1116,paper_1116,4,Performance,2,0.830640,Balancing TCP Buffer vs Parallel Streams… §4 Performance
NB-HPN-1401-q1,9,corpus_doc_0387,paper_0387,I,Introduction Transmission,1,0.794300,On Parameter Tuning of Data Transfer Pro… §I Introduction Transmission
NB-HPN-1401-q1,10,corpus_doc_1401,paper_1401,4,Implementation,5,0.777535,Run-time Adaptation of Grid Data Placeme… §4 Implementation
NB-HPN-1401-q1,11,corpus_doc_1931,paper_1931,6.3.1,Motivation,78,0.697389,Dynamic Tuning of Parallel/Distributed A… §6.3.1 Motivation
NB-HPN-1401-q1,12,corpus_doc_0765,paper_0765,III,Related Work,3,0.582904,Improving Throughput and Maintaining Fai… §III Related Work
NB-HPN-1401-q1,13,corpus_doc_2115,paper_2115,IV,Experimental Analysis,8,0.395557,Improving Data Transfer Throughput with … §IV Experimental Analysis
NB-HPN-1401-q1,14,corpus_doc_0322,paper_0322,6,Conclusion,8,0.278369,Automatic TCP Buffer Tuning Jeffrey Semk… §6 Conclusion
NB-HPN-1401-q1,15,corpus_doc_2030,paper_2030,2,Related Works,3,0.193720,E cient Resource Management Scheme of TC… §2 Related Works
NB-HPN-1401-q1,16,corpus_doc_0322,paper_0322,2,Implementation,7,0.188518,Automatic TCP Buffer Tuning Jeffrey Semk… §2 Implementation
NB-HPN-1401-q1,17,corpus_doc_1116,paper_1116,4,Performance,3,0.164887,Balancing TCP Buffer vs Parallel Streams… §4 Performance
NB-HPN-1401-q1,18,corpus_doc_1266,paper_1266,2,Background,3,0.101653,Context-aware and Reliable Transport Lay… §2 Background
NB-HPN-1401-q1,19,corpus_doc_0322,paper_0322,,Abstract,0,0.052807,Automatic TCP Buffer Tuning Jeffrey Semk… §Abstract
NB-HPN-1401-q1,20,corpus_doc_1931,paper_1931,6.3.5,Conclusions,81,0.046902,Dynamic Tuning of Parallel/Distributed A… §6.3.5 Conclusions
NB-HPN-0176-q1,1,corpus_doc_2282,paper_2282,I,Introduction,4,0.968932,Received January 19 2021 accepted Februa… §I Introduction
NB-HPN-0176-q1,2,corpus_doc_2282,paper_2282,I,Introduction,1,0.962881,Received January 19 2021 accepted Februa… §I Introduction
NB-HPN-0176-q1,3,corpus_doc_1819,paper_1819,II,Related Work,2,0.958756,FaiRTT: An Empirical Approach for Enhanc… §II Related Work
NB-HPN-0176-q1,4,corpus_doc_1367,paper_1367,1,Introduction,1,0.958285,2BRobust - Overcoming TCP BBR Performanc… §1 Introduction
NB-HPN-0176-q1,5,corpus_doc_1819,paper_1819,II,Related Work,3,0.948366,FaiRTT: An Empirical Approach for Enhanc… §II Related Work
NB-HPN-0176-q1,6,corpus_doc_1389,paper_1389,1,Introduction,1,0.948118,Page 1/22 TCP BBR congestion control opt… §1 Introduction
NB-HPN-0176-q1,7,corpus_doc_1379,paper_1379,IV,Experiment Setup,6,0.946845,BBR Fairness Evaluation Using NS-3 Linch… §IV Experiment Setup
NB-HPN-0176-q1,8,corpus_doc_2282,paper_2282,I,Introduction,8,0.935635,Received January 19 2021 accepted Februa… §I Introduction
NB-HPN-0176-q1,9,corpus_doc_1627,paper_1627,1,Introduction,1,0.935241,BBR-With Adaptive Pacing Gain Rates BBR-… §1 Introduction
NB-HPN-0176-q1,10,corpus_doc_1132,paper_1132,III,Coupled Multipath Bbr C-Mpbbr,4,0.926723,Received July 22 2020 accepted September… §III Coupled Multipath Bbr C-Mpbbr
NB-HPN-0176-q1,11,corpus_doc_0176,paper_0176,,,4,0.925770,58 COMMUNICATIONS OF THE ACM FEBRUARY 20… §
NB-HPN-0176-q1,12,corpus_doc_2282,paper_2282,I,Introduction,9,0.918371,Received January 19 2021 accepted Februa… §I Introduction
NB-HPN-0176-q1,13,corpus_doc_1379,paper_1379,III,Bbr Overview,3,0.915865,BBR Fairness Evaluation Using NS-3 Linch… §III Bbr Overview
NB-HPN-0176-q1,14,corpus_doc_1379,paper_1379,IV,Experiment Setup,5,0.914288,BBR Fairness Evaluation Using NS-3 Linch… §IV Experiment Setup
NB-HPN-0176-q1,15,corpus_doc_1627,paper_1627,3,Motivation,4,0.893013,BBR-With Adaptive Pacing Gain Rates BBR-… §3 Motivation
NB-HPN-0176-q1,16,corpus_doc_1667,paper_1667,IV,Satpipe System Design,7,0.886418,SATPIPE: Deterministic TCP Adaptation fo… §IV Satpipe System Design
NB-HPN-0176-q1,17,corpus_doc_1367,paper_1367,3,Evaluation,7,0.873823,2BRobust - Overcoming TCP BBR Performanc… §3 Evaluation
NB-HPN-0176-q1,18,corpus_doc_1367,paper_1367,7,Discussion,10,0.852440,2BRobust - Overcoming TCP BBR Performanc… §7 Discussion
NB-HPN-0176-q1,19,corpus_doc_1627,paper_1627,,Abstract,0,0.779832,BBR-With Adaptive Pacing Gain Rates BBR-… §Abstract
NB-HPN-0176-q1,20,corpus_doc_2282,paper_2282,I,Introduction,10,0.673140,Received January 19 2021 accepted Februa… §I Introduction
NB-HPN-0178-q1,1,corpus_doc_0178,paper_0178,1,Introduction,2,0.976299,Scaling Stateful Network Services on Mul… §1 Introduction
NB-HPN-0178-q1,2,corpus_doc_0998,paper_0998,V,Data-Driven Qall,19,0.967734,1 Wai-xi Liu* Member IEEE Jun Cai Sen Li… §V Data-Driven Qall
NB-HPN-0178-q1,3,corpus_doc_0615,paper_0615,III,Motivation,4,0.879257,Received January 8 2021 accepted Februar… §III Motivation
NB-HPN-0178-q1,4,corpus_doc_1768,paper_1768,I,Introduction,1,0.870866,1 On Packet Reordering in Time-Sensitive… §I Introduction
NB-HPN-0178-q1,5,corpus_doc_0615,paper_0615,I,Introduction,1,0.868976,Received January 8 2021 accepted Februar… §I Introduction
NB-HPN-0178-q1,6,corpus_doc_0728,paper_0728,5.1.3,Performance,5,0.843513,Detecting TCP Packet Reordering in the D… §5.1.3 Performance
NB-HPN-0178-q1,7,corpus_doc_1768,paper_1768,II,Related Work,3,0.799827,1 On Packet Reordering in Time-Sensitive… §II Related Work
NB-HPN-0178-q1,8,corpus_doc_0177,paper_0177,3.1,Overview,9,0.782122,Orderly Management of Packets in RDMA by… §3.1 Overview
NB-HPN-0178-q1,9,corpus_doc_1250,paper_1250,1,Introduction,1,0.679685,. . Latest updates: h ps://dl.acm.org/do… §1 Introduction
NB-HPN-0178-q1,10,corpus_doc_1250,paper_1250,1,Introduction,7,0.671080,. . Latest updates: h ps://dl.acm.org/do… §1 Introduction
NB-HPN-0178-q1,11,corpus_doc_2110,paper_2110,,,2,0.666848,. . Latest updates: h ps://dl.acm.org/do… §
NB-HPN-0178-q1,12,corpus_doc_1250,paper_1250,1,Introduction,8,0.569662,. . Latest updates: h ps://dl.acm.org/do… §1 Introduction
NB-HPN-0178-q1,13,corpus_doc_0728,paper_0728,5.1.3,Performance,6,0.521934,Detecting TCP Packet Reordering in the D… §5.1.3 Performance
NB-HPN-0178-q1,14,corpus_doc_1612,paper_1612,7,Overview,3,0.379609,International Journal of Computer Networ… §7 Overview
NB-HPN-0178-q1,15,corpus_doc_2279,paper_2279,V,Genomic Computing,20,0.228826,1 §V Genomic Computing
NB-HPN-0178-q1,16,corpus_doc_1768,paper_1768,VI,Application To Performance Of Intermediate Re-Sequencing,13,0.208789,1 On Packet Reordering in Time-Sensitive… §VI Application To Performance Of Intermediate Re-Sequencing
NB-HPN-0178-q1,17,corpus_doc_1768,paper_1768,,Abstract,0,0.170997,1 On Packet Reordering in Time-Sensitive… §Abstract
NB-HPN-0178-q1,18,corpus_doc_0848,paper_0848,I,Introduction,1,0.150321,A Lightweight Routing Layer Using a Reli… §I Introduction
NB-HPN-0178-q1,19,corpus_doc_0728,paper_0728,5.1.2,Performance,3,0.123821,Detecting TCP Packet Reordering in the D… §5.1.2 Performance
NB-HPN-0178-q1,20,corpus_doc_1768,paper_1768,VII,Conclusion,16,0.114088,1 On Packet Reordering in Time-Sensitive… §VII Conclusion
NB-HPN-2032-q1,1,corpus_doc_2032,paper_2032,I,Introduction,1,0.994065,arXiv:1708.07320v1 cs. NI 24 Aug 2017 A … §I Introduction
NB-HPN-2032-q1,2,corpus_doc_0710,paper_0710,IV,Datacenter Traffic Control Management,12,0.954279,DATACENTER TRAFFIC CONTROL TECHNIQUES AN… §IV Datacenter Traffic Control Management
NB-HPN-2032-q1,3,corpus_doc_2032,paper_2032,III,Ssbr,17,0.947729,arXiv:1708.07320v1 cs. NI 24 Aug 2017 A … §III Ssbr
NB-HPN-2032-q1,4,corpus_doc_0710,paper_0710,IV,Datacenter Traffic Control Management,11,0.898883,DATACENTER TRAFFIC CONTROL TECHNIQUES AN… §IV Datacenter Traffic Control Management
NB-HPN-2032-q1,5,corpus_doc_2032,paper_2032,V,Distributed Multi -Traffic Scheduling Framework,9,0.883062,arXiv:1708.07320v1 cs. NI 24 Aug 2017 A … §V Distributed Multi -Traffic Scheduling Framework
NB-HPN-2032-q1,6,corpus_doc_1835,paper_1835,II,Related Work,2,0.868406,Received November 22 2021 accepted Janua… §II Related Work
NB-HPN-2032-q1,7,corpus_doc_0573,paper_0573,II,Related Works,2,0.854223,HyLine: a Simple and Practical Flow Sche… §II Related Works
NB-HPN-2032-q1,8,corpus_doc_2293,paper_2293,VII,Reducing The Overhead And Distributed Implementation,10,0.840227,arXiv:1301.1002v2 cs. IT 14 Sep 2015 1 D… §VII Reducing The Overhead And Distributed Implementation
NB-HPN-2032-q1,9,corpus_doc_2032,paper_2032,,Abstract,0,0.818713,arXiv:1708.07320v1 cs. NI 24 Aug 2017 A … §Abstract
NB-HPN-2032-q1,10,corpus_doc_1655,paper_1655,,,3,0.790465,Journal of Cloud Computing: Advances Sys… §
NB-HPN-2032-q1,11,corpus_doc_1313,paper_1313,2,Motivation,2,0.737629,To schedule or not to schedule: when no-… §2 Motivation
NB-HPN-2032-q1,12,corpus_doc_1612,paper_1612,7,Overview,4,0.641245,International Journal of Computer Networ… §7 Overview
NB-HPN-2032-q1,13,corpus_doc_1982,paper_1982,1.1,Related Work,2,0.632030,CENTRALIZED CONGESTION CONTROL AND SCHED… §1.1 Related Work
NB-HPN-2032-q1,14,corpus_doc_2032,paper_2032,V,Distributed Multi -Traffic Scheduling Framework,13,0.252237,arXiv:1708.07320v1 cs. NI 24 Aug 2017 A … §V Distributed Multi -Traffic Scheduling Framework
NB-HPN-2032-q1,15,corpus_doc_1612,paper_1612,7,Overview,5,0.230477,International Journal of Computer Networ… §7 Overview
NB-HPN-2032-q1,16,corpus_doc_0603,paper_0603,IX,Capacity Scaling And Asymptotically Optimal Policy,14,0.191323,1224 IEEE/ACM TRANSACTIONS ON NETWORKING… §IX Capacity Scaling And Asymptotically Optimal Policy
NB-HPN-2032-q1,17,corpus_doc_1982,paper_1982,1.1,Related Work,4,0.109966,CENTRALIZED CONGESTION CONTROL AND SCHED… §1.1 Related Work
NB-HPN-2032-q1,18,corpus_doc_0163,paper_0163,1.1,Overview,3,0.074229,Corresponding author: Oluwatosin Oladayo… §1.1 Overview
NB-HPN-2032-q1,19,corpus_doc_0301,paper_0301,V,Conclusion,7,0.069906,22nd LACCEI International Multi-Conferen… §V Conclusion
NB-HPN-2032-q1,20,corpus_doc_1872,paper_1872,,Abstract,0,0.052244,. . Latest updates: h ps://dl.acm.org/do… §Abstract
NB-HPN-0733-q1,1,corpus_doc_2024,paper_2024,3,Design,9,0.773123,DOE Network 2025: Network Research Probl… §3 Design
NB-HPN-0733-q1,2,corpus_doc_0193,paper_0193,I,Introduction,1,0.713812,IEEE TRANSACTIONS ON NETWORK AND SERVICE… §I Introduction
NB-HPN-0733-q1,3,corpus_doc_0475,paper_0475,1.1,Overview,2,0.595107,Corresponding author: Oluwatosin Oladayo… §1.1 Overview
NB-HPN-0733-q1,4,corpus_doc_0556,paper_0556,I,Introduction,1,0.513836,Postprint This is the accepted version o… §I Introduction
NB-HPN-0733-q1,5,corpus_doc_1609,paper_1609,,,2,0.446536,Digitus : Journal of Computer Science Ap… §
NB-HPN-0733-q1,6,corpus_doc_0193,paper_0193,I,Introduction,3,0.434088,IEEE TRANSACTIONS ON NETWORK AND SERVICE… §I Introduction
NB-HPN-0733-q1,7,corpus_doc_1364,paper_1364,2.3,Architecture,7,0.431696,. . Latest updates: h ps://dl.acm.org/do… §2.3 Architecture
NB-HPN-0733-q1,8,corpus_doc_1500,paper_1500,1,Introduction,1,0.387700,P4-NIDS: High-Performance Network Monito… §1 Introduction
NB-HPN-0733-q1,9,corpus_doc_0475,paper_0475,1,Evaluation,8,0.341807,Corresponding author: Oluwatosin Oladayo… §1 Evaluation
NB-HPN-0733-q1,10,corpus_doc_0874,paper_0874,1,Introduction,1,0.259201,. . Latest updates: h ps://dl.acm.org/do… §1 Introduction
NB-HPN-0733-q1,11,corpus_doc_1190,paper_1190,,Abstract,0,0.230532,Towards Cross-Layer Telemetry Justin Iur… §Abstract
NB-HPN-0733-q1,12,corpus_doc_0656,paper_0656,1,Introduction,1,0.208048,Advancing Network Monitoring and Operati… §1 Introduction
NB-HPN-0733-q1,13,corpus_doc_0745,paper_0745,,Abstract,0,0.183019,INSERT: In-Network Stateful End-to-End R… §Abstract
NB-HPN-0733-q1,14,corpus_doc_2144,paper_2144,3,Evaluation,0,0.128261,. . Latest updates: h ps://dl.acm.org/do… §3 Evaluation
NB-HPN-0733-q1,15,corpus_doc_2135,paper_2135,I,Introduction,1,0.104444,A Flexible In-band Network Telemetry Fra… §I Introduction
NB-HPN-0733-q1,16,corpus_doc_1703,paper_1703,1,Introduction,0,0.101846,Computer Networks 227 2023 109727 Availa… §1 Introduction
NB-HPN-0733-q1,17,corpus_doc_0656,paper_0656,1,Overview,3,0.050535,Advancing Network Monitoring and Operati… §1 Overview
NB-HPN-0733-q1,18,corpus_doc_1402,paper_1402,5.3,Implementation,9,0.048934,Journal of Information Systems Engineeri… §5.3 Implementation
NB-HPN-0733-q1,19,corpus_doc_0656,paper_0656,5,Conclusion,5,0.035908,Advancing Network Monitoring and Operati… §5 Conclusion
NB-HPN-0733-q1,20,corpus_doc_0656,paper_0656,1,Introduction,2,0.021700,Advancing Network Monitoring and Operati… §1 Introduction
NB-HPN-1278-q1,1,corpus_doc_1278,paper_1278,1,Introduction,0,0.991717,The Nucleus 58 No. 1-4 2021 1-8 www.then… §1 Introduction
NB-HPN-1278-q1,2,corpus_doc_0850,paper_0850,1,Introduction,1,0.969161,International Journal of Science and Res… §1 Introduction
NB-HPN-1278-q1,3,corpus_doc_1803,paper_1803,3,Analysis,7,0.967257,TCP Behavior of a Busy Intemet Server: A… §3 Analysis
NB-HPN-1278-q1,4,corpus_doc_1152,paper_1152,3,Analysis,4,0.964491,TCP Behavior of a Busy Internet Server: … §3 Analysis
NB-HPN-1278-q1,5,corpus_doc_0457,paper_0457,II,Problem And Motiv Ation,4,0.963462,1074 IEEE/ACM TRANSACTIONS ON NETWORKING… §II Problem And Motiv Ation
NB-HPN-1278-q1,6,corpus_doc_1152,paper_1152,3,Analysis,7,0.962675,TCP Behavior of a Busy Internet Server: … §3 Analysis
NB-HPN-1278-q1,7,corpus_doc_1278,paper_1278,3,Analysis,5,0.962493,The Nucleus 58 No. 1-4 2021 1-8 www.then… §3 Analysis
NB-HPN-1278-q1,8,corpus_doc_1661,paper_1661,III,Problem And Motivation,7,0.961478,1 T-RACKs: A Faster Recovery Mechanism f… §III Problem And Motivation
NB-HPN-1278-q1,9,corpus_doc_0457,paper_0457,II,Problem And Motiv Ation,5,0.961325,1074 IEEE/ACM TRANSACTIONS ON NETWORKING… §II Problem And Motiv Ation
NB-HPN-1278-q1,10,corpus_doc_1278,paper_1278,3,Analysis,2,0.957301,The Nucleus 58 No. 1-4 2021 1-8 www.then… §3 Analysis
NB-HPN-1278-q1,11,corpus_doc_1803,paper_1803,3,Analysis,4,0.952295,TCP Behavior of a Busy Intemet Server: A… §3 Analysis
NB-HPN-1278-q1,12,corpus_doc_1803,paper_1803,6,Conclusions,12,0.945420,TCP Behavior of a Busy Intemet Server: A… §6 Conclusions
NB-HPN-1278-q1,13,corpus_doc_0932,paper_0932,1,Introduction,1,0.941176,This paper is included in the Proceeding… §1 Introduction
NB-HPN-1278-q1,14,corpus_doc_2339,paper_2339,II,Data Centre Communica Tion And Incast,3,0.871347,eprints whiterose.ac.uk Universities of … §II Data Centre Communica Tion And Incast
NB-HPN-1278-q1,15,corpus_doc_1782,paper_1782,II,Model For Tcp Congestion Control,3,0.859758,IEEE/ACM TRANSACTIONS ON NETWORKING VOL.… §II Model For Tcp Congestion Control
NB-HPN-1278-q1,16,corpus_doc_0083,paper_0083,4.2.4,Performance,8,0.822154,1 UDT: UDP-based Data Transfer for High-… §4.2.4 Performance
NB-HPN-1278-q1,17,corpus_doc_1081,paper_1081,6,Evaluation,16,0.805213,. . Latest updates: h ps://dl.acm.org/do… §6 Evaluation
NB-HPN-1278-q1,18,corpus_doc_1803,paper_1803,3,Analysis,9,0.785238,TCP Behavior of a Busy Intemet Server: A… §3 Analysis
NB-HPN-1278-q1,19,corpus_doc_1113,paper_1113,1,Introduction,2,0.780309,Performance Evaluation 64 2007 948 964 w… §1 Introduction
NB-HPN-1278-q1,20,corpus_doc_1152,paper_1152,3,Analysis,9,0.704734,TCP Behavior of a Busy Internet Server: … §3 Analysis
NB-HPN-0850-q2,1,corpus_doc_0850,paper_0850,1,Introduction,1,0.974792,International Journal of Science and Res… §1 Introduction
NB-HPN-0850-q2,2,corpus_doc_1278,paper_1278,3,Analysis,3,0.930930,The Nucleus 58 No. 1-4 2021 1-8 www.then… §3 Analysis
NB-HPN-0850-q2,3,corpus_doc_1325,paper_1325,I,Introduction,1,0.884117,eprints whiterose.ac.uk Universities of … §I Introduction
NB-HPN-0850-q2,4,corpus_doc_2075,paper_2075,1,Introduction,1,0.859980,Characterizing and Predicting TCP Throug… §1 Introduction
NB-HPN-0850-q2,5,corpus_doc_1906,paper_1906,1,Introduction,1,0.849266,R E S E A R C H Open Access An FPGA-base… §1 Introduction
NB-HPN-0850-q2,6,corpus_doc_0176,paper_0176,,,0,0.849119,58 COMMUNICATIONS OF THE ACM FEBRUARY 20… §
NB-HPN-0850-q2,7,corpus_doc_2152,paper_2152,,Abstract,0,0.815441,See discussions stats and author profile… §Abstract
NB-HPN-0850-q2,8,corpus_doc_1152,paper_1152,3,Analysis,8,0.782331,TCP Behavior of a Busy Internet Server: … §3 Analysis
NB-HPN-0850-q2,9,corpus_doc_0536,paper_0536,1.0,Introduction,1,0.762605,1 The End-to-End Performance Effects of … §1.0 Introduction
NB-HPN-0850-q2,10,corpus_doc_0600,paper_0600,,,1,0.737125,PSockets: The Case for Application-level… §
NB-HPN-0850-q2,11,corpus_doc_1803,paper_1803,3,Analysis,7,0.735171,TCP Behavior of a Busy Intemet Server: A… §3 Analysis
NB-HPN-0850-q2,12,corpus_doc_1803,paper_1803,6,Conclusions,12,0.715718,TCP Behavior of a Busy Intemet Server: A… §6 Conclusions
NB-HPN-0850-q2,13,corpus_doc_1803,paper_1803,3,Analysis,8,0.703599,TCP Behavior of a Busy Intemet Server: A… §3 Analysis
NB-HPN-0850-q2,14,corpus_doc_1152,paper_1152,3,Analysis,7,0.646709,TCP Behavior of a Busy Internet Server: … §3 Analysis
NB-HPN-0850-q2,15,corpus_doc_2024,paper_2024,3,Design,11,0.638293,DOE Network 2025: Network Research Probl… §3 Design
NB-HPN-0850-q2,16,corpus_doc_2280,paper_2280,19,Appendix,8,0.613714,Preprint April 7 2026 This is a preprint… §19 Appendix
NB-HPN-0850-q2,17,corpus_doc_0817,paper_0817,VI,Conclusion,13,0.148212,Parallel TCP Sockets: Simple Model Throu… §VI Conclusion
NB-HPN-0850-q2,18,corpus_doc_1862,paper_1862,VI,Conclusion,13,0.074550,Parallel TCP Sockets: Simple Model Throu… §VI Conclusion
NB-HPN-0850-q2,19,corpus_doc_0314,paper_0314,,Abstract,0,0.060980,The Macroscopic Beha vior of the TCP Con… §Abstract
NB-HPN-0850-q2,20,corpus_doc_1862,paper_1862,,Abstract,0,0.031685,Parallel TCP Sockets: Simple Model Throu… §Abstract
NB-HPN-1803-q3,1,corpus_doc_1803,paper_1803,3,Analysis,4,0.989153,TCP Behavior of a Busy Intemet Server: A… §3 Analysis
NB-HPN-1803-q3,2,corpus_doc_1152,paper_1152,3,Analysis,4,0.988141,TCP Behavior of a Busy Internet Server: … §3 Analysis
NB-HPN-1803-q3,3,corpus_doc_1152,paper_1152,3,Analysis,5,0.980754,TCP Behavior of a Busy Internet Server: … §3 Analysis
NB-HPN-1803-q3,4,corpus_doc_1695,paper_1695,1.1,Motivation,2,0.979111,Applied Techniques for High Bandwidth Da… §1.1 Motivation
NB-HPN-1803-q3,5,corpus_doc_2166,paper_2166,1.1,Motivation,2,0.977092,See discussions stats and author profile… §1.1 Motivation
NB-HPN-1803-q3,6,corpus_doc_1803,paper_1803,3,Analysis,5,0.973770,TCP Behavior of a Busy Intemet Server: A… §3 Analysis
NB-HPN-1803-q3,7,corpus_doc_0817,paper_0817,I,Introduction,2,0.962180,Parallel TCP Sockets: Simple Model Throu… §I Introduction
NB-HPN-1803-q3,8,corpus_doc_0596,paper_0596,III,Dynamic Right -Sizing,3,0.932058,Los Alamos an affirmative action/equal o… §III Dynamic Right -Sizing
NB-HPN-1803-q3,9,corpus_doc_0817,paper_0817,V,Experimental Results,10,0.930971,Parallel TCP Sockets: Simple Model Throu… §V Experimental Results
NB-HPN-1803-q3,10,corpus_doc_0176,paper_0176,,,0,0.927571,58 COMMUNICATIONS OF THE ACM FEBRUARY 20… §
NB-HPN-1803-q3,11,corpus_doc_1862,paper_1862,I,Introduction,2,0.911584,Parallel TCP Sockets: Simple Model Throu… §I Introduction
NB-HPN-1803-q3,12,corpus_doc_1021,paper_1021,II,Problem Statement,2,0.902950,eprints whiterose.ac.uk Universities of … §II Problem Statement
NB-HPN-1803-q3,13,corpus_doc_0596,paper_0596,V,Experimental Results,7,0.898154,Los Alamos an affirmative action/equal o… §V Experimental Results
NB-HPN-1803-q3,14,corpus_doc_1862,paper_1862,V,Experimental Results,10,0.896538,Parallel TCP Sockets: Simple Model Throu… §V Experimental Results
NB-HPN-1803-q3,15,corpus_doc_0596,paper_0596,II,Receivers Need Conservative Windows,2,0.891833,Los Alamos an affirmative action/equal o… §II Receivers Need Conservative Windows
NB-HPN-1803-q3,16,corpus_doc_2265,paper_2265,II,Socket Buffer Size And Tcp Throughput,3,0.860200,1 Socket Buffer Auto-Sizing for High-Per… §II Socket Buffer Size And Tcp Throughput
NB-HPN-1803-q3,17,corpus_doc_0176,paper_0176,,,1,0.849979,58 COMMUNICATIONS OF THE ACM FEBRUARY 20… §
NB-HPN-1803-q3,18,corpus_doc_1953,paper_1953,6,Performance,10,0.816411,Pro ling Network Performance for Multi-T… §6 Performance
NB-HPN-1803-q3,19,corpus_doc_1931,paper_1931,6.3.1,Motivation,78,0.814321,Dynamic Tuning of Parallel/Distributed A… §6.3.1 Motivation
NB-HPN-1803-q3,20,corpus_doc_0954,paper_0954,V,Architecture And Proposed Model Inspired By,10,0.621509,Received November 21 2018 accepted Decem… §V Architecture And Proposed Model Inspired By
NB-HPN-1376-q1,1,corpus_doc_1376,paper_1376,2,Motivation,5,0.992301,Credence: Augmenting Datacenter Switch B… §2 Motivation
NB-HPN-1376-q1,2,corpus_doc_1376,paper_1376,3.1,Overview,6,0.929662,Credence: Augmenting Datacenter Switch B… §3.1 Overview
NB-HPN-1376-q1,3,corpus_doc_1376,paper_1376,2,Motivation,4,0.919148,Credence: Augmenting Datacenter Switch B… §2 Motivation
NB-HPN-1376-q1,4,corpus_doc_1376,paper_1376,1,Introduction,1,0.917172,Credence: Augmenting Datacenter Switch B… §1 Introduction
NB-HPN-1376-q1,5,corpus_doc_1376,paper_1376,2,Motivation,3,0.910708,Credence: Augmenting Datacenter Switch B… §2 Motivation
NB-HPN-1376-q1,6,corpus_doc_1376,paper_1376,3.1,Overview,7,0.862051,Credence: Augmenting Datacenter Switch B… §3.1 Overview
NB-HPN-1376-q1,7,corpus_doc_1376,paper_1376,1,Introduction,2,0.828038,Credence: Augmenting Datacenter Switch B… §1 Introduction
NB-HPN-1376-q1,8,corpus_doc_1041,paper_1041,6.1.1,Experimental,2,0.815925,. . Latest updates: h ps://dl.acm.org/do… §6.1.1 Experimental
NB-HPN-1376-q1,9,corpus_doc_0094,paper_0094,V,Performance Analysis,7,0.808500,Network Slicing for Edge-Cloud Orchestra… §V Performance Analysis
NB-HPN-1376-q1,10,corpus_doc_1376,paper_1376,6.1,System,15,0.759828,Credence: Augmenting Datacenter Switch B… §6.1 System
NB-HPN-1376-q1,11,corpus_doc_0070,paper_0070,I,Introduction,3,0.701382,1 False Negative Awareness in Indicator-… §I Introduction
NB-HPN-1376-q1,12,corpus_doc_1376,paper_1376,,Abstract,0,0.679887,Credence: Augmenting Datacenter Switch B… §Abstract
NB-HPN-1376-q1,13,corpus_doc_1376,paper_1376,7,Conclusion,16,0.509711,Credence: Augmenting Datacenter Switch B… §7 Conclusion
NB-HPN-1376-q1,14,corpus_doc_0235,paper_0235,1,Introduction,1,0.364864,A Machine Learning Approach for Packet L… §1 Introduction
NB-HPN-1376-q1,15,corpus_doc_2020,paper_2020,4.2,Results,4,0.339037,On the Predictability of Large Transfer … §4.2 Results
NB-HPN-1376-q1,16,corpus_doc_1659,paper_1659,III,Methodology,5,0.279143,1 TCP prediction for adaptive applicatio… §III Methodology
NB-HPN-1376-q1,17,corpus_doc_2020,paper_2020,4.2,Results,2,0.268385,On the Predictability of Large Transfer … §4.2 Results
NB-HPN-1376-q1,18,corpus_doc_0070,paper_0070,II,System Model And Preliminaries,5,0.178744,1 False Negative Awareness in Indicator-… §II System Model And Preliminaries
NB-HPN-1376-q1,19,corpus_doc_1292,paper_1292,4.4.5,Experiment,15,0.172419,The International Arab Journal of Inform… §4.4.5 Experiment
NB-HPN-1376-q1,20,corpus_doc_0070,paper_0070,,Abstract,0,0.049226,1 False Negative Awareness in Indicator-… §Abstract
NB-HPN-0555-q1,1,corpus_doc_0555,paper_0555,,,2,0.992231,Network-Aware End-to-End Data Throughput… §
NB-HPN-0555-q1,2,corpus_doc_0555,paper_0555,,,3,0.977027,Network-Aware End-to-End Data Throughput… §
NB-HPN-0555-q1,3,corpus_doc_2361,paper_2361,3,Introduction,1,0.971942,End-to-end Data-flow Parallelism for Thr… §3 Introduction
NB-HPN-0555-q1,4,corpus_doc_0555,paper_0555,,,7,0.970499,Network-Aware End-to-End Data Throughput… §
NB-HPN-0555-q1,5,corpus_doc_0555,paper_0555,,,6,0.969642,Network-Aware End-to-End Data Throughput… §
NB-HPN-0555-q1,6,corpus_doc_0555,paper_0555,,,4,0.961559,Network-Aware End-to-End Data Throughput… §
NB-HPN-0555-q1,7,corpus_doc_0555,paper_0555,,,5,0.948936,Network-Aware End-to-End Data Throughput… §
NB-HPN-0555-q1,8,corpus_doc_1985,paper_1985,2,Background,5,0.929474,Stork Data Scheduler: Mitigating the Dat… §2 Background
NB-HPN-0555-q1,9,corpus_doc_0555,paper_0555,,,8,0.928684,Network-Aware End-to-End Data Throughput… §
NB-HPN-0555-q1,10,corpus_doc_0555,paper_0555,,,10,0.926754,Network-Aware End-to-End Data Throughput… §
NB-HPN-0555-q1,11,corpus_doc_0444,paper_0444,1,Introduction,1,0.914177,Big Data Transfer Optimization Through A… §1 Introduction
NB-HPN-0555-q1,12,corpus_doc_0915,paper_0915,7,Experimental,13,0.913803,DotDFS: A Grid - based high - throughput… §7 Experimental
NB-HPN-0555-q1,13,corpus_doc_0923,paper_0923,I,Introduction,1,0.881837,Experimental Analysis of File Transfer R… §I Introduction
NB-HPN-0555-q1,14,corpus_doc_0555,paper_0555,,,9,0.872994,Network-Aware End-to-End Data Throughput… §
NB-HPN-0555-q1,15,corpus_doc_2361,paper_2361,3,Introduction,2,0.857859,End-to-end Data-flow Parallelism for Thr… §3 Introduction
NB-HPN-0555-q1,16,corpus_doc_1654,paper_1654,II,Problemformula Tion,2,0.786051,Big Data Transfer Optimization Based on … §II Problemformula Tion
NB-HPN-0555-q1,17,corpus_doc_1616,paper_1616,II,Problem Formulation,2,0.763238,2017 IEEE International Conference on Bi… §II Problem Formulation
NB-HPN-0555-q1,18,corpus_doc_0589,paper_0589,5,Conclusions,5,0.731742,Learning Concave-Convex Pro les of Data … §5 Conclusions
NB-HPN-0555-q1,19,corpus_doc_1078,paper_1078,1,Performance,18,0.669608,The xDotGrid Native Cross - Platf orm Hi… §1 Performance
NB-HPN-0555-q1,20,corpus_doc_0923,paper_0923,IV,Disk-To-Disk Transfer Measurements,5,0.640082,Experimental Analysis of File Transfer R… §IV Disk-To-Disk Transfer Measurements
NB-HPN-1163-q1,1,corpus_doc_1211,paper_1211,IV,Modeling And Adapting Destination Throughputs,6,0.929026,Modeling and Optimizing Large-Scale Wide… §IV Modeling And Adapting Destination Throughputs
NB-HPN-1163-q1,2,corpus_doc_2370,paper_2370,,,5,0.925936,Explaining Wide Area Data Transfer Perfo… §
NB-HPN-1163-q1,3,corpus_doc_1163,paper_1163,IV,Modeling And Adapting Destination Throughputs,6,0.921918,Modeling and Optimizing Large-Scale Wide… §IV Modeling And Adapting Destination Throughputs
NB-HPN-1163-q1,4,corpus_doc_1927,paper_1927,III,Motiv Ation,6,0.910761,IEEE TRANSACTIONS ON PARALLEL AND DISTRI… §III Motiv Ation
NB-HPN-1163-q1,5,corpus_doc_0946,paper_0946,4.3,Performance,5,0.909380,Cross-Geography Scientific Data Transfer… §4.3 Performance
NB-HPN-1163-q1,6,corpus_doc_0946,paper_0946,4.3,Performance,7,0.884460,Cross-Geography Scientific Data Transfer… §4.3 Performance
NB-HPN-1163-q1,7,corpus_doc_1211,paper_1211,III,Parallelism And Concurrency,4,0.852249,Modeling and Optimizing Large-Scale Wide… §III Parallelism And Concurrency
NB-HPN-1163-q1,8,corpus_doc_2370,paper_2370,,,6,0.851320,Explaining Wide Area Data Transfer Perfo… §
NB-HPN-1163-q1,9,corpus_doc_0946,paper_0946,4.3,Performance,6,0.849685,Cross-Geography Scientific Data Transfer… §4.3 Performance
NB-HPN-1163-q1,10,corpus_doc_1654,paper_1654,II,Problemformula Tion,2,0.829992,Big Data Transfer Optimization Based on … §II Problemformula Tion
NB-HPN-1163-q1,11,corpus_doc_0444,paper_0444,1,Introduction,1,0.813772,Big Data Transfer Optimization Through A… §1 Introduction
NB-HPN-1163-q1,12,corpus_doc_1616,paper_1616,II,Problem Formulation,2,0.792077,2017 IEEE International Conference on Bi… §II Problem Formulation
NB-HPN-1163-q1,13,corpus_doc_1163,paper_1163,III,Parallelism And Concurrency,4,0.779750,Modeling and Optimizing Large-Scale Wide… §III Parallelism And Concurrency
NB-HPN-1163-q1,14,corpus_doc_1163,paper_1163,III,Parallelism And Concurrency,5,0.775620,Modeling and Optimizing Large-Scale Wide… §III Parallelism And Concurrency
NB-HPN-1163-q1,15,corpus_doc_2370,paper_2370,,,2,0.773841,Explaining Wide Area Data Transfer Perfo… §
NB-HPN-1163-q1,16,corpus_doc_1211,paper_1211,V,Applying Models To Control Transfer Bandwidths,10,0.735920,Modeling and Optimizing Large-Scale Wide… §V Applying Models To Control Transfer Bandwidths
NB-HPN-1163-q1,17,corpus_doc_1927,paper_1927,III,Motiv Ation,7,0.677812,IEEE TRANSACTIONS ON PARALLEL AND DISTRI… §III Motiv Ation
NB-HPN-1163-q1,18,corpus_doc_1211,paper_1211,III,Parallelism And Concurrency,5,0.677048,Modeling and Optimizing Large-Scale Wide… §III Parallelism And Concurrency
NB-HPN-1163-q1,19,corpus_doc_1097,paper_1097,V,Concurrent Transfers,7,0.669173,Data transfer between scienti c faciliti… §V Concurrent Transfers
NB-HPN-1163-q1,20,corpus_doc_1927,paper_1927,III,Motiv Ation,5,0.573795,IEEE TRANSACTIONS ON PARALLEL AND DISTRI… §III Motiv Ation
NB-HPN-2155-q1,1,corpus_doc_2155,paper_2155,,,1,0.974900,. . Latest updates: h ps://dl.acm.org/do… §
NB-HPN-2155-q1,2,corpus_doc_2155,paper_2155,,,2,0.922273,. . Latest updates: h ps://dl.acm.org/do… §
NB-HPN-2155-q1,3,corpus_doc_2155,paper_2155,,,13,0.875232,. . Latest updates: h ps://dl.acm.org/do… §
NB-HPN-2155-q1,4,corpus_doc_2155,paper_2155,,,3,0.746193,. . Latest updates: h ps://dl.acm.org/do… §
NB-HPN-2155-q1,5,corpus_doc_0710,paper_0710,VIII,Broader Perspective,31,0.219098,DATACENTER TRAFFIC CONTROL TECHNIQUES AN… §VIII Broader Perspective
NB-HPN-2155-q1,6,corpus_doc_1927,paper_1927,V,E Va L U At I,14,0.191119,IEEE TRANSACTIONS ON PARALLEL AND DISTRI… §V E Va L U At I
NB-HPN-2155-q1,7,corpus_doc_0839,paper_0839,,,2,0.150652,F e B R u A RY 2 0 1 2 V o L . 5 5 N o. … §
NB-HPN-2155-q1,8,corpus_doc_0710,paper_0710,V,Datacenter Traffic Control Techniques,22,0.107878,DATACENTER TRAFFIC CONTROL TECHNIQUES AN… §V Datacenter Traffic Control Techniques
NB-HPN-2155-q1,9,corpus_doc_1685,paper_1685,II,Background Related Work And Summary Of,3,0.060629,arXiv:1907.06801v2 cs. IT 18 Jun 2020 1 … §II Background Related Work And Summary Of
NB-HPN-2155-q1,10,corpus_doc_1927,paper_1927,III,Motiv Ation,6,0.051144,IEEE TRANSACTIONS ON PARALLEL AND DISTRI… §III Motiv Ation
NB-HPN-2155-q1,11,corpus_doc_1780,paper_1780,1,Introduction,1,0.017845,Iroko: A Framework to Prototype Reinforc… §1 Introduction
NB-HPN-2155-q1,12,corpus_doc_1438,paper_1438,,,11,0.015822,Online Optimization of File Transfers in… §
NB-HPN-2155-q1,13,corpus_doc_0113,paper_0113,III,Softw Are Architecture And Implementa Tion,6,0.008371,Managing V ariability in the IO Performa… §III Softw Are Architecture And Implementa Tion
NB-HPN-2155-q1,14,corpus_doc_1938,paper_1938,5.2.1.2,Analysis,29,0.008239,Are Mobility Management Solutions Ready … §5.2.1.2 Analysis
NB-HPN-2155-q1,15,corpus_doc_1927,paper_1927,III,Motiv Ation,4,0.007223,IEEE TRANSACTIONS ON PARALLEL AND DISTRI… §III Motiv Ation
NB-HPN-2155-q1,16,corpus_doc_2111,paper_2111,,,4,0.005248,Decentralized Consistent Network Updates… §
NB-HPN-2155-q1,17,corpus_doc_1927,paper_1927,V,E Va L U At I,12,0.004658,IEEE TRANSACTIONS ON PARALLEL AND DISTRI… §V E Va L U At I
NB-HPN-2155-q1,18,corpus_doc_1438,paper_1438,,,8,0.003487,Online Optimization of File Transfers in… §
NB-HPN-2155-q1,19,corpus_doc_0444,paper_0444,4.2,Performance,12,0.003061,Big Data Transfer Optimization Through A… §4.2 Performance
NB-HPN-2155-q1,20,corpus_doc_1927,paper_1927,III,Motiv Ation,9,0.000895,IEEE TRANSACTIONS ON PARALLEL AND DISTRI… §III Motiv Ation
NB-HPN-2121-q1,1,corpus_doc_2121,paper_2121,1,Introduction,1,0.953893,. . Latest updates: h ps://dl.acm.org/do… §1 Introduction
NB-HPN-2121-q1,2,corpus_doc_2121,paper_2121,1,Introduction,2,0.946770,. . Latest updates: h ps://dl.acm.org/do… §1 Introduction
NB-HPN-2121-q1,3,corpus_doc_2121,paper_2121,1,Introduction,3,0.940517,. . Latest updates: h ps://dl.acm.org/do… §1 Introduction
NB-HPN-2121-q1,4,corpus_doc_2121,paper_2121,3,Methodology,7,0.875558,. . Latest updates: h ps://dl.acm.org/do… §3 Methodology
NB-HPN-2121-q1,5,corpus_doc_0660,paper_0660,II,Background A,3,0.849008,IEEE/ACM TRANSACTIONS ON NETWOR KING VOL… §II Background A
NB-HPN-2121-q1,6,corpus_doc_1064,paper_1064,2,Background,4,0.826363,To Adopt or Not to Adopt L4S-Compatible … §2 Background
NB-HPN-2121-q1,7,corpus_doc_0660,paper_0660,IV,The Mood Value And The Player,9,0.803037,IEEE/ACM TRANSACTIONS ON NETWOR KING VOL… §IV The Mood Value And The Player
NB-HPN-2121-q1,8,corpus_doc_0660,paper_0660,V,Interpretation With Respect To Traffic Theory,12,0.782706,IEEE/ACM TRANSACTIONS ON NETWOR KING VOL… §V Interpretation With Respect To Traffic Theory
NB-HPN-2121-q1,9,corpus_doc_2121,paper_2121,,Abstract,0,0.778825,. . Latest updates: h ps://dl.acm.org/do… §Abstract
NB-HPN-2121-q1,10,corpus_doc_0574,paper_0574,I,Paramers Setting Summary,10,0.762044,1 Improved Utility-based Congestion Cont… §I Paramers Setting Summary
NB-HPN-2121-q1,11,corpus_doc_0660,paper_0660,III,Measurement Of User Satisfaction,5,0.759207,IEEE/ACM TRANSACTIONS ON NETWOR KING VOL… §III Measurement Of User Satisfaction
NB-HPN-2121-q1,12,corpus_doc_0591,paper_0591,4.1,Experiment,8,0.619453,Copyright 2024 The Authors. Published by… §4.1 Experiment
NB-HPN-2121-q1,13,corpus_doc_0660,paper_0660,IV,The Mood Value And The Player,10,0.596471,IEEE/ACM TRANSACTIONS ON NETWOR KING VOL… §IV The Mood Value And The Player
NB-HPN-2121-q1,14,corpus_doc_0732,paper_0732,4.4,Evaluation,44,0.484992,Flow Consolidation for Congestion Contro… §4.4 Evaluation
NB-HPN-2121-q1,15,corpus_doc_0188,paper_0188,18,System Design,3,0.429713,LOGIC: Jurnal Penelitian Informatika Vol… §18 System Design
NB-HPN-2121-q1,16,corpus_doc_0660,paper_0660,IV,The Mood Value And The Player,8,0.428795,IEEE/ACM TRANSACTIONS ON NETWOR KING VOL… §IV The Mood Value And The Player
NB-HPN-2121-q1,17,corpus_doc_0660,paper_0660,IX,Conclusion,17,0.368047,IEEE/ACM TRANSACTIONS ON NETWOR KING VOL… §IX Conclusion
NB-HPN-2121-q1,18,corpus_doc_1819,paper_1819,II,Related Work,5,0.335170,FaiRTT: An Empirical Approach for Enhanc… §II Related Work
NB-HPN-2121-q1,19,corpus_doc_0566,paper_0566,6,Discussion,5,0.100111,IEICE Communications Express Vol.13 No.6… §6 Discussion
NB-HPN-2121-q1,20,corpus_doc_1856,paper_1856,V,Fairness Aspect Of Cs,10,0.004432,arXiv:1502.03666v1 cs. IT 12 Feb 2015 1 … §V Fairness Aspect Of Cs
NB-HPN-2136-q0,1,corpus_doc_2136,paper_2136,VI,Methodology,5,0.988005,I/O Performance Characterization of Lust… §VI Methodology
NB-HPN-2136-q0,2,corpus_doc_2136,paper_2136,I,Introduction,1,0.959159,I/O Performance Characterization of Lust… §I Introduction
NB-HPN-2136-q0,3,corpus_doc_0698,paper_0698,2,Background,4,0.956479,This paper is included in the Proceeding… §2 Background
NB-HPN-2136-q0,4,corpus_doc_2136,paper_2136,VI,Methodology,4,0.955147,I/O Performance Characterization of Lust… §VI Methodology
NB-HPN-2136-q0,5,corpus_doc_1312,paper_1312,V,Probabilistic Write Verifica Tion,12,0.951409,Missouri and Technology Missouri and Tec… §V Probabilistic Write Verifica Tion
NB-HPN-2136-q0,6,corpus_doc_2136,paper_2136,IX,Conclusions,12,0.948996,I/O Performance Characterization of Lust… §IX Conclusions
NB-HPN-2136-q0,7,corpus_doc_2136,paper_2136,,Abstract,0,0.946709,I/O Performance Characterization of Lust… §Abstract
NB-HPN-2136-q0,8,corpus_doc_2136,paper_2136,VIII,Results,10,0.942318,I/O Performance Characterization of Lust… §VIII Results
NB-HPN-2136-q0,9,corpus_doc_0820,paper_0820,1,Introduction,2,0.929951,978-1-4244-1694-3/08/$25.00 2008 IEEE Pe… §1 Introduction
NB-HPN-2136-q0,10,corpus_doc_2136,paper_2136,VIII,Results,7,0.885548,I/O Performance Characterization of Lust… §VIII Results
NB-HPN-2136-q0,11,corpus_doc_2136,paper_2136,VIII,Results,9,0.884753,I/O Performance Characterization of Lust… §VIII Results
NB-HPN-2136-q0,12,corpus_doc_1078,paper_1078,1,Performance,18,0.870586,The xDotGrid Native Cross - Platf orm Hi… §1 Performance
NB-HPN-2136-q0,13,corpus_doc_0589,paper_0589,5,Conclusions,5,0.863988,Learning Concave-Convex Pro les of Data … §5 Conclusions
NB-HPN-2136-q0,14,corpus_doc_2136,paper_2136,I,Introduction,2,0.834095,I/O Performance Characterization of Lust… §I Introduction
NB-HPN-2136-q0,15,corpus_doc_1650,paper_1650,3.1,Overview,7,0.783414,HPC Global File System Performance Analy… §3.1 Overview
NB-HPN-2136-q0,16,corpus_doc_1650,paper_1650,3.1,Overview,11,0.759179,HPC Global File System Performance Analy… §3.1 Overview
NB-HPN-2136-q0,17,corpus_doc_2136,paper_2136,VIII,Results,8,0.743431,I/O Performance Characterization of Lust… §VIII Results
NB-HPN-2136-q0,18,corpus_doc_2136,paper_2136,IV,Lustre Performance Metrics,3,0.737636,I/O Performance Characterization of Lust… §IV Lustre Performance Metrics
NB-HPN-2136-q0,19,corpus_doc_0819,paper_0819,6,Experimental,6,0.696444,1 The Globus Striped GridFTP Framework a… §6 Experimental
NB-HPN-2136-q0,20,corpus_doc_0046,paper_0046,III,Performance Ensembles,7,0.643874,Parallel I/O Performance: From Events to… §III Performance Ensembles
NB-HPN-0536-q1,1,corpus_doc_0536,paper_0536,1.0,Introduction,2,0.987091,1 The End-to-End Performance Effects of … §1.0 Introduction
NB-HPN-0536-q1,2,corpus_doc_0536,paper_0536,1.0,Introduction,4,0.960811,1 The End-to-End Performance Effects of … §1.0 Introduction
NB-HPN-0536-q1,3,corpus_doc_1514,paper_1514,61,Performance,0,0.957140,Overcoming the IOTLB wall for multi-100-… §61 Performance
NB-HPN-0536-q1,4,corpus_doc_0246,paper_0246,6,Experimental,6,0.924071,Adaptive Data Block Scheduling or Parall… §6 Experimental
NB-HPN-0536-q1,5,corpus_doc_0765,paper_0765,VI,Methodology,7,0.897027,Improving Throughput and Maintaining Fai… §VI Methodology
NB-HPN-0536-q1,6,corpus_doc_0893,paper_0893,VI,Methodology,5,0.870299,Improving Throughput and Maintaining Fai… §VI Methodology
NB-HPN-0536-q1,7,corpus_doc_0473,paper_0473,1,Introduction,3,0.807838,Modelling Energy Consumption of Network … §1 Introduction
NB-HPN-0536-q1,8,corpus_doc_0047,paper_0047,2.3,Implementation,6,0.801174,UDT: UDP-based data transfer for high-sp… §2.3 Implementation
NB-HPN-0536-q1,9,corpus_doc_2265,paper_2265,II,Socket Buffer Size And Tcp Throughput,3,0.745278,1 Socket Buffer Auto-Sizing for High-Per… §II Socket Buffer Size And Tcp Throughput
NB-HPN-0536-q1,10,corpus_doc_0667,paper_0667,6.3.2,Evaluation,86,0.742102,CERN-THESIS-2017-132 28/04/2017 Software… §6.3.2 Evaluation
NB-HPN-0536-q1,11,corpus_doc_0765,paper_0765,VI,Methodology,9,0.698931,Improving Throughput and Maintaining Fai… §VI Methodology
NB-HPN-0536-q1,12,corpus_doc_0765,paper_0765,VI,Methodology,8,0.683782,Improving Throughput and Maintaining Fai… §VI Methodology
NB-HPN-0536-q1,13,corpus_doc_1427,paper_1427,4.2,Performance,48,0.599900,Memory and Network Interface Virtualizat… §4.2 Performance
NB-HPN-0536-q1,14,corpus_doc_2265,paper_2265,II,Socket Buffer Size And Tcp Throughput,4,0.575615,1 Socket Buffer Auto-Sizing for High-Per… §II Socket Buffer Size And Tcp Throughput
NB-HPN-0536-q1,15,corpus_doc_2265,paper_2265,II,Socket Buffer Size And Tcp Throughput,5,0.520108,1 Socket Buffer Auto-Sizing for High-Per… §II Socket Buffer Size And Tcp Throughput
NB-HPN-0536-q1,16,corpus_doc_0712,paper_0712,V,Testbed,10,0.371128,IEEE/ACM TRANSACTIONS ON NETWOR KING VOL… §V Testbed
NB-HPN-0536-q1,17,corpus_doc_0765,paper_0765,II,Background,2,0.366951,Improving Throughput and Maintaining Fai… §II Background
NB-HPN-0536-q1,18,corpus_doc_0917,paper_0917,6,Performance,2,0.289951,TCP Throughput Profiles Using Measuremen… §6 Performance
NB-HPN-0536-q1,19,corpus_doc_0817,paper_0817,V,Experimental Results,12,0.096251,Parallel TCP Sockets: Simple Model Throu… §V Experimental Results
NB-HPN-0536-q1,20,corpus_doc_2329,paper_2329,3.6,Experimental,5,0.091260,Updating the Theory of Buffer Sizing BRU… §3.6 Experimental
NB-HPN-1616-q1,1,corpus_doc_1680,paper_1680,2,Overview,2,0.948059,A Two-Phase Dynamic Throughput Optimizat… §2 Overview
NB-HPN-1616-q1,2,corpus_doc_1616,paper_1616,III,Proposed Model,3,0.946490,2017 IEEE International Conference on Bi… §III Proposed Model
NB-HPN-1616-q1,3,corpus_doc_1654,paper_1654,III,Proposedmodel,3,0.939162,Big Data Transfer Optimization Based on … §III Proposedmodel
NB-HPN-1616-q1,4,corpus_doc_1616,paper_1616,III,Proposed Model,4,0.887273,2017 IEEE International Conference on Bi… §III Proposed Model
NB-HPN-1616-q1,5,corpus_doc_1654,paper_1654,III,Proposedmodel,4,0.864818,Big Data Transfer Optimization Based on … §III Proposedmodel
NB-HPN-1616-q1,6,corpus_doc_1680,paper_1680,2,Overview,1,0.797993,A Two-Phase Dynamic Throughput Optimizat… §2 Overview
NB-HPN-1616-q1,7,corpus_doc_0858,paper_0858,1980,Introduction,111,0.781731,Sample page from NUMERICAL RECIPES IN C:… §1980 Introduction
NB-HPN-1616-q1,8,corpus_doc_0858,paper_0858,13.0,Introduction,467,0.576821,Sample page from NUMERICAL RECIPES IN C:… §13.0 Introduction
NB-HPN-1616-q1,9,corpus_doc_0917,paper_0917,2,Performance,6,0.486245,TCP Throughput Profiles Using Measuremen… §2 Performance
NB-HPN-1616-q1,10,corpus_doc_0858,paper_0858,1.1,Introduction,18,0.385677,Sample page from NUMERICAL RECIPES IN C:… §1.1 Introduction
NB-HPN-1616-q1,11,corpus_doc_0858,paper_0858,1966,Analysis,121,0.321774,Sample page from NUMERICAL RECIPES IN C:… §1966 Analysis
NB-HPN-1616-q1,12,corpus_doc_0917,paper_0917,2,Performance,7,0.252637,TCP Throughput Profiles Using Measuremen… §2 Performance
NB-HPN-1616-q1,13,corpus_doc_0917,paper_0917,2,Performance,5,0.115882,TCP Throughput Profiles Using Measuremen… §2 Performance
NB-HPN-1616-q1,14,corpus_doc_0858,paper_0858,1.1,Introduction,19,0.109924,Sample page from NUMERICAL RECIPES IN C:… §1.1 Introduction
NB-HPN-1616-q1,15,corpus_doc_0436,paper_0436,IV,Most Preferred Protocols,11,0.108332,arXiv:0906.0531v2 cs. NI 8 Jan 2010 1 Me… §IV Most Preferred Protocols
NB-HPN-1616-q1,16,corpus_doc_1520,paper_1520,,,5,0.084417,The Case for Model-Driven Interpretabili… §
NB-HPN-1616-q1,17,corpus_doc_0602,paper_0602,,,10,0.028342,This article has been accepted for publi… §
NB-HPN-1616-q1,18,corpus_doc_0589,paper_0589,5,Conclusions,4,0.019214,Learning Concave-Convex Pro les of Data … §5 Conclusions
NB-HPN-1616-q1,19,corpus_doc_1852,paper_1852,4.1.2,Results,12,0.010413,UNIVERSIDADE FEDERAL DO RIO GRANDE DO SU… §4.1.2 Results
NB-HPN-1616-q1,20,corpus_doc_1628,paper_1628,,,5,0.002387,HAL Id: hal-00997214 Submitted on 28 May… §
NB-HPN-2050-q3,1,corpus_doc_2050,paper_2050,1,Introduction,1,0.982782,Uno: A One-Stop Solution for Inter- and … §1 Introduction
NB-HPN-2050-q3,2,corpus_doc_2050,paper_2050,1,Introduction,2,0.976005,Uno: A One-Stop Solution for Inter- and … §1 Introduction
NB-HPN-2050-q3,3,corpus_doc_2050,paper_2050,1,Introduction,3,0.967422,Uno: A One-Stop Solution for Inter- and … §1 Introduction
NB-HPN-2050-q3,4,corpus_doc_2050,paper_2050,1,Introduction,4,0.962788,Uno: A One-Stop Solution for Inter- and … §1 Introduction
NB-HPN-2050-q3,5,corpus_doc_2050,paper_2050,5,Performance,8,0.961455,Uno: A One-Stop Solution for Inter- and … §5 Performance
NB-HPN-2050-q3,6,corpus_doc_0484,paper_0484,3.4.1,Implementation,19,0.920948,CONGESTION CONTROL MECHANISMS FOR INTER-… §3.4.1 Implementation
NB-HPN-2050-q3,7,corpus_doc_0484,paper_0484,3.1,Background,9,0.918508,CONGESTION CONTROL MECHANISMS FOR INTER-… §3.1 Background
NB-HPN-2050-q3,8,corpus_doc_2050,paper_2050,5,Performance,9,0.916521,Uno: A One-Stop Solution for Inter- and … §5 Performance
NB-HPN-2050-q3,9,corpus_doc_0441,paper_0441,VI,Evaluation,11,0.903269,Bifrost: Extending RoCE for Long Distanc… §VI Evaluation
NB-HPN-2050-q3,10,corpus_doc_0484,paper_0484,3.4.1,Implementation,20,0.898222,CONGESTION CONTROL MECHANISMS FOR INTER-… §3.4.1 Implementation
NB-HPN-2050-q3,11,corpus_doc_0484,paper_0484,3.1,Background,10,0.892744,CONGESTION CONTROL MECHANISMS FOR INTER-… §3.1 Background
NB-HPN-2050-q3,12,corpus_doc_1903,paper_1903,IV,Convergence And Stability Analysis,9,0.840828,1 Alleviating Congestion via Switch Desi… §IV Convergence And Stability Analysis
NB-HPN-2050-q3,13,corpus_doc_1422,paper_1422,3,Evaluation,5,0.767805,ExpressPass: End-to-End Credit-based Con… §3 Evaluation
NB-HPN-2050-q3,14,corpus_doc_0484,paper_0484,3.6,Related Work,24,0.711025,CONGESTION CONTROL MECHANISMS FOR INTER-… §3.6 Related Work
NB-HPN-2050-q3,15,corpus_doc_0484,paper_0484,77,References,1,0.630148,CONGESTION CONTROL MECHANISMS FOR INTER-… §77 References
NB-HPN-2050-q3,16,corpus_doc_1311,paper_1311,III,Motivating Experiments,3,0.556132,Received February 2 2019 accepted March … §III Motivating Experiments
NB-HPN-2050-q3,17,corpus_doc_0484,paper_0484,4.2,Performance,4,0.526752,CONGESTION CONTROL MECHANISMS FOR INTER-… §4.2 Performance
NB-HPN-2050-q3,18,corpus_doc_1054,paper_1054,1,Introduction,1,0.459347,SFC: Near-Source Congestion Signaling an… §1 Introduction
NB-HPN-2050-q3,19,corpus_doc_0484,paper_0484,4.1,Background,28,0.427099,CONGESTION CONTROL MECHANISMS FOR INTER-… §4.1 Background
NB-HPN-2050-q3,20,corpus_doc_1801,paper_1801,2,Appendix,8,0.165851,POWER TCP: Pushing the Performance Limit… §2 Appendix
NB-HPN-2024-q3,1,corpus_doc_2024,paper_2024,9,References,4,0.981015,DOE Network 2025: Network Research Probl… §9 References
NB-HPN-2024-q3,2,corpus_doc_2024,paper_2024,3,Design,10,0.946898,DOE Network 2025: Network Research Probl… §3 Design
NB-HPN-2024-q3,3,corpus_doc_2024,paper_2024,3,Design,14,0.929854,DOE Network 2025: Network Research Probl… §3 Design
NB-HPN-2024-q3,4,corpus_doc_2024,paper_2024,9,References,3,0.928595,DOE Network 2025: Network Research Probl… §9 References
NB-HPN-2024-q3,5,corpus_doc_2024,paper_2024,9,References,5,0.928372,DOE Network 2025: Network Research Probl… §9 References
NB-HPN-2024-q3,6,corpus_doc_2024,paper_2024,9,References,2,0.864394,DOE Network 2025: Network Research Probl… §9 References
NB-HPN-2024-q3,7,corpus_doc_2280,paper_2280,1,Introduction,0,0.781103,Preprint April 7 2026 This is a preprint… §1 Introduction
NB-HPN-2024-q3,8,corpus_doc_2024,paper_2024,3,Design,9,0.749010,DOE Network 2025: Network Research Probl… §3 Design
NB-HPN-2024-q3,9,corpus_doc_2024,paper_2024,3,System,17,0.733838,DOE Network 2025: Network Research Probl… §3 System
NB-HPN-2024-q3,10,corpus_doc_2024,paper_2024,3,System,19,0.688369,DOE Network 2025: Network Research Probl… §3 System
NB-HPN-2024-q3,11,corpus_doc_2024,paper_2024,9,References,6,0.406015,DOE Network 2025: Network Research Probl… §9 References
NB-HPN-2024-q3,12,corpus_doc_0923,paper_0923,I,Introduction,1,0.396328,Experimental Analysis of File Transfer R… §I Introduction
NB-HPN-2024-q3,13,corpus_doc_0698,paper_0698,1,Introduction,1,0.376560,This paper is included in the Proceeding… §1 Introduction
NB-HPN-2024-q3,14,corpus_doc_1436,paper_1436,I,Introduction,1,0.283222,A Highly-Accurate and Low-Overhead Predi… §I Introduction
NB-HPN-2024-q3,15,corpus_doc_2024,paper_2024,3,Design,11,0.264142,DOE Network 2025: Network Research Probl… §3 Design
NB-HPN-2024-q3,16,corpus_doc_0586,paper_0586,,Abstract,0,0.210900,2280 IEEE/ACM TRANSACTIONS ON NETWORKING… §Abstract
NB-HPN-2024-q3,17,corpus_doc_1814,paper_1814,I,Introduction,1,0.158079,Data Transfer Advisor with Transport Pro… §I Introduction
NB-HPN-2024-q3,18,corpus_doc_2115,paper_2115,I,Introduction,1,0.078688,Improving Data Transfer Throughput with … §I Introduction
NB-HPN-2024-q3,19,corpus_doc_0724,paper_0724,I,Introduction,1,0.072191,Improving Data Transfer Throughput with … §I Introduction
NB-HPN-2024-q3,20,corpus_doc_2280,paper_2280,1,Introduction,1,0.010447,Preprint April 7 2026 This is a preprint… §1 Introduction
NB-HPN-1047-q3,1,corpus_doc_0406,paper_0406,,Abstract,0,0.972879,See discussions stats and author profile… §Abstract
NB-HPN-1047-q3,2,corpus_doc_0763,paper_0763,2,Background,11,0.955389,NAIST-IS-DD1561026 Doctoral Dissertation… §2 Background
NB-HPN-1047-q3,3,corpus_doc_0915,paper_0915,1,Introduction,1,0.939064,DotDFS: A Grid - based high - throughput… §1 Introduction
NB-HPN-1047-q3,4,corpus_doc_1047,paper_1047,,Abstract,0,0.934423,See discussions stats and author profile… §Abstract
NB-HPN-1047-q3,5,corpus_doc_0916,paper_0916,,Abstract,0,0.934423,Globus GridFTP: What s New in 2007 Invit… §Abstract
NB-HPN-1047-q3,6,corpus_doc_0819,paper_0819,2,Related Work,3,0.933680,1 The Globus Striped GridFTP Framework a… §2 Related Work
NB-HPN-1047-q3,7,corpus_doc_2342,paper_2342,2,Background,3,0.903810,Journal Pre-proof Moving small files in … §2 Background
NB-HPN-1047-q3,8,corpus_doc_0406,paper_0406,5.2,Experimental,3,0.885896,See discussions stats and author profile… §5.2 Experimental
NB-HPN-1047-q3,9,corpus_doc_0763,paper_0763,8,Conclusion,30,0.885722,NAIST-IS-DD1561026 Doctoral Dissertation… §8 Conclusion
NB-HPN-1047-q3,10,corpus_doc_0819,paper_0819,1,Introduction,1,0.880914,1 The Globus Striped GridFTP Framework a… §1 Introduction
NB-HPN-1047-q3,11,corpus_doc_2342,paper_2342,4.3,Performance,8,0.868756,Journal Pre-proof Moving small files in … §4.3 Performance
NB-HPN-1047-q3,12,corpus_doc_0519,paper_0519,,Abstract,0,0.861563,TERAGRID 2007 CONFERENCE MADISON WI 1 Gr… §Abstract
NB-HPN-1047-q3,13,corpus_doc_0819,paper_0819,7,Discussion,8,0.838672,1 The Globus Striped GridFTP Framework a… §7 Discussion
NB-HPN-1047-q3,14,corpus_doc_0978,paper_0978,1,Introduction,1,0.768692,UDT as an Alternative Transport Protocol… §1 Introduction
NB-HPN-1047-q3,15,corpus_doc_1163,paper_1163,II,Background And Motivation,3,0.766128,Modeling and Optimizing Large-Scale Wide… §II Background And Motivation
NB-HPN-1047-q3,16,corpus_doc_1211,paper_1211,II,Background And Motivation,3,0.766128,Modeling and Optimizing Large-Scale Wide… §II Background And Motivation
NB-HPN-1047-q3,17,corpus_doc_0763,paper_0763,3.1,Approach,15,0.687416,NAIST-IS-DD1561026 Doctoral Dissertation… §3.1 Approach
NB-HPN-1047-q3,18,corpus_doc_1080,paper_1080,,Abstract,0,0.554969,How GridFTP Pipelining Parallelism and C… §Abstract
NB-HPN-1047-q3,19,corpus_doc_2156,paper_2156,2.2,Motivation,10,0.548554,GWD-R Recommendation W. Allcock Editor A… §2.2 Motivation
NB-HPN-1047-q3,20,corpus_doc_2156,paper_2156,2.1,Background,3,0.482756,GWD-R Recommendation W. Allcock Editor A… §2.1 Background
NB-HPN-1629-q1,1,corpus_doc_1629,paper_1629,I,Introduction T Cp,1,0.996219,1460 IEEE TRANSACTIONS ON SIGNAL PROCESS… §I Introduction T Cp
NB-HPN-1629-q1,2,corpus_doc_1629,paper_1629,VI,Conclusion,8,0.984115,1460 IEEE TRANSACTIONS ON SIGNAL PROCESS… §VI Conclusion
NB-HPN-1629-q1,3,corpus_doc_1629,paper_1629,I,Introduction T Cp,2,0.983349,1460 IEEE TRANSACTIONS ON SIGNAL PROCESS… §I Introduction T Cp
NB-HPN-1629-q1,4,corpus_doc_1629,paper_1629,,Abstract,0,0.977900,1460 IEEE TRANSACTIONS ON SIGNAL PROCESS… §Abstract
NB-HPN-1629-q1,5,corpus_doc_1629,paper_1629,I,Introduction T Cp,3,0.971903,1460 IEEE TRANSACTIONS ON SIGNAL PROCESS… §I Introduction T Cp
NB-HPN-1629-q1,6,corpus_doc_1629,paper_1629,V,Simula Tions,7,0.968011,1460 IEEE TRANSACTIONS ON SIGNAL PROCESS… §V Simula Tions
NB-HPN-1629-q1,7,corpus_doc_1958,paper_1958,4.1,Evaluation,9,0.890210,MLTCP: Congestion Control for DNN Traini… §4.1 Evaluation
NB-HPN-1629-q1,8,corpus_doc_0852,paper_0852,2,Related Work,2,0.861068,TSINGHUA SCIENCE AND TECHNOLOGY IS SN ll… §2 Related Work
NB-HPN-1629-q1,9,corpus_doc_0574,paper_0574,VI,Related Work,14,0.799372,1 Improved Utility-based Congestion Cont… §VI Related Work
NB-HPN-1629-q1,10,corpus_doc_1559,paper_1559,V,Transport Layer,15,0.764681,Received February 16 2021 accepted March… §V Transport Layer
NB-HPN-1629-q1,11,corpus_doc_0574,paper_0574,I,Introduction N Ow Adays,1,0.745030,1 Improved Utility-based Congestion Cont… §I Introduction N Ow Adays
NB-HPN-1629-q1,12,corpus_doc_0574,paper_0574,I,Paramers Setting Summary,12,0.740363,1 Improved Utility-based Congestion Cont… §I Paramers Setting Summary
NB-HPN-1629-q1,13,corpus_doc_1261,paper_1261,II,Related Works,2,0.721685,Received April 6 2019 accepted May 8 201… §II Related Works
NB-HPN-1629-q1,14,corpus_doc_0574,paper_0574,I,Introduction N Ow Adays,4,0.636665,1 Improved Utility-based Congestion Cont… §I Introduction N Ow Adays
NB-HPN-1629-q1,15,corpus_doc_0574,paper_0574,VII,Conclusion,16,0.520424,1 Improved Utility-based Congestion Cont… §VII Conclusion
NB-HPN-1629-q1,16,corpus_doc_0852,paper_0852,5.2,Results,8,0.439293,TSINGHUA SCIENCE AND TECHNOLOGY IS SN ll… §5.2 Results
NB-HPN-1629-q1,17,corpus_doc_0574,paper_0574,,Abstract,0,0.402664,1 Improved Utility-based Congestion Cont… §Abstract
NB-HPN-1629-q1,18,corpus_doc_0615,paper_0615,I,Introduction,1,0.203575,Received January 8 2021 accepted Februar… §I Introduction
NB-HPN-1629-q1,19,corpus_doc_1982,paper_1982,6,Discussion,14,0.190224,CENTRALIZED CONGESTION CONTROL AND SCHED… §6 Discussion
NB-HPN-1629-q1,20,corpus_doc_1877,paper_1877,,,3,0.051861,In Proceedings of TriComm '91 Delay Jitt… §
NB-HPN-1135-q0,1,corpus_doc_1135,paper_1135,,Abstract,0,0.944004,Investigation Of Leading HPC I/O Perform… §Abstract
NB-HPN-1135-q0,2,corpus_doc_1650,paper_1650,1,Introduction,1,0.924252,HPC Global File System Performance Analy… §1 Introduction
NB-HPN-1135-q0,3,corpus_doc_1303,paper_1303,I,Introduction,1,0.913291,Understanding and Improving Computationa… §I Introduction
NB-HPN-1135-q0,4,corpus_doc_1650,paper_1650,2.4,Related Work,5,0.905667,HPC Global File System Performance Analy… §2.4 Related Work
NB-HPN-1135-q0,5,corpus_doc_0142,paper_0142,2,Related Work,2,0.886951,Asking the Right Questions: Benchmarking… §2 Related Work
NB-HPN-1135-q0,6,corpus_doc_1135,paper_1135,2.3,Related Work,1,0.877581,Investigation Of Leading HPC I/O Perform… §2.3 Related Work
NB-HPN-1135-q0,7,corpus_doc_1493,paper_1493,9,Overview,10,0.815101,The ExaNeSt Prototype: Evaluation of Eff… §9 Overview
NB-HPN-1135-q0,8,corpus_doc_1135,paper_1135,3.1,Overview,19,0.796123,Investigation Of Leading HPC I/O Perform… §3.1 Overview
NB-HPN-1135-q0,9,corpus_doc_2136,paper_2136,I,Introduction,1,0.795492,I/O Performance Characterization of Lust… §I Introduction
NB-HPN-1135-q0,10,corpus_doc_0153,paper_0153,4,Evaluation,12,0.788565,TYPE Original Research PUBLISHED 17 Sept… §4 Evaluation
NB-HPN-1135-q0,11,corpus_doc_1650,paper_1650,1,Introduction,3,0.724920,HPC Global File System Performance Analy… §1 Introduction
NB-HPN-1135-q0,12,corpus_doc_0153,paper_0153,1,Introduction,0,0.723022,TYPE Original Research PUBLISHED 17 Sept… §1 Introduction
NB-HPN-1135-q0,13,corpus_doc_1694,paper_1694,1,Introduction,1,0.716697,A Comparative Analysis of DAOS for Simul… §1 Introduction
NB-HPN-1135-q0,14,corpus_doc_0046,paper_0046,III,Performance Ensembles,3,0.652540,Parallel I/O Performance: From Events to… §III Performance Ensembles
NB-HPN-1135-q0,15,corpus_doc_1650,paper_1650,,Abstract,0,0.616329,HPC Global File System Performance Analy… §Abstract
NB-HPN-1135-q0,16,corpus_doc_0973,paper_0973,2,Overview,1,0.535550,Enterprise applications cloud rightsizin… §2 Overview
NB-HPN-1135-q0,17,corpus_doc_2060,paper_2060,3.1,Experimental,23,0.424808,Performance-aware Energy Optimizations i… §3.1 Experimental
NB-HPN-1135-q0,18,corpus_doc_1303,paper_1303,VI,Application Tuning Case Study,14,0.223753,Understanding and Improving Computationa… §VI Application Tuning Case Study
NB-HPN-1135-q0,19,corpus_doc_0973,paper_0973,2,Overview,2,0.081039,Enterprise applications cloud rightsizin… §2 Overview
NB-HPN-1135-q0,20,corpus_doc_1226,paper_1226,5.1,Experimental,8,0.072302,. . Latest updates: h ps://dl.acm.org/do… §5.1 Experimental
NB-HPN-0046-q0,1,corpus_doc_0046,paper_0046,I,Introduction,1,0.975233,Parallel I/O Performance: From Events to… §I Introduction
NB-HPN-0046-q0,2,corpus_doc_0046,paper_0046,,Abstract,0,0.944915,Parallel I/O Performance: From Events to… §Abstract
NB-HPN-0046-q0,3,corpus_doc_0046,paper_0046,VI,Conclusions,9,0.927424,Parallel I/O Performance: From Events to… §VI Conclusions
NB-HPN-0046-q0,4,corpus_doc_0046,paper_0046,III,Performance Ensembles,4,0.887225,Parallel I/O Performance: From Events to… §III Performance Ensembles
NB-HPN-0046-q0,5,corpus_doc_0046,paper_0046,III,Performance Ensembles,3,0.667693,Parallel I/O Performance: From Events to… §III Performance Ensembles
NB-HPN-0046-q0,6,corpus_doc_0348,paper_0348,,Abstract,0,0.413381,Understanding the Causes of Performance … §Abstract
NB-HPN-0046-q0,7,corpus_doc_1053,paper_1053,I,Introduction,1,0.388674,Effective Performance Measurement at Pet… §I Introduction
NB-HPN-0046-q0,8,corpus_doc_1053,paper_1053,I,Introduction,3,0.353936,Effective Performance Measurement at Pet… §I Introduction
NB-HPN-0046-q0,9,corpus_doc_1931,paper_1931,211,Conclusions,127,0.182726,Dynamic Tuning of Parallel/Distributed A… §211 Conclusions
NB-HPN-0046-q0,10,corpus_doc_0046,paper_0046,III,Performance Ensembles,5,0.158610,Parallel I/O Performance: From Events to… §III Performance Ensembles
NB-HPN-0046-q0,11,corpus_doc_1303,paper_1303,I,Introduction,1,0.134920,Understanding and Improving Computationa… §I Introduction
NB-HPN-0046-q0,12,corpus_doc_0155,paper_0155,I,Introduction,1,0.110803,Collective I/O tuning using analytical a… §I Introduction
NB-HPN-0046-q0,13,corpus_doc_1931,paper_1931,3.1,Overview,23,0.103889,Dynamic Tuning of Parallel/Distributed A… §3.1 Overview
NB-HPN-0046-q0,14,corpus_doc_0046,paper_0046,III,Performance Ensembles,6,0.095321,Parallel I/O Performance: From Events to… §III Performance Ensembles
NB-HPN-0046-q0,15,corpus_doc_1931,paper_1931,3.1,Overview,24,0.069776,Dynamic Tuning of Parallel/Distributed A… §3.1 Overview
NB-HPN-0046-q0,16,corpus_doc_0713,paper_0713,4.7,Performance,18,0.050915,Self-Awareness of Cloud Applications Ale… §4.7 Performance
NB-HPN-0046-q0,17,corpus_doc_0046,paper_0046,III,Performance Ensembles,8,0.046502,Parallel I/O Performance: From Events to… §III Performance Ensembles
NB-HPN-0046-q0,18,corpus_doc_0046,paper_0046,III,Performance Ensembles,7,0.045645,Parallel I/O Performance: From Events to… §III Performance Ensembles
NB-HPN-0046-q0,19,corpus_doc_0046,paper_0046,VII,Acknowledgments,10,0.003490,Parallel I/O Performance: From Events to… §VII Acknowledgments
NB-HPN-0046-q0,20,corpus_doc_0934,paper_0934,8,Discussion,15,0.003198,Vol:. 1234567890 The Journal of Supercom… §8 Discussion
NB-HPN-0320-q0,1,corpus_doc_0320,paper_0320,,Abstract,0,0.987182,Throughput-Optimal Load Balancing for In… §Abstract
NB-HPN-0320-q0,2,corpus_doc_0320,paper_0320,I,Introduction,1,0.970547,Throughput-Optimal Load Balancing for In… §I Introduction
NB-HPN-0320-q0,3,corpus_doc_0320,paper_0320,VI,Conclusion,11,0.933985,Throughput-Optimal Load Balancing for In… §VI Conclusion
NB-HPN-0320-q0,4,corpus_doc_0711,paper_0711,,,1,0.928336,International Journal of Electrical and … §
NB-HPN-0320-q0,5,corpus_doc_0320,paper_0320,I,Introduction,2,0.923340,Throughput-Optimal Load Balancing for In… §I Introduction
NB-HPN-0320-q0,6,corpus_doc_1559,paper_1559,IV,Network Layer,8,0.831909,Received February 16 2021 accepted March… §IV Network Layer
NB-HPN-0320-q0,7,corpus_doc_0065,paper_0065,,Abstract,0,0.821429,Received 6 January 2025 accepted 16 Apri… §Abstract
NB-HPN-0320-q0,8,corpus_doc_1704,paper_1704,3.2,Related Work,12,0.813128,i SDN-ENABLED DATA OFFLOADING AND LOAD B… §3.2 Related Work
NB-HPN-0320-q0,9,corpus_doc_0667,paper_0667,6.2,Architecture,23,0.778078,CERN-THESIS-2017-132 28/04/2017 Software… §6.2 Architecture
NB-HPN-0320-q0,10,corpus_doc_1704,paper_1704,2.3.2,Architecture,9,0.715120,i SDN-ENABLED DATA OFFLOADING AND LOAD B… §2.3.2 Architecture
NB-HPN-0320-q0,11,corpus_doc_1704,paper_1704,,Abstract,0,0.661858,i SDN-ENABLED DATA OFFLOADING AND LOAD B… §Abstract
NB-HPN-0320-q0,12,corpus_doc_1756,paper_1756,1.1,Motivation,2,0.592591,International Journal of Computer Networ… §1.1 Motivation
NB-HPN-0320-q0,13,corpus_doc_1035,paper_1035,VI,Results And Discussions,15,0.547897,arXiv:1512.07966v1 cs. SI 25 Dec 2015 Th… §VI Results And Discussions
NB-HPN-0320-q0,14,corpus_doc_1538,paper_1538,1.2,Motivation,16,0.518024,Titre: Title: Reconfigurable Programming… §1.2 Motivation
NB-HPN-0320-q0,15,corpus_doc_0320,paper_0320,II,System Model And Design,7,0.499978,Throughput-Optimal Load Balancing for In… §II System Model And Design
NB-HPN-0320-q0,16,corpus_doc_0711,paper_0711,,Abstract,0,0.374398,International Journal of Electrical and … §Abstract
NB-HPN-0320-q0,17,corpus_doc_1455,paper_1455,,Abstract,0,0.271489,. . Latest updates: h ps://dl.acm.org/do… §Abstract
NB-HPN-0320-q0,18,corpus_doc_1035,paper_1035,VI,Results And Discussions,16,0.188006,arXiv:1512.07966v1 cs. SI 25 Dec 2015 Th… §VI Results And Discussions
NB-HPN-0320-q0,19,corpus_doc_1035,paper_1035,VI,Results And Discussions,18,0.150477,arXiv:1512.07966v1 cs. SI 25 Dec 2015 Th… §VI Results And Discussions
NB-HPN-0320-q0,20,corpus_doc_1387,paper_1387,VI,Conclusion,11,0.037308,Creative Commons Attribution-NonCommerci… §VI Conclusion
NB-HPN-1446-q0,1,corpus_doc_1835,paper_1835,I,Introduction,1,0.991719,Received November 22 2021 accepted Janua… §I Introduction
NB-HPN-1446-q0,2,corpus_doc_1446,paper_1446,I,Introduction,1,0.980179,HAL Id: hal-04632942 Submitted on 3 Jul … §I Introduction
NB-HPN-1446-q0,3,corpus_doc_1380,paper_1380,4,Performance,4,0.847639,Improving dynamic congestion isolation i… §4 Performance
NB-HPN-1446-q0,4,corpus_doc_1903,paper_1903,I,Introduction,1,0.788304,1 Alleviating Congestion via Switch Desi… §I Introduction
NB-HPN-1446-q0,5,corpus_doc_1619,paper_1619,1,Introduction,4,0.786194,. . Latest updates: h ps://dl.acm.org/do… §1 Introduction
NB-HPN-1446-q0,6,corpus_doc_0306,paper_0306,1,Introduction,2,0.740850,This work is licensed under a Creative C… §1 Introduction
NB-HPN-1446-q0,7,corpus_doc_1402,paper_1402,2,Background,2,0.700542,Journal of Information Systems Engineeri… §2 Background
NB-HPN-1446-q0,8,corpus_doc_1619,paper_1619,1,Introduction,5,0.640129,. . Latest updates: h ps://dl.acm.org/do… §1 Introduction
NB-HPN-1446-q0,9,corpus_doc_0591,paper_0591,1,Introduction,1,0.563622,Copyright 2024 The Authors. Published by… §1 Introduction
NB-HPN-1446-q0,10,corpus_doc_0550,paper_0550,,,7,0.548843,Revolutionizing Datacenter Networks via … §
NB-HPN-1446-q0,11,corpus_doc_1239,paper_1239,,,1,0.480002,Re-architecting datacenter networks and … §
NB-HPN-1446-q0,12,corpus_doc_0836,paper_0836,,Abstract,0,0.382460,. . Latest updates: h ps://dl.acm.org/do… §Abstract
NB-HPN-1446-q0,13,corpus_doc_1982,paper_1982,1.1,Related Work,3,0.358852,CENTRALIZED CONGESTION CONTROL AND SCHED… §1.1 Related Work
NB-HPN-1446-q0,14,corpus_doc_1612,paper_1612,7,Overview,5,0.355110,International Journal of Computer Networ… §7 Overview
NB-HPN-1446-q0,15,corpus_doc_1153,paper_1153,I,Introduction,1,0.303949,1 Integrated Topology and Traffic Engine… §I Introduction
NB-HPN-1446-q0,16,corpus_doc_0369,paper_0369,2,Motivation,3,0.251002,This paper is included in the Proceeding… §2 Motivation
NB-HPN-1446-q0,17,corpus_doc_1982,paper_1982,1,Introduction,0,0.152862,CENTRALIZED CONGESTION CONTROL AND SCHED… §1 Introduction
NB-HPN-1446-q0,18,corpus_doc_1903,paper_1903,,Abstract,0,0.104716,1 Alleviating Congestion via Switch Desi… §Abstract
NB-HPN-1446-q0,19,corpus_doc_0539,paper_0539,2,Background,2,0.055661,Flexible Network Bandwidth and Latency P… §2 Background
NB-HPN-1446-q0,20,corpus_doc_1106,paper_1106,IV,Threat Model,6,0.012766,5G-Muffler: Covert DoS Attacks over Open… §IV Threat Model
NB-HPN-1059-q0,1,corpus_doc_1059,paper_1059,,,1,0.988314,Implementing packet trimming support in … §
NB-HPN-1059-q0,2,corpus_doc_1059,paper_1059,,Abstract,0,0.928671,Implementing packet trimming support in … §Abstract
NB-HPN-1059-q0,3,corpus_doc_1059,paper_1059,,,2,0.910175,Implementing packet trimming support in … §
NB-HPN-1059-q0,4,corpus_doc_1059,paper_1059,,,9,0.880367,Implementing packet trimming support in … §
NB-HPN-1059-q0,5,corpus_doc_1059,paper_1059,,,10,0.805248,Implementing packet trimming support in … §
NB-HPN-1059-q0,6,corpus_doc_1059,paper_1059,,,3,0.803008,Implementing packet trimming support in … §
NB-HPN-1059-q0,7,corpus_doc_1059,paper_1059,,,5,0.740356,Implementing packet trimming support in … §
NB-HPN-1059-q0,8,corpus_doc_1059,paper_1059,,,8,0.739589,Implementing packet trimming support in … §
NB-HPN-1059-q0,9,corpus_doc_1059,paper_1059,,,11,0.738031,Implementing packet trimming support in … §
NB-HPN-1059-q0,10,corpus_doc_1751,paper_1751,1,Introduction,1,0.708578,DESiRED - Dynamic Enhanced and Smart iRE… §1 Introduction
NB-HPN-1059-q0,11,corpus_doc_1059,paper_1059,,,4,0.707493,Implementing packet trimming support in … §
NB-HPN-1059-q0,12,corpus_doc_0390,paper_0390,2,Related Work,3,0.687401,Evaluating L4S Framework Performance wit… §2 Related Work
NB-HPN-1059-q0,13,corpus_doc_1059,paper_1059,,,12,0.683749,Implementing packet trimming support in … §
NB-HPN-1059-q0,14,corpus_doc_1231,paper_1231,4,Evaluation,4,0.681664,iRED: A disaggregated P4-AQM fully imple… §4 Evaluation
NB-HPN-1059-q0,15,corpus_doc_1059,paper_1059,,,6,0.600108,Implementing packet trimming support in … §
NB-HPN-1059-q0,16,corpus_doc_1239,paper_1239,,,8,0.533535,Re-architecting datacenter networks and … §
NB-HPN-1059-q0,17,corpus_doc_1701,paper_1701,II,Related Surveys,5,0.223019,Received May 14 2021 accepted May 27 202… §II Related Surveys
NB-HPN-1059-q0,18,corpus_doc_0715,paper_0715,1,Introduction,1,0.124791,P4NIPS: P4 Network Intrusion Prevention … §1 Introduction
NB-HPN-1059-q0,19,corpus_doc_0201,paper_0201,1,Introduction,0,0.110151,. . Latest updates: h ps://dl.acm.org/do… §1 Introduction
NB-HPN-1059-q0,20,corpus_doc_2335,paper_2335,,Abstract,0,0.034170,AVERTISSEMENT Ce document est le fruit d… §Abstract
NB-HPN-2201-q0,1,corpus_doc_2201,paper_2201,1,Introduction,2,0.986190,HAL Id: hal-04000723 Submitted on 22 Feb… §1 Introduction
NB-HPN-2201-q0,2,corpus_doc_2201,paper_2201,1,Introduction,1,0.973815,HAL Id: hal-04000723 Submitted on 22 Feb… §1 Introduction
NB-HPN-2201-q0,3,corpus_doc_2201,paper_2201,,Abstract,0,0.967893,HAL Id: hal-04000723 Submitted on 22 Feb… §Abstract
NB-HPN-2201-q0,4,corpus_doc_2201,paper_2201,1,Introduction,3,0.966046,HAL Id: hal-04000723 Submitted on 22 Feb… §1 Introduction
NB-HPN-2201-q0,5,corpus_doc_0949,paper_0949,V,Te Solutions Leveraging Rl,28,0.891777,HAL Id: hal-05398965 Submitted on 4 Dec … §V Te Solutions Leveraging Rl
NB-HPN-2201-q0,6,corpus_doc_1516,paper_1516,II,Related Works,2,0.846985,XLIII BRAZILIAN SYMPOSIUM ON TELECOMMUNI… §II Related Works
NB-HPN-2201-q0,7,corpus_doc_0035,paper_0035,I,Introduction,1,0.819745,IEEE/ACM TRANSACTIONS ON NETWORKING VOL.… §I Introduction
NB-HPN-2201-q0,8,corpus_doc_0360,paper_0360,I,Introduction Network,1,0.780044,IEEE/ACM TRANSACTIONS ON NETW ORKING VOL… §I Introduction Network
NB-HPN-2201-q0,9,corpus_doc_1881,paper_1881,IV,Programmable Traffic Management,4,0.661123,2021 IEEE. Personal use of this material… §IV Programmable Traffic Management
NB-HPN-2201-q0,10,corpus_doc_1730,paper_1730,1,Introduction,1,0.524467,Journal of Network and Systems Managemen… §1 Introduction
NB-HPN-2201-q0,11,corpus_doc_2201,paper_2201,7,Conclusions,19,0.373402,HAL Id: hal-04000723 Submitted on 22 Feb… §7 Conclusions
NB-HPN-2201-q0,12,corpus_doc_1265,paper_1265,5,Evaluation,13,0.329634,FlexTOE: Flexible TCP Offload with Fine-… §5 Evaluation
NB-HPN-2201-q0,13,corpus_doc_1265,paper_1265,2,Performance,14,0.205332,FlexTOE: Flexible TCP Offload with Fine-… §2 Performance
NB-HPN-2201-q0,14,corpus_doc_1786,paper_1786,1,Introduction,1,0.126546,Isolation Mechanisms for High-Speed Pack… §1 Introduction
NB-HPN-2201-q0,15,corpus_doc_0360,paper_0360,,Abstract,0,0.108091,IEEE/ACM TRANSACTIONS ON NETW ORKING VOL… §Abstract
NB-HPN-2201-q0,16,corpus_doc_0136,paper_0136,2,Performance,3,0.047303,. . Latest updates: h ps://dl.acm.org/do… §2 Performance
NB-HPN-2201-q0,17,corpus_doc_1786,paper_1786,1,Introduction,2,0.036527,Isolation Mechanisms for High-Speed Pack… §1 Introduction
NB-HPN-2201-q0,18,corpus_doc_1265,paper_1265,1,Introduction,1,0.032833,FlexTOE: Flexible TCP Offload with Fine-… §1 Introduction
NB-HPN-2201-q0,19,corpus_doc_1265,paper_1265,,Abstract,0,0.000483,FlexTOE: Flexible TCP Offload with Fine-… §Abstract
NB-HPN-2201-q0,20,corpus_doc_1265,paper_1265,6,Conclusion,18,0.000212,FlexTOE: Flexible TCP Offload with Fine-… §6 Conclusion
NB-HPN-1147-q0,1,corpus_doc_1147,paper_1147,2,Background,5,0.896679,Prediction-Guided Control in Data Center… §2 Background
NB-HPN-1147-q0,2,corpus_doc_1147,paper_1147,1,Introduction,1,0.762050,Prediction-Guided Control in Data Center… §1 Introduction
NB-HPN-1147-q0,3,corpus_doc_1147,paper_1147,2,Background,4,0.716462,Prediction-Guided Control in Data Center… §2 Background
NB-HPN-1147-q0,4,corpus_doc_0661,paper_0661,V,E Va Luat I O N,8,0.544844,HAL Id: hal-04928781 Submitted on 9 Jul … §V E Va Luat I O N
NB-HPN-1147-q0,5,corpus_doc_1147,paper_1147,9,Related Work,14,0.386513,Prediction-Guided Control in Data Center… §9 Related Work
NB-HPN-1147-q0,6,corpus_doc_1147,paper_1147,2,Background,6,0.310823,Prediction-Guided Control in Data Center… §2 Background
NB-HPN-1147-q0,7,corpus_doc_2245,paper_2245,3.2.1,Overview,5,0.298698,Hindawi Publishing Corporation EURASIP J… §3.2.1 Overview
NB-HPN-1147-q0,8,corpus_doc_0661,paper_0661,I,Introduction Data Centers,3,0.141204,HAL Id: hal-04928781 Submitted on 9 Jul … §I Introduction Data Centers
NB-HPN-1147-q0,9,corpus_doc_1376,paper_1376,6.1,System,15,0.133465,Credence: Augmenting Datacenter Switch B… §6.1 System
NB-HPN-1147-q0,10,corpus_doc_0947,paper_0947,6,Framework,6,0.128075,KSII TRANSACTIONS ON INTERNET AND INFORM… §6 Framework
NB-HPN-1147-q0,11,corpus_doc_1710,paper_1710,VI,Conclusion,11,0.066577,Learning Transfers via Transfer Learning… §VI Conclusion
NB-HPN-1147-q0,12,corpus_doc_0661,paper_0661,V,E Va Luat I O N,7,0.051211,HAL Id: hal-04928781 Submitted on 9 Jul … §V E Va Luat I O N
NB-HPN-1147-q0,13,corpus_doc_1179,paper_1179,1,Introduction,118,0.046624,Alma Mater Studiorum Alma Mater Studioru… §1 Introduction
NB-HPN-1147-q0,14,corpus_doc_0538,paper_0538,1,Introduction,2,0.046475,Dynamic Recompilation of Software Networ… §1 Introduction
NB-HPN-1147-q0,15,corpus_doc_0711,paper_0711,,,2,0.031692,International Journal of Electrical and … §
NB-HPN-1147-q0,16,corpus_doc_1147,paper_1147,2,Background,7,0.016390,Prediction-Guided Control in Data Center… §2 Background
NB-HPN-1147-q0,17,corpus_doc_1147,paper_1147,1,Introduction,2,0.010059,Prediction-Guided Control in Data Center… §1 Introduction
NB-HPN-1147-q0,18,corpus_doc_1147,paper_1147,10,Conclusion,15,0.007450,Prediction-Guided Control in Data Center… §10 Conclusion
NB-HPN-1147-q0,19,corpus_doc_1179,paper_1179,3,Approach,26,0.004328,Alma Mater Studiorum Alma Mater Studioru… §3 Approach
NB-HPN-1147-q0,20,corpus_doc_1147,paper_1147,7,Implementation,9,0.001709,Prediction-Guided Control in Data Center… §7 Implementation
NB-HPN-1853-q0,1,corpus_doc_1853,paper_1853,4,Implementation,6,0.964814,RUN-TIME ADAPTATION OF GRID DATA PLACEME… §4 Implementation
NB-HPN-1853-q0,2,corpus_doc_1401,paper_1401,4,Implementation,5,0.958577,Run-time Adaptation of Grid Data Placeme… §4 Implementation
NB-HPN-1853-q0,3,corpus_doc_1401,paper_1401,3,Methodology,3,0.940770,Run-time Adaptation of Grid Data Placeme… §3 Methodology
NB-HPN-1853-q0,4,corpus_doc_1853,paper_1853,3,Methodology,3,0.933854,RUN-TIME ADAPTATION OF GRID DATA PLACEME… §3 Methodology
NB-HPN-1853-q0,5,corpus_doc_1985,paper_1985,2,Background,1,0.932608,Stork Data Scheduler: Mitigating the Dat… §2 Background
NB-HPN-1853-q0,6,corpus_doc_1853,paper_1853,1,Introduction,1,0.928766,RUN-TIME ADAPTATION OF GRID DATA PLACEME… §1 Introduction
NB-HPN-1853-q0,7,corpus_doc_1401,paper_1401,1,Introduction,1,0.916554,Run-time Adaptation of Grid Data Placeme… §1 Introduction
NB-HPN-1853-q0,8,corpus_doc_1985,paper_1985,2,Background,2,0.860489,Stork Data Scheduler: Mitigating the Dat… §2 Background
NB-HPN-1853-q0,9,corpus_doc_1401,paper_1401,,Abstract,0,0.788562,Run-time Adaptation of Grid Data Placeme… §Abstract
NB-HPN-1853-q0,10,corpus_doc_1853,paper_1853,,Abstract,0,0.787151,RUN-TIME ADAPTATION OF GRID DATA PLACEME… §Abstract
NB-HPN-1853-q0,11,corpus_doc_1401,paper_1401,6,Future Work,9,0.763733,Run-time Adaptation of Grid Data Placeme… §6 Future Work
NB-HPN-1853-q0,12,corpus_doc_0678,paper_0678,3,Related Work,3,0.754344,Stork: Making Data Placement a First Cla… §3 Related Work
NB-HPN-1853-q0,13,corpus_doc_1853,paper_1853,6,Future Work,10,0.736336,RUN-TIME ADAPTATION OF GRID DATA PLACEME… §6 Future Work
NB-HPN-1853-q0,14,corpus_doc_1401,paper_1401,5.1,Experiment,7,0.723545,Run-time Adaptation of Grid Data Placeme… §5.1 Experiment
NB-HPN-1853-q0,15,corpus_doc_1853,paper_1853,5.1,Experiment,8,0.705640,RUN-TIME ADAPTATION OF GRID DATA PLACEME… §5.1 Experiment
NB-HPN-1853-q0,16,corpus_doc_1401,paper_1401,4,Implementation,6,0.704630,Run-time Adaptation of Grid Data Placeme… §4 Implementation
NB-HPN-1853-q0,17,corpus_doc_1985,paper_1985,2,Background,4,0.671249,Stork Data Scheduler: Mitigating the Dat… §2 Background
NB-HPN-1853-q0,18,corpus_doc_0678,paper_0678,3,Related Work,5,0.628395,Stork: Making Data Placement a First Cla… §3 Related Work
NB-HPN-1853-q0,19,corpus_doc_1985,paper_1985,2,Background,3,0.597383,Stork Data Scheduler: Mitigating the Dat… §2 Background
NB-HPN-1853-q0,20,corpus_doc_1853,paper_1853,5.1,Experiment,7,0.257216,RUN-TIME ADAPTATION OF GRID DATA PLACEME… §5.1 Experiment
NB-HPN-1977-q0,1,corpus_doc_1751,paper_1751,1,Introduction,1,0.966843,DESiRED - Dynamic Enhanced and Smart iRE… §1 Introduction
NB-HPN-1977-q0,2,corpus_doc_1977,paper_1977,,Abstract,0,0.965500,. . Latest updates: h ps://dl.acm.org/do… §Abstract
NB-HPN-1977-q0,3,corpus_doc_2241,paper_2241,I,Introduction,1,0.962068,Multi-Task Reinforcement Learning For Co… §I Introduction
NB-HPN-1977-q0,4,corpus_doc_0189,paper_0189,1,Design,4,0.956332,A New Intelligent Cross-Domain Routing M… §1 Design
NB-HPN-1977-q0,5,corpus_doc_1977,paper_1977,3.2,Design,4,0.955308,. . Latest updates: h ps://dl.acm.org/do… §3.2 Design
NB-HPN-1977-q0,6,corpus_doc_1977,paper_1977,3.2,Design,12,0.945415,. . Latest updates: h ps://dl.acm.org/do… §3.2 Design
NB-HPN-1977-q0,7,corpus_doc_2241,paper_2241,II,Preliminaries And Motivation A,4,0.902854,Multi-Task Reinforcement Learning For Co… §II Preliminaries And Motivation A
NB-HPN-1977-q0,8,corpus_doc_0591,paper_0591,2,Related Work,2,0.897830,Copyright 2024 The Authors. Published by… §2 Related Work
NB-HPN-1977-q0,9,corpus_doc_1872,paper_1872,,Abstract,0,0.893406,. . Latest updates: h ps://dl.acm.org/do… §Abstract
NB-HPN-1977-q0,10,corpus_doc_0919,paper_0919,I,Introduction Adata,3,0.874816,IEEE TRANSACTIONS ON NETWORK AND SERVICE… §I Introduction Adata
NB-HPN-1977-q0,11,corpus_doc_1751,paper_1751,2,Background,6,0.844395,DESiRED - Dynamic Enhanced and Smart iRE… §2 Background
NB-HPN-1977-q0,12,corpus_doc_1402,paper_1402,3.1,System Overview,4,0.834080,Journal of Information Systems Engineeri… §3.1 System Overview
NB-HPN-1977-q0,13,corpus_doc_1977,paper_1977,3.2,Design,6,0.776453,. . Latest updates: h ps://dl.acm.org/do… §3.2 Design
NB-HPN-1977-q0,14,corpus_doc_1482,paper_1482,VI,Simulation Setting And Results,12,0.762230,Using Distributed Reinforcement Learning… §VI Simulation Setting And Results
NB-HPN-1977-q0,15,corpus_doc_0951,paper_0951,4.1,Design,2,0.704178,1 PET: Multi-agent Independent PPO-based… §4.1 Design
NB-HPN-1977-q0,16,corpus_doc_0725,paper_0725,,Abstract,0,0.671922,GraphCC: A Practical Graph Learning-base… §Abstract
NB-HPN-1977-q0,17,corpus_doc_0732,paper_0732,2,Background,19,0.642492,Flow Consolidation for Congestion Contro… §2 Background
NB-HPN-1977-q0,18,corpus_doc_0364,paper_0364,V,Evaluation,10,0.485859,DACC: Data Augmentation for Learning-bas… §V Evaluation
NB-HPN-1977-q0,19,corpus_doc_0513,paper_0513,III,System Architecture,3,0.369747,A Deep Reinforcement Learning Framework … §III System Architecture
NB-HPN-1977-q0,20,corpus_doc_1482,paper_1482,VII,Conclusion,13,0.295297,Using Distributed Reinforcement Learning… §VII Conclusion
NB-HPN-1466-q1,1,corpus_doc_1807,paper_1807,,,3,0.928219,. . Latest updates: h ps://dl.acm.org/do… §
NB-HPN-1466-q1,2,corpus_doc_1466,paper_1466,II,System Model,3,0.921623,1 TEL: Low-Latency Failover Traf c Engin… §II System Model
NB-HPN-1466-q1,3,corpus_doc_1743,paper_1743,,,2,0.867289,MIT Open Access Articles NUMFabric: Fast… §
NB-HPN-1466-q1,4,corpus_doc_1807,paper_1807,,,2,0.799188,. . Latest updates: h ps://dl.acm.org/do… §
NB-HPN-1466-q1,5,corpus_doc_1807,paper_1807,,,4,0.773902,. . Latest updates: h ps://dl.acm.org/do… §
NB-HPN-1466-q1,6,corpus_doc_1466,paper_1466,II,System Model,4,0.771929,1 TEL: Low-Latency Failover Traf c Engin… §II System Model
NB-HPN-1466-q1,7,corpus_doc_0660,paper_0660,II,Background A,3,0.759061,IEEE/ACM TRANSACTIONS ON NETWOR KING VOL… §II Background A
NB-HPN-1466-q1,8,corpus_doc_1743,paper_1743,,,3,0.758903,MIT Open Access Articles NUMFabric: Fast… §
NB-HPN-1466-q1,9,corpus_doc_0732,paper_0732,6,Conclusion,65,0.716098,Flow Consolidation for Congestion Contro… §6 Conclusion
NB-HPN-1466-q1,10,corpus_doc_0660,paper_0660,V,Interpretation With Respect To Traffic Theory,11,0.525749,IEEE/ACM TRANSACTIONS ON NETWOR KING VOL… §V Interpretation With Respect To Traffic Theory
NB-HPN-1466-q1,11,corpus_doc_2032,paper_2032,V,Distributed Multi -Traffic Scheduling Framework,12,0.467843,arXiv:1708.07320v1 cs. NI 24 Aug 2017 A … §V Distributed Multi -Traffic Scheduling Framework
NB-HPN-1466-q1,12,corpus_doc_2153,paper_2153,VII,Summary And Conclusion,14,0.392368,1 Utility Fair Rate Allocation in LTE/80… §VII Summary And Conclusion
NB-HPN-1466-q1,13,corpus_doc_0732,paper_0732,2,Background,19,0.379268,Flow Consolidation for Congestion Contro… §2 Background
NB-HPN-1466-q1,14,corpus_doc_0383,paper_0383,III,Optimality Of Layering,6,0.270957,arXiv:1003.5239v2 cs. NI 20 Aug 2010 IEE… §III Optimality Of Layering
NB-HPN-1466-q1,15,corpus_doc_2153,paper_2153,II,Related Work,6,0.204396,1 Utility Fair Rate Allocation in LTE/80… §II Related Work
NB-HPN-1466-q1,16,corpus_doc_0189,paper_0189,1,Design,9,0.120940,A New Intelligent Cross-Domain Routing M… §1 Design
NB-HPN-1466-q1,17,corpus_doc_0660,paper_0660,IX,Conclusion,17,0.111092,IEEE/ACM TRANSACTIONS ON NETWOR KING VOL… §IX Conclusion
NB-HPN-1466-q1,18,corpus_doc_1147,paper_1147,2,Background,6,0.028311,Prediction-Guided Control in Data Center… §2 Background
NB-HPN-1466-q1,19,corpus_doc_2153,paper_2153,II,Related Work,7,0.012550,1 Utility Fair Rate Allocation in LTE/80… §II Related Work
NB-HPN-1466-q1,20,corpus_doc_2153,paper_2153,II,Related Work,8,0.006824,1 Utility Fair Rate Allocation in LTE/80… §II Related Work
NB-HPN-0732-q1,1,corpus_doc_0732,paper_0732,,Abstract,0,0.977830,Flow Consolidation for Congestion Contro… §Abstract
NB-HPN-0732-q1,2,corpus_doc_0732,paper_0732,4.1,Introduction,33,0.977606,Flow Consolidation for Congestion Contro… §4.1 Introduction
NB-HPN-0732-q1,3,corpus_doc_0732,paper_0732,1,Introduction,10,0.964130,Flow Consolidation for Congestion Contro… §1 Introduction
NB-HPN-0732-q1,4,corpus_doc_0732,paper_0732,4.4,Evaluation,45,0.947619,Flow Consolidation for Congestion Contro… §4.4 Evaluation
NB-HPN-0732-q1,5,corpus_doc_0732,paper_0732,3.5,Conclusion,32,0.940371,Flow Consolidation for Congestion Contro… §3.5 Conclusion
NB-HPN-0732-q1,6,corpus_doc_0732,paper_0732,1,Introduction,9,0.925329,Flow Consolidation for Congestion Contro… §1 Introduction
NB-HPN-0732-q1,7,corpus_doc_0732,paper_0732,4.4,Evaluation,44,0.922517,Flow Consolidation for Congestion Contro… §4.4 Evaluation
NB-HPN-0732-q1,8,corpus_doc_0732,paper_0732,2,Background,17,0.916788,Flow Consolidation for Congestion Contro… §2 Background
NB-HPN-0732-q1,9,corpus_doc_0732,paper_0732,6,Conclusion,65,0.915279,Flow Consolidation for Congestion Contro… §6 Conclusion
NB-HPN-0732-q1,10,corpus_doc_0732,paper_0732,2,Background,15,0.841159,Flow Consolidation for Congestion Contro… §2 Background
NB-HPN-0732-q1,11,corpus_doc_0732,paper_0732,4.1,Introduction,34,0.809772,Flow Consolidation for Congestion Contro… §4.1 Introduction
NB-HPN-0732-q1,12,corpus_doc_0732,paper_0732,2,Background,18,0.804728,Flow Consolidation for Congestion Contro… §2 Background
NB-HPN-0732-q1,13,corpus_doc_0732,paper_0732,2,Background,14,0.749093,Flow Consolidation for Congestion Contro… §2 Background
NB-HPN-0732-q1,14,corpus_doc_0732,paper_0732,4.3,System Design,40,0.731532,Flow Consolidation for Congestion Contro… §4.3 System Design
NB-HPN-0732-q1,15,corpus_doc_2181,paper_2181,,,5,0.619042,. . Latest updates: h ps://dl.acm.org/do… §
NB-HPN-0732-q1,16,corpus_doc_0574,paper_0574,I,Introduction N Ow Adays,2,0.489854,1 Improved Utility-based Congestion Cont… §I Introduction N Ow Adays
NB-HPN-0732-q1,17,corpus_doc_1054,paper_1054,1,Introduction,1,0.442778,SFC: Near-Source Congestion Signaling an… §1 Introduction
NB-HPN-0732-q1,18,corpus_doc_0732,paper_0732,6,Conclusion,66,0.369581,Flow Consolidation for Congestion Contro… §6 Conclusion
NB-HPN-0732-q1,19,corpus_doc_0652,paper_0652,I,Introduction,1,0.053730,Beam Discovery Using Linear Block Codes … §I Introduction
NB-HPN-0732-q1,20,corpus_doc_2293,paper_2293,VII,Reducing The Overhead And Distributed Implementation,10,0.051370,arXiv:1301.1002v2 cs. IT 14 Sep 2015 1 D… §VII Reducing The Overhead And Distributed Implementation
NB-HPN-1654-q1,1,corpus_doc_1680,paper_1680,2,Overview,2,0.921656,A Two-Phase Dynamic Throughput Optimizat… §2 Overview
NB-HPN-1654-q1,2,corpus_doc_1616,paper_1616,III,Proposed Model,4,0.911161,2017 IEEE International Conference on Bi… §III Proposed Model
NB-HPN-1654-q1,3,corpus_doc_1654,paper_1654,III,Proposedmodel,4,0.897929,Big Data Transfer Optimization Based on … §III Proposedmodel
NB-HPN-1654-q1,4,corpus_doc_1654,paper_1654,I,Introduction,1,0.897233,Big Data Transfer Optimization Based on … §I Introduction
NB-HPN-1654-q1,5,corpus_doc_1616,paper_1616,III,Proposed Model,5,0.538212,2017 IEEE International Conference on Bi… §III Proposed Model
NB-HPN-1654-q1,6,corpus_doc_1147,paper_1147,2,Background,6,0.503751,Prediction-Guided Control in Data Center… §2 Background
NB-HPN-1654-q1,7,corpus_doc_1812,paper_1812,IV,Acquisition Functions,14,0.296943,INVITED PAPER Taking the Human Out of th… §IV Acquisition Functions
NB-HPN-1654-q1,8,corpus_doc_0568,paper_0568,,,1,0.247034,An International Journal computers & mat… §
NB-HPN-1654-q1,9,corpus_doc_1561,paper_1561,1521,Performance,12,0.233731,Vol:. 1234567890 Journal of Network and … §1521 Performance
NB-HPN-1654-q1,10,corpus_doc_1812,paper_1812,V,Practical Considerations,18,0.228659,INVITED PAPER Taking the Human Out of th… §V Practical Considerations
NB-HPN-1654-q1,11,corpus_doc_0443,paper_0443,1,Introduction,11,0.212752,INFORMATICA 2016 Vol. 27 No. 2 229 256 2… §1 Introduction
NB-HPN-1654-q1,12,corpus_doc_1812,paper_1812,IV,Acquisition Functions,15,0.189428,INVITED PAPER Taking the Human Out of th… §IV Acquisition Functions
NB-HPN-1654-q1,13,corpus_doc_1744,paper_1744,1,Introduction,1,0.186213,Journal of Global Optimization 13: 455 4… §1 Introduction
NB-HPN-1654-q1,14,corpus_doc_0443,paper_0443,1,Introduction,10,0.182809,INFORMATICA 2016 Vol. 27 No. 2 229 256 2… §1 Introduction
NB-HPN-1654-q1,15,corpus_doc_1438,paper_1438,,,7,0.141325,Online Optimization of File Transfers in… §
NB-HPN-1654-q1,16,corpus_doc_1744,paper_1744,1,Introduction,2,0.140220,Journal of Global Optimization 13: 455 4… §1 Introduction
NB-HPN-1654-q1,17,corpus_doc_0228,paper_0228,IV,O Ur Model,7,0.071229,1 On User Availability Prediction and Ne… §IV O Ur Model
NB-HPN-1654-q1,18,corpus_doc_1744,paper_1744,,Abstract,0,0.017774,Journal of Global Optimization 13: 455 4… §Abstract
NB-HPN-1654-q1,19,corpus_doc_1744,paper_1744,1,Introduction,9,0.008711,Journal of Global Optimization 13: 455 4… §1 Introduction
NB-HPN-1654-q1,20,corpus_doc_1812,paper_1812,IX,Concluding Remarks,26,0.008128,INVITED PAPER Taking the Human Out of th… §IX Concluding Remarks
NB-HPN-1471-q1,1,corpus_doc_1471,paper_1471,,Abstract,0,0.992191,2024 IEEE International Conference on Bi… §Abstract
NB-HPN-1471-q1,2,corpus_doc_2070,paper_2070,,,3,0.890099,HAL Id: hal-04905667 Preprint submitted … §
NB-HPN-1471-q1,3,corpus_doc_1471,paper_1471,II,Problem Definition And Methodology,2,0.880612,2024 IEEE International Conference on Bi… §II Problem Definition And Methodology
NB-HPN-1471-q1,4,corpus_doc_1471,paper_1471,I,Introduction,1,0.798172,2024 IEEE International Conference on Bi… §I Introduction
NB-HPN-1471-q1,5,corpus_doc_0672,paper_0672,1,Introduction,0,0.748784,. . Latest updates: h ps://dl.acm.org/do… §1 Introduction
NB-HPN-1471-q1,6,corpus_doc_2020,paper_2020,4.2,Results,4,0.664765,On the Predictability of Large Transfer … §4.2 Results
NB-HPN-1471-q1,7,corpus_doc_2070,paper_2070,,,5,0.501321,HAL Id: hal-04905667 Preprint submitted … §
NB-HPN-1471-q1,8,corpus_doc_2020,paper_2020,6.1,Results,14,0.435442,On the Predictability of Large Transfer … §6.1 Results
NB-HPN-1471-q1,9,corpus_doc_1471,paper_1471,IV,Conclusion,4,0.397429,2024 IEEE International Conference on Bi… §IV Conclusion
NB-HPN-1471-q1,10,corpus_doc_0318,paper_0318,II,Challenges Of Data -Driven Network Modeling,3,0.364971,1 RouteNet-Fermi: Network Modeling with … §II Challenges Of Data -Driven Network Modeling
NB-HPN-1471-q1,11,corpus_doc_2350,paper_2350,16,Approach,3,0.333891,Page 1/16 AI-Powered Intrusion Detection… §16 Approach
NB-HPN-1471-q1,12,corpus_doc_0730,paper_0730,7,Related Work,14,0.271434,This paper is included in the Proceeding… §7 Related Work
NB-HPN-1471-q1,13,corpus_doc_0939,paper_0939,1.1,Background,4,0.209817,Intelligent Adaptive Service Grid Archit… §1.1 Background
NB-HPN-1471-q1,14,corpus_doc_0625,paper_0625,2.1,Background,5,0.176675,. . Latest updates: h ps://dl.acm.org/do… §2.1 Background
NB-HPN-1471-q1,15,corpus_doc_0235,paper_0235,2,Related Work,2,0.166259,A Machine Learning Approach for Packet L… §2 Related Work
NB-HPN-1471-q1,16,corpus_doc_0133,paper_0133,1,Introduction,2,0.135812,ORIGINAL ARTICLE Long-term time-series p… §1 Introduction
NB-HPN-1471-q1,17,corpus_doc_0799,paper_0799,II,Related Work,3,0.090356,1 NTP-INT: Network Traffic Prediction-Dr… §II Related Work
NB-HPN-1471-q1,18,corpus_doc_2217,paper_2217,3.1,Background,4,0.042981,Toward Fair and Efficient Congestion Con… §3.1 Background
NB-HPN-1471-q1,19,corpus_doc_0193,paper_0193,IV,Performance Of,11,0.041642,IEEE TRANSACTIONS ON NETWORK AND SERVICE… §IV Performance Of
NB-HPN-1471-q1,20,corpus_doc_2079,paper_2079,4,Implementation,8,0.015533,This paper is included in the Proceeding… §4 Implementation
NB-HPN-0923-q0,1,corpus_doc_0923,paper_0923,I,Introduction,1,0.933960,Experimental Analysis of File Transfer R… §I Introduction
NB-HPN-0923-q0,2,corpus_doc_2370,paper_2370,,,7,0.874405,Explaining Wide Area Data Transfer Perfo… §
NB-HPN-0923-q0,3,corpus_doc_0382,paper_0382,,Abstract,0,0.858032,Use Only What You Need: Judicious Parall… §Abstract
NB-HPN-0923-q0,4,corpus_doc_2370,paper_2370,,,5,0.840846,Explaining Wide Area Data Transfer Perfo… §
NB-HPN-0923-q0,5,corpus_doc_2347,paper_2347,2,Background,3,0.798281,FutureGenerationComputerSystems25 2009 4… §2 Background
NB-HPN-0923-q0,6,corpus_doc_0587,paper_0587,4,Experimental,7,0.735756,Toward a Smart Data Transfer Node Zhengc… §4 Experimental
NB-HPN-0923-q0,7,corpus_doc_0382,paper_0382,4.6,Performance,6,0.707430,Use Only What You Need: Judicious Parall… §4.6 Performance
NB-HPN-0923-q0,8,corpus_doc_0444,paper_0444,1,Introduction,1,0.680298,Big Data Transfer Optimization Through A… §1 Introduction
NB-HPN-0923-q0,9,corpus_doc_0382,paper_0382,4.6,Performance,5,0.662435,Use Only What You Need: Judicious Parall… §4.6 Performance
NB-HPN-0923-q0,10,corpus_doc_1211,paper_1211,III,Parallelism And Concurrency,5,0.634202,Modeling and Optimizing Large-Scale Wide… §III Parallelism And Concurrency
NB-HPN-0923-q0,11,corpus_doc_1616,paper_1616,II,Problem Formulation,2,0.472153,2017 IEEE International Conference on Bi… §II Problem Formulation
NB-HPN-0923-q0,12,corpus_doc_1654,paper_1654,II,Problemformula Tion,2,0.460872,Big Data Transfer Optimization Based on … §II Problemformula Tion
NB-HPN-0923-q0,13,corpus_doc_1163,paper_1163,III,Parallelism And Concurrency,5,0.450731,Modeling and Optimizing Large-Scale Wide… §III Parallelism And Concurrency
NB-HPN-0923-q0,14,corpus_doc_0819,paper_0819,1,Introduction,1,0.405804,1 The Globus Striped GridFTP Framework a… §1 Introduction
NB-HPN-0923-q0,15,corpus_doc_0185,paper_0185,1,Introduction,1,0.400946,Dynamic Protocol Tuning Algorithms for H… §1 Introduction
NB-HPN-0923-q0,16,corpus_doc_2155,paper_2155,,,7,0.395817,. . Latest updates: h ps://dl.acm.org/do… §
NB-HPN-0923-q0,17,corpus_doc_1927,paper_1927,V,E Va L U At I,12,0.286902,IEEE TRANSACTIONS ON PARALLEL AND DISTRI… §V E Va L U At I
NB-HPN-0923-q0,18,corpus_doc_1927,paper_1927,III,Motiv Ation,7,0.275427,IEEE TRANSACTIONS ON PARALLEL AND DISTRI… §III Motiv Ation
NB-HPN-0923-q0,19,corpus_doc_0616,paper_0616,II,Motiv Ation,2,0.263840,HARP: Predictive Transfer Optimization B… §II Motiv Ation
NB-HPN-0923-q0,20,corpus_doc_0923,paper_0923,II,Rela Ted Work,2,0.157808,Experimental Analysis of File Transfer R… §II Rela Ted Work
NB-HPN-0216-q1,1,corpus_doc_0159,paper_0159,3,Evaluation,1,0.958250,arXiv:2506.08132v1 cs. NI 9 Jun 2025 Pre… §3 Evaluation
NB-HPN-0216-q1,2,corpus_doc_0306,paper_0306,1,Introduction,1,0.949444,This work is licensed under a Creative C… §1 Introduction
NB-HPN-0216-q1,3,corpus_doc_1648,paper_1648,I,Introduction Inthe,1,0.936576,IEEE/ACM TRANSACTIONS ON NETWORKING 1 LG… §I Introduction Inthe
NB-HPN-0216-q1,4,corpus_doc_0216,paper_0216,5,Related Work,16,0.930264,STrack: A Reliable Multipath Transport f… §5 Related Work
NB-HPN-0216-q1,5,corpus_doc_0591,paper_0591,,Abstract,0,0.909091,Copyright 2024 The Authors. Published by… §Abstract
NB-HPN-0216-q1,6,corpus_doc_0159,paper_0159,3,Evaluation,2,0.866971,arXiv:2506.08132v1 cs. NI 9 Jun 2025 Pre… §3 Evaluation
NB-HPN-0216-q1,7,corpus_doc_0591,paper_0591,1,Introduction,1,0.866482,Copyright 2024 The Authors. Published by… §1 Introduction
NB-HPN-0216-q1,8,corpus_doc_1539,paper_1539,I,Introduction,2,0.831573,1 FairQ: Fair and Fast Rate Allocation i… §I Introduction
NB-HPN-0216-q1,9,corpus_doc_1979,paper_1979,,,1,0.792067,Pulser: Fast Congestion Response using E… §
NB-HPN-0216-q1,10,corpus_doc_1681,paper_1681,,Abstract,0,0.791144,A Multilevel Network-assisted Congestion… §Abstract
NB-HPN-0216-q1,11,corpus_doc_2050,paper_2050,1,Introduction,3,0.764087,Uno: A One-Stop Solution for Inter- and … §1 Introduction
NB-HPN-0216-q1,12,corpus_doc_0732,paper_0732,2,Background,16,0.758989,Flow Consolidation for Congestion Contro… §2 Background
NB-HPN-0216-q1,13,corpus_doc_1634,paper_1634,8,Analysis,3,0.756633,On implementation of DCTCP on three tier… §8 Analysis
NB-HPN-0216-q1,14,corpus_doc_0216,paper_0216,2,Background,6,0.753063,STrack: A Reliable Multipath Transport f… §2 Background
NB-HPN-0216-q1,15,corpus_doc_0506,paper_0506,V,Relatedwork A,8,0.750652,Congestion Control for Spraying with Con… §V Relatedwork A
NB-HPN-0216-q1,16,corpus_doc_0164,paper_0164,,Abstract,0,0.739088,Received February 11 2020 accepted March… §Abstract
NB-HPN-0216-q1,17,corpus_doc_0262,paper_0262,,,3,0.734182,International Journal of Information Tec… §
NB-HPN-0216-q1,18,corpus_doc_0484,paper_0484,3.2.1,Design,14,0.719484,CONGESTION CONTROL MECHANISMS FOR INTER-… §3.2.1 Design
NB-HPN-0216-q1,19,corpus_doc_1681,paper_1681,7,Conclusion,15,0.715557,A Multilevel Network-assisted Congestion… §7 Conclusion
NB-HPN-0216-q1,20,corpus_doc_1093,paper_1093,VI,Related Work,8,0.647721,Accelerating End-host Congestion Respons… §VI Related Work
NB-HPN-0975-q1,1,corpus_doc_0975,paper_0975,I,Introduction,2,0.943052,Missouri and Technology Missouri and Tec… §I Introduction
NB-HPN-0975-q1,2,corpus_doc_1028,paper_1028,,,3,0.836861,Time Series Analysis for Efficient Sampl… §
NB-HPN-0975-q1,3,corpus_doc_1028,paper_1028,,,7,0.712285,Time Series Analysis for Efficient Sampl… §
NB-HPN-0975-q1,4,corpus_doc_0975,paper_0975,V,Evalua Tions,9,0.650462,Missouri and Technology Missouri and Tec… §V Evalua Tions
NB-HPN-0975-q1,5,corpus_doc_1028,paper_1028,,,6,0.620644,Time Series Analysis for Efficient Sampl… §
NB-HPN-0975-q1,6,corpus_doc_0635,paper_0635,V,Experimental Evaluations,8,0.615106,Swift and Accurate End-to-End Throughput… §V Experimental Evaluations
NB-HPN-0975-q1,7,corpus_doc_0133,paper_0133,3,Method,6,0.545265,ORIGINAL ARTICLE Long-term time-series p… §3 Method
NB-HPN-0975-q1,8,corpus_doc_1471,paper_1471,III,Experimental Evaluations,3,0.496554,2024 IEEE International Conference on Bi… §III Experimental Evaluations
NB-HPN-0975-q1,9,corpus_doc_0133,paper_0133,1,Introduction,1,0.466452,ORIGINAL ARTICLE Long-term time-series p… §1 Introduction
NB-HPN-0975-q1,10,corpus_doc_0975,paper_0975,II,Rela Ted Work,4,0.258924,Missouri and Technology Missouri and Tec… §II Rela Ted Work
NB-HPN-0975-q1,11,corpus_doc_1659,paper_1659,III,Methodology,5,0.258527,1 TCP prediction for adaptive applicatio… §III Methodology
NB-HPN-0975-q1,12,corpus_doc_2152,paper_2152,6.2.2,Evaluation,1,0.223221,See discussions stats and author profile… §6.2.2 Evaluation
NB-HPN-0975-q1,13,corpus_doc_0133,paper_0133,1,Introduction,2,0.213158,ORIGINAL ARTICLE Long-term time-series p… §1 Introduction
NB-HPN-0975-q1,14,corpus_doc_1028,paper_1028,,Abstract,0,0.207641,Time Series Analysis for Efficient Sampl… §Abstract
NB-HPN-0975-q1,15,corpus_doc_1028,paper_1028,,,4,0.197161,Time Series Analysis for Efficient Sampl… §
NB-HPN-0975-q1,16,corpus_doc_0654,paper_0654,5,System,4,0.066861,IEEE/ACM TRANSACTIONS ON NETW ORKING VOL… §5 System
NB-HPN-0975-q1,17,corpus_doc_2129,paper_2129,1,Introduction,2,0.047405,Chopin: Combining Distributed and Centra… §1 Introduction
NB-HPN-0975-q1,18,corpus_doc_1296,paper_1296,I,Introduction,2,0.013832,1 Online Algorithms for Information Aggr… §I Introduction
NB-HPN-0975-q1,19,corpus_doc_0498,paper_0498,1.1,Motivation,3,0.007616,c 2017 William W. Barbour PREDICTION OF … §1.1 Motivation
NB-HPN-0975-q1,20,corpus_doc_0661,paper_0661,V,E Va Luat I O N,7,0.003410,HAL Id: hal-04928781 Submitted on 9 Jul … §V E Va Luat I O N
NB-HPN-1363-q1,1,corpus_doc_1363,paper_1363,5,Experimental,6,0.901002,Calibers: A Bandwidth Calendaring Paradi… §5 Experimental
NB-HPN-1363-q1,2,corpus_doc_1363,paper_1363,1,Introduction,1,0.782562,Calibers: A Bandwidth Calendaring Paradi… §1 Introduction
NB-HPN-1363-q1,3,corpus_doc_0949,paper_0949,III,Background,5,0.617177,HAL Id: hal-05398965 Submitted on 4 Dec … §III Background
NB-HPN-1363-q1,4,corpus_doc_1864,paper_1864,4.2,Introduction,19,0.597863,PRIORITISING INTERACTIVE FLOWS IN DATA C… §4.2 Introduction
NB-HPN-1363-q1,5,corpus_doc_1871,paper_1871,I,Introduction,1,0.552894,Received 2 November 2022 accepted 24 Dec… §I Introduction
NB-HPN-1363-q1,6,corpus_doc_0416,paper_0416,I,Introduction,1,0.542856,P5: Event-driven Policy Framework for P4… §I Introduction
NB-HPN-1363-q1,7,corpus_doc_1363,paper_1363,4,Related Work,5,0.525478,Calibers: A Bandwidth Calendaring Paradi… §4 Related Work
NB-HPN-1363-q1,8,corpus_doc_1209,paper_1209,1,Introduction,1,0.487507,End-to-end Security for Sdn Controllers … §1 Introduction
NB-HPN-1363-q1,9,corpus_doc_0375,paper_0375,2,Related Work,2,0.465988,Adaptive and Reliable Multipath Provisio… §2 Related Work
NB-HPN-1363-q1,10,corpus_doc_0114,paper_0114,1,Introduction,1,0.395569,Journal of Information Processing Vol.25… §1 Introduction
NB-HPN-1363-q1,11,corpus_doc_1363,paper_1363,3,Architecture,4,0.337431,Calibers: A Bandwidth Calendaring Paradi… §3 Architecture
NB-HPN-1363-q1,12,corpus_doc_1400,paper_1400,2,Background,3,0.288028,Elastic Gateway SoC Proof of Concept: Ex… §2 Background
NB-HPN-1363-q1,13,corpus_doc_1363,paper_1363,8,Conclusions,12,0.247291,Calibers: A Bandwidth Calendaring Paradi… §8 Conclusions
NB-HPN-1363-q1,14,corpus_doc_1292,paper_1292,,Abstract,0,0.161946,The International Arab Journal of Inform… §Abstract
NB-HPN-1363-q1,15,corpus_doc_1804,paper_1804,,,1,0.087371,Multicasting Optical Reconfigurable Swit… §
NB-HPN-1363-q1,16,corpus_doc_0319,paper_0319,I,Introduction,1,0.086936,Received July 16 2019 accepted July 29 2… §I Introduction
NB-HPN-1363-q1,17,corpus_doc_1179,paper_1179,1,Introduction,24,0.072455,Alma Mater Studiorum Alma Mater Studioru… §1 Introduction
NB-HPN-1363-q1,18,corpus_doc_0556,paper_0556,III,Design And Implementation,3,0.065524,Postprint This is the accepted version o… §III Design And Implementation
NB-HPN-1363-q1,19,corpus_doc_0416,paper_0416,IV,Conclusion And Future Work,4,0.006911,P5: Event-driven Policy Framework for P4… §IV Conclusion And Future Work
NB-HPN-1363-q1,20,corpus_doc_1086,paper_1086,,Abstract,0,0.005672,On the Benefits of Predictable Traffic i… §Abstract
NB-HPN-0155-q0,1,corpus_doc_0155,paper_0155,III,Approach Overview,4,0.988321,Collective I/O tuning using analytical a… §III Approach Overview
NB-HPN-0155-q0,2,corpus_doc_0155,paper_0155,IV,Black -Box Modeling A,5,0.980180,Collective I/O tuning using analytical a… §IV Black -Box Modeling A
NB-HPN-0155-q0,3,corpus_doc_0155,paper_0155,VIII,Conclusion,14,0.974784,Collective I/O tuning using analytical a… §VIII Conclusion
NB-HPN-0155-q0,4,corpus_doc_0155,paper_0155,I,Introduction,1,0.927415,Collective I/O tuning using analytical a… §I Introduction
NB-HPN-0155-q0,5,corpus_doc_0155,paper_0155,,Abstract,0,0.914401,Collective I/O tuning using analytical a… §Abstract
NB-HPN-0155-q0,6,corpus_doc_0155,paper_0155,V,Hybrid Modeling,6,0.844480,Collective I/O tuning using analytical a… §V Hybrid Modeling
NB-HPN-0155-q0,7,corpus_doc_0683,paper_0683,,Abstract,0,0.704970,Dynamic Model-driven Parallel I/O Perfor… §Abstract
NB-HPN-0155-q0,8,corpus_doc_0155,paper_0155,VI,Experimental Results,12,0.635978,Collective I/O tuning using analytical a… §VI Experimental Results
NB-HPN-0155-q0,9,corpus_doc_0683,paper_0683,5.2,Analysis,4,0.626110,Dynamic Model-driven Parallel I/O Perfor… §5.2 Analysis
NB-HPN-0155-q0,10,corpus_doc_0155,paper_0155,V,Hybrid Modeling,9,0.290313,Collective I/O tuning using analytical a… §V Hybrid Modeling
NB-HPN-0155-q0,11,corpus_doc_0726,paper_0726,6.2,Performance,5,0.258928,HAL Id: hal-04093528 Submitted on 10 May… §6.2 Performance
NB-HPN-0155-q0,12,corpus_doc_0318,paper_0318,I,Introduction Network,1,0.218681,1 RouteNet-Fermi: Network Modeling with … §I Introduction Network
NB-HPN-0155-q0,13,corpus_doc_0405,paper_0405,5.1,Implementation,11,0.140582,. . Latest updates: h ps://dl.acm.org/do… §5.1 Implementation
NB-HPN-0155-q0,14,corpus_doc_1561,paper_1561,1,Introduction,1,0.134111,Vol:. 1234567890 Journal of Network and … §1 Introduction
NB-HPN-0155-q0,15,corpus_doc_0000,paper_0000,I,Introduction,6,0.082830,Honing and proo ng Astrophysical codes o… §I Introduction
NB-HPN-0155-q0,16,corpus_doc_0405,paper_0405,,Abstract,0,0.075972,. . Latest updates: h ps://dl.acm.org/do… §Abstract
NB-HPN-0155-q0,17,corpus_doc_0661,paper_0661,I,Introduction Data Centers,3,0.047985,HAL Id: hal-04928781 Submitted on 9 Jul … §I Introduction Data Centers
NB-HPN-0155-q0,18,corpus_doc_1131,paper_1131,7,Results,10,0.037040,Corresponding author: Santhosh Katragadd… §7 Results
NB-HPN-0155-q0,19,corpus_doc_0046,paper_0046,VII,Acknowledgments,10,0.012707,Parallel I/O Performance: From Events to… §VII Acknowledgments
NB-HPN-0155-q0,20,corpus_doc_0387,paper_0387,III,Analytic Model,3,0.001168,On Parameter Tuning of Data Transfer Pro… §III Analytic Model
NB-HPN-1650-q1,1,corpus_doc_1650,paper_1650,1,Introduction,3,0.948005,HPC Global File System Performance Analy… §1 Introduction
NB-HPN-1650-q1,2,corpus_doc_0683,paper_0683,5.2,Analysis,4,0.864094,Dynamic Model-driven Parallel I/O Perfor… §5.2 Analysis
NB-HPN-1650-q1,3,corpus_doc_0046,paper_0046,III,Performance Ensembles,3,0.851544,Parallel I/O Performance: From Events to… §III Performance Ensembles
NB-HPN-1650-q1,4,corpus_doc_0593,paper_0593,V,Evaluation Methodology,7,0.806706,HAL Id: hal-03648225 Submitted on 19 Aug… §V Evaluation Methodology
NB-HPN-1650-q1,5,corpus_doc_1650,paper_1650,3.1,Overview,16,0.803112,HPC Global File System Performance Analy… §3.1 Overview
NB-HPN-1650-q1,6,corpus_doc_0726,paper_0726,6.2,Performance,6,0.768099,HAL Id: hal-04093528 Submitted on 10 May… §6.2 Performance
NB-HPN-1650-q1,7,corpus_doc_1135,paper_1135,3.1,Overview,14,0.747156,Investigation Of Leading HPC I/O Perform… §3.1 Overview
NB-HPN-1650-q1,8,corpus_doc_0593,paper_0593,IX,Related Work,15,0.730970,HAL Id: hal-03648225 Submitted on 19 Aug… §IX Related Work
NB-HPN-1650-q1,9,corpus_doc_1425,paper_1425,I,Introduction Hpc,1,0.591859,Server-side Log Data Analytics for I/O W… §I Introduction Hpc
NB-HPN-1650-q1,10,corpus_doc_1425,paper_1425,VII,Rela Ted Work,13,0.558937,Server-side Log Data Analytics for I/O W… §VII Rela Ted Work
NB-HPN-1650-q1,11,corpus_doc_1569,paper_1569,1,Introduction,0,0.519012,J. Parallel Distrib. Comput. 72 2012 579… §1 Introduction
NB-HPN-1650-q1,12,corpus_doc_1650,paper_1650,3.1,Overview,15,0.508104,HPC Global File System Performance Analy… §3.1 Overview
NB-HPN-1650-q1,13,corpus_doc_1798,paper_1798,5.1,Experimental,51,0.455590,PGAS Communication for Heterogeneous Clu… §5.1 Experimental
NB-HPN-1650-q1,14,corpus_doc_1315,paper_1315,VI,Evaluation,12,0.268126,UNR: Unified Notifiable RMA Library for … §VI Evaluation
NB-HPN-1650-q1,15,corpus_doc_2006,paper_2006,1.0,Performance,2,0.183114,An Evaluation of the CORAL Interconnects… §1.0 Performance
NB-HPN-1650-q1,16,corpus_doc_1303,paper_1303,VI,Application Tuning Case Study,14,0.138458,Understanding and Improving Computationa… §VI Application Tuning Case Study
NB-HPN-1650-q1,17,corpus_doc_2258,paper_2258,12,Performance,12,0.034120,Online Performance Auditing: Using Hot O… §12 Performance
NB-HPN-1650-q1,18,corpus_doc_1853,paper_1853,1,Introduction,1,0.013583,RUN-TIME ADAPTATION OF GRID DATA PLACEME… §1 Introduction
NB-HPN-1650-q1,19,corpus_doc_0135,paper_0135,6,Discussion,26,0.012122,Degree Project in the Field Information … §6 Discussion
NB-HPN-1650-q1,20,corpus_doc_1401,paper_1401,1,Introduction,1,0.011220,Run-time Adaptation of Grid Data Placeme… §1 Introduction
NB-HPN-0513-q0,1,corpus_doc_0513,paper_0513,IV,Problem Formulation,5,0.961726,A Deep Reinforcement Learning Framework … §IV Problem Formulation
NB-HPN-0513-q0,2,corpus_doc_0513,paper_0513,I,Introduction,1,0.948433,A Deep Reinforcement Learning Framework … §I Introduction
NB-HPN-0513-q0,3,corpus_doc_0513,paper_0513,V,System Prototyping And Evaluation,7,0.874650,A Deep Reinforcement Learning Framework … §V System Prototyping And Evaluation
NB-HPN-0513-q0,4,corpus_doc_0176,paper_0176,,,0,0.850561,58 COMMUNICATIONS OF THE ACM FEBRUARY 20… §
NB-HPN-0513-q0,5,corpus_doc_0735,paper_0735,1,Introduction,3,0.780102,Vol.: 0123456789 1 3 International Journ… §1 Introduction
NB-HPN-0513-q0,6,corpus_doc_2282,paper_2282,I,Introduction,1,0.763013,Received January 19 2021 accepted Februa… §I Introduction
NB-HPN-0513-q0,7,corpus_doc_0513,paper_0513,II,Related Work,2,0.724666,A Deep Reinforcement Learning Framework … §II Related Work
NB-HPN-0513-q0,8,corpus_doc_1379,paper_1379,IV,Experiment Setup,4,0.719961,BBR Fairness Evaluation Using NS-3 Linch… §IV Experiment Setup
NB-HPN-0513-q0,9,corpus_doc_0513,paper_0513,V,System Prototyping And Evaluation,8,0.658572,A Deep Reinforcement Learning Framework … §V System Prototyping And Evaluation
NB-HPN-0513-q0,10,corpus_doc_0342,paper_0342,VI,Simulation Setup,15,0.578474,When Machine Learning Meets Congestion C… §VI Simulation Setup
NB-HPN-0513-q0,11,corpus_doc_1780,paper_1780,1,Introduction,3,0.548774,Iroko: A Framework to Prototype Reinforc… §1 Introduction
NB-HPN-0513-q0,12,corpus_doc_1379,paper_1379,III,Bbr Overview,3,0.525062,BBR Fairness Evaluation Using NS-3 Linch… §III Bbr Overview
NB-HPN-0513-q0,13,corpus_doc_2282,paper_2282,I,Introduction,10,0.508731,Received January 19 2021 accepted Februa… §I Introduction
NB-HPN-0513-q0,14,corpus_doc_1627,paper_1627,,Abstract,0,0.424627,BBR-With Adaptive Pacing Gain Rates BBR-… §Abstract
NB-HPN-0513-q0,15,corpus_doc_0919,paper_0919,I,Introduction Adata,4,0.256187,IEEE TRANSACTIONS ON NETWORK AND SERVICE… §I Introduction Adata
NB-HPN-0513-q0,16,corpus_doc_0197,paper_0197,3.1,Framework,5,0.249615,Congestion Control for High Bandwidth-De… §3.1 Framework
NB-HPN-0513-q0,17,corpus_doc_2282,paper_2282,,Abstract,0,0.139415,Received January 19 2021 accepted Februa… §Abstract
NB-HPN-0513-q0,18,corpus_doc_1389,paper_1389,,Abstract,0,0.122625,Page 1/22 TCP BBR congestion control opt… §Abstract
NB-HPN-0513-q0,19,corpus_doc_0252,paper_0252,4,Design,4,0.083699,TCP/IPoDWDM: A Case for Adaptive Congest… §4 Design
NB-HPN-0513-q0,20,corpus_doc_0513,paper_0513,VI,Conclusion,10,0.053422,A Deep Reinforcement Learning Framework … §VI Conclusion
NB-HPN-0738-q1,1,corpus_doc_0738,paper_0738,IV,System Model And Notations,5,0.978128,DYNAPARC: AI-Driven Predictive Path Fail… §IV System Model And Notations
NB-HPN-0738-q1,2,corpus_doc_0738,paper_0738,I,Introduction,1,0.920963,DYNAPARC: AI-Driven Predictive Path Fail… §I Introduction
NB-HPN-0738-q1,3,corpus_doc_0997,paper_0997,311,Introduction,5,0.880743,310 COMPUTER SCIENCE BULLETIN VOL: 08 IS… §311 Introduction
NB-HPN-0738-q1,4,corpus_doc_1340,paper_1340,I,Introduction,1,0.858456,1 Robust Routing Made Easy: Reinforcing … §I Introduction
NB-HPN-0738-q1,5,corpus_doc_1340,paper_1340,IX,Related Work,16,0.829110,1 Robust Routing Made Easy: Reinforcing … §IX Related Work
NB-HPN-0738-q1,6,corpus_doc_0738,paper_0738,II,Related Work,2,0.818144,DYNAPARC: AI-Driven Predictive Path Fail… §II Related Work
NB-HPN-0738-q1,7,corpus_doc_0738,paper_0738,IV,System Model And Notations,4,0.790590,DYNAPARC: AI-Driven Predictive Path Fail… §IV System Model And Notations
NB-HPN-0738-q1,8,corpus_doc_0738,paper_0738,,Abstract,0,0.787031,DYNAPARC: AI-Driven Predictive Path Fail… §Abstract
NB-HPN-0738-q1,9,corpus_doc_0997,paper_0997,311,Introduction,1,0.685526,310 COMPUTER SCIENCE BULLETIN VOL: 08 IS… §311 Introduction
NB-HPN-0738-q1,10,corpus_doc_1340,paper_1340,I,Introduction,3,0.681545,1 Robust Routing Made Easy: Reinforcing … §I Introduction
NB-HPN-0738-q1,11,corpus_doc_0967,paper_0967,II,Background,2,0.524088,Approved DCN# 2025-1-3-491 01/09/2025 Th… §II Background
NB-HPN-0738-q1,12,corpus_doc_0777,paper_0777,4,Methodology,14,0.478162,arXiv:1510.02181v4 cs. DC 27 Jun 2016 TH… §4 Methodology
NB-HPN-0738-q1,13,corpus_doc_2063,paper_2063,II,Rela Tedwork,7,0.427525,IEEE/ACM TRANSACTIONS ON NETWORKING VOL.… §II Rela Tedwork
NB-HPN-0738-q1,14,corpus_doc_0778,paper_0778,16,Architecture,37,0.364975,A Survey on Data Plane Programming with … §16 Architecture
NB-HPN-0738-q1,15,corpus_doc_0772,paper_0772,2,Background,4,0.288961,. . Latest updates: h ps://dl.acm.org/do… §2 Background
NB-HPN-0738-q1,16,corpus_doc_0705,paper_0705,V,Analytical And Simulation Evaluation,9,0.247174,1 Stabilizing Route Selection in BGP P. … §V Analytical And Simulation Evaluation
NB-HPN-0738-q1,17,corpus_doc_1418,paper_1418,X,Discussion,56,0.117300,IEEE COMMUNICATIONS SURVEYS & TUTORIALS … §X Discussion
NB-HPN-0738-q1,18,corpus_doc_0705,paper_0705,VI,Software Router Experiments,15,0.100192,1 Stabilizing Route Selection in BGP P. … §VI Software Router Experiments
NB-HPN-0738-q1,19,corpus_doc_0356,paper_0356,I,Introduction A S We,2,0.040720,262 IEEE/ACM TRANSACTIONS ON NETWORKING … §I Introduction A S We
NB-HPN-0738-q1,20,corpus_doc_1617,paper_1617,2,Background,8,0.027788,This paper is included in the Proceeding… §2 Background
NB-HPN-0667-q1,1,corpus_doc_0667,paper_0667,3.3,Results,37,0.915418,CERN-THESIS-2017-132 28/04/2017 Software… §3.3 Results
NB-HPN-0667-q1,2,corpus_doc_0667,paper_0667,3.3,Results,39,0.902270,CERN-THESIS-2017-132 28/04/2017 Software… §3.3 Results
NB-HPN-0667-q1,3,corpus_doc_0667,paper_0667,6.3.2,Evaluation,83,0.893182,CERN-THESIS-2017-132 28/04/2017 Software… §6.3.2 Evaluation
NB-HPN-0667-q1,4,corpus_doc_0667,paper_0667,3.3,Results,40,0.855621,CERN-THESIS-2017-132 28/04/2017 Software… §3.3 Results
NB-HPN-0667-q1,5,corpus_doc_0667,paper_0667,3.3,Results,44,0.844930,CERN-THESIS-2017-132 28/04/2017 Software… §3.3 Results
NB-HPN-0667-q1,6,corpus_doc_0667,paper_0667,3.3,Results,38,0.844259,CERN-THESIS-2017-132 28/04/2017 Software… §3.3 Results
NB-HPN-0667-q1,7,corpus_doc_0667,paper_0667,6.2,Architecture,15,0.839850,CERN-THESIS-2017-132 28/04/2017 Software… §6.2 Architecture
NB-HPN-0667-q1,8,corpus_doc_0667,paper_0667,3.3,Results,41,0.817774,CERN-THESIS-2017-132 28/04/2017 Software… §3.3 Results
NB-HPN-0667-q1,9,corpus_doc_0667,paper_0667,3.3,Results,43,0.810202,CERN-THESIS-2017-132 28/04/2017 Software… §3.3 Results
NB-HPN-0667-q1,10,corpus_doc_0667,paper_0667,6.3.2,Evaluation,80,0.782676,CERN-THESIS-2017-132 28/04/2017 Software… §6.3.2 Evaluation
NB-HPN-0667-q1,11,corpus_doc_0667,paper_0667,6.2,Architecture,19,0.742212,CERN-THESIS-2017-132 28/04/2017 Software… §6.2 Architecture
NB-HPN-0667-q1,12,corpus_doc_0667,paper_0667,3.3,Results,36,0.679810,CERN-THESIS-2017-132 28/04/2017 Software… §3.3 Results
NB-HPN-0667-q1,13,corpus_doc_0667,paper_0667,6.3.2,Evaluation,82,0.672558,CERN-THESIS-2017-132 28/04/2017 Software… §6.3.2 Evaluation
NB-HPN-0667-q1,14,corpus_doc_0667,paper_0667,3.3,Results,45,0.533148,CERN-THESIS-2017-132 28/04/2017 Software… §3.3 Results
NB-HPN-0667-q1,15,corpus_doc_1910,paper_1910,III,T He Proposed Methodology,4,0.523299,IEEE/ACM TRANSACTIONS ON NETWORKING 1 En… §III T He Proposed Methodology
NB-HPN-0667-q1,16,corpus_doc_0710,paper_0710,V,Datacenter Traffic Control Techniques,13,0.506123,DATACENTER TRAFFIC CONTROL TECHNIQUES AN… §V Datacenter Traffic Control Techniques
NB-HPN-0667-q1,17,corpus_doc_0667,paper_0667,6.3.2,Evaluation,73,0.502144,CERN-THESIS-2017-132 28/04/2017 Software… §6.3.2 Evaluation
NB-HPN-0667-q1,18,corpus_doc_0667,paper_0667,6.2,Architecture,20,0.445303,CERN-THESIS-2017-132 28/04/2017 Software… §6.2 Architecture
NB-HPN-0667-q1,19,corpus_doc_0710,paper_0710,V,Datacenter Traffic Control Techniques,14,0.366052,DATACENTER TRAFFIC CONTROL TECHNIQUES AN… §V Datacenter Traffic Control Techniques
NB-HPN-0667-q1,20,corpus_doc_1422,paper_1422,5,Related Work,8,0.080771,ExpressPass: End-to-End Credit-based Con… §5 Related Work
NB-HPN-1935-q3,1,corpus_doc_1935,paper_1935,3.1,Design,2,0.989012,IEICE TRANS. COMMUN. VOL. Exx . NO.xx XX… §3.1 Design
NB-HPN-1935-q3,2,corpus_doc_1935,paper_1935,1,Introduction,0,0.979175,IEICE TRANS. COMMUN. VOL. Exx . NO.xx XX… §1 Introduction
NB-HPN-1935-q3,3,corpus_doc_1935,paper_1935,3.1,Design,5,0.978138,IEICE TRANS. COMMUN. VOL. Exx . NO.xx XX… §3.1 Design
NB-HPN-1935-q3,4,corpus_doc_1935,paper_1935,3.1,Design,7,0.974023,IEICE TRANS. COMMUN. VOL. Exx . NO.xx XX… §3.1 Design
NB-HPN-1935-q3,5,corpus_doc_1935,paper_1935,3.1,Design,4,0.973039,IEICE TRANS. COMMUN. VOL. Exx . NO.xx XX… §3.1 Design
NB-HPN-1935-q3,6,corpus_doc_0387,paper_0387,V,Numerical Examples,5,0.970207,On Parameter Tuning of Data Transfer Pro… §V Numerical Examples
NB-HPN-1935-q3,7,corpus_doc_1935,paper_1935,3.1,Design,3,0.958445,IEICE TRANS. COMMUN. VOL. Exx . NO.xx XX… §3.1 Design
NB-HPN-1935-q3,8,corpus_doc_0387,paper_0387,I,Introduction Transmission,1,0.950627,On Parameter Tuning of Data Transfer Pro… §I Introduction Transmission
NB-HPN-1935-q3,9,corpus_doc_1935,paper_1935,3.1,Design,6,0.942051,IEICE TRANS. COMMUN. VOL. Exx . NO.xx XX… §3.1 Design
NB-HPN-1935-q3,10,corpus_doc_1935,paper_1935,1,Introduction,1,0.938812,IEICE TRANS. COMMUN. VOL. Exx . NO.xx XX… §1 Introduction
NB-HPN-1935-q3,11,corpus_doc_0387,paper_0387,V,Numerical Examples,6,0.937375,On Parameter Tuning of Data Transfer Pro… §V Numerical Examples
NB-HPN-1935-q3,12,corpus_doc_1354,paper_1354,2,Related Work,2,0.890402,Dynamic Adaptation of Parallelism Level … §2 Related Work
NB-HPN-1935-q3,13,corpus_doc_1935,paper_1935,3.1,Design,9,0.885046,IEICE TRANS. COMMUN. VOL. Exx . NO.xx XX… §3.1 Design
NB-HPN-1935-q3,14,corpus_doc_1935,paper_1935,5,Conclusion,10,0.855604,IEICE TRANS. COMMUN. VOL. Exx . NO.xx XX… §5 Conclusion
NB-HPN-1935-q3,15,corpus_doc_1935,paper_1935,3.1,Design,8,0.843986,IEICE TRANS. COMMUN. VOL. Exx . NO.xx XX… §3.1 Design
NB-HPN-1935-q3,16,corpus_doc_2093,paper_2093,2.4.1,Overview,27,0.821710,Title Improving TCP Throughput for Cloud… §2.4.1 Overview
NB-HPN-1935-q3,17,corpus_doc_0387,paper_0387,,Abstract,0,0.782406,On Parameter Tuning of Data Transfer Pro… §Abstract
NB-HPN-1935-q3,18,corpus_doc_2030,paper_2030,,Abstract,0,0.747568,E cient Resource Management Scheme of TC… §Abstract
NB-HPN-1935-q3,19,corpus_doc_0387,paper_0387,VI,Conclusions And Future Topics,7,0.710792,On Parameter Tuning of Data Transfer Pro… §VI Conclusions And Future Topics
NB-HPN-1935-q3,20,corpus_doc_2093,paper_2093,2.6,Experiment,35,0.306830,Title Improving TCP Throughput for Cloud… §2.6 Experiment
NB-HPN-0037-q0,1,corpus_doc_0037,paper_0037,,,1,0.983472,Data Center Networking with Multipath TC… §
NB-HPN-0037-q0,2,corpus_doc_0037,paper_0037,,,3,0.966919,Data Center Networking with Multipath TC… §
NB-HPN-0037-q0,3,corpus_doc_0037,paper_0037,,,5,0.920585,Data Center Networking with Multipath TC… §
NB-HPN-0037-q0,4,corpus_doc_0495,paper_0495,,,1,0.918939,AMP: A Better Multipath TCP for Data Cen… §
NB-HPN-0037-q0,5,corpus_doc_0495,paper_0495,,,12,0.914597,AMP: A Better Multipath TCP for Data Cen… §
NB-HPN-0037-q0,6,corpus_doc_0037,paper_0037,,,7,0.911657,Data Center Networking with Multipath TC… §
NB-HPN-0037-q0,7,corpus_doc_1434,paper_1434,6,Related Work,13,0.908958,A Solution to MPTCP s ine ciencies under… §6 Related Work
NB-HPN-0037-q0,8,corpus_doc_0171,paper_0171,I,Introduction,1,0.908710,AMP: An Adaptive Multipath TCP for Data … §I Introduction
NB-HPN-0037-q0,9,corpus_doc_1434,paper_1434,1,Introduction,1,0.898082,A Solution to MPTCP s ine ciencies under… §1 Introduction
NB-HPN-0037-q0,10,corpus_doc_1682,paper_1682,,Abstract,0,0.882917,IEEE/ACM TRANSACTIONS ON NETW ORKING VOL… §Abstract
NB-HPN-0037-q0,11,corpus_doc_0037,paper_0037,,,4,0.881476,Data Center Networking with Multipath TC… §
NB-HPN-0037-q0,12,corpus_doc_2134,paper_2134,,,9,0.861922,arXiv:1709.05712v1 cs. NI 17 Sep 2017 Mu… §
NB-HPN-0037-q0,13,corpus_doc_0617,paper_0617,,Abstract,0,0.859421,Journal of Cloud Computing: Advances Sys… §Abstract
NB-HPN-0037-q0,14,corpus_doc_0037,paper_0037,,,2,0.850442,Data Center Networking with Multipath TC… §
NB-HPN-0037-q0,15,corpus_doc_1837,paper_1837,I,Introduction,1,0.837831,arXiv:1511.09295v2 cs. NI 29 Aug 2016 Ex… §I Introduction
NB-HPN-0037-q0,16,corpus_doc_0617,paper_0617,16,Performance,4,0.789928,Journal of Cloud Computing: Advances Sys… §16 Performance
NB-HPN-0037-q0,17,corpus_doc_0840,paper_0840,,Abstract,0,0.787114,Received February 27 2019 accepted Febru… §Abstract
NB-HPN-0037-q0,18,corpus_doc_0037,paper_0037,,Abstract,0,0.684835,Data Center Networking with Multipath TC… §Abstract
NB-HPN-0037-q0,19,corpus_doc_0691,paper_0691,VI,Rela Ted Work,17,0.649174,This article has been accepted for inclu… §VI Rela Ted Work
NB-HPN-0037-q0,20,corpus_doc_1837,paper_1837,,Abstract,0,0.474748,arXiv:1511.09295v2 cs. NI 29 Aug 2016 Ex… §Abstract
NB-HPN-0322-q1,1,corpus_doc_0322,paper_0322,2,Implementation,4,0.997242,Automatic TCP Buffer Tuning Jeffrey Semk… §2 Implementation
NB-HPN-0322-q1,2,corpus_doc_0322,paper_0322,2,Implementation,3,0.983761,Automatic TCP Buffer Tuning Jeffrey Semk… §2 Implementation
NB-HPN-0322-q1,3,corpus_doc_0246,paper_0246,1,Introduction,3,0.930227,Adaptive Data Block Scheduling or Parall… §1 Introduction
NB-HPN-0322-q1,4,corpus_doc_0566,paper_0566,1,Introduction,1,0.922814,IEICE Communications Express Vol.13 No.6… §1 Introduction
NB-HPN-0322-q1,5,corpus_doc_0246,paper_0246,1,Introduction,2,0.902000,Adaptive Data Block Scheduling or Parall… §1 Introduction
NB-HPN-0322-q1,6,corpus_doc_0117,paper_0117,3,Implementation,3,0.855427,This paper is included in the Proceeding… §3 Implementation
NB-HPN-0322-q1,7,corpus_doc_0893,paper_0893,I,Introduction,1,0.842202,Improving Throughput and Maintaining Fai… §I Introduction
NB-HPN-0322-q1,8,corpus_doc_1681,paper_1681,3,Overview,9,0.841150,A Multilevel Network-assisted Congestion… §3 Overview
NB-HPN-0322-q1,9,corpus_doc_1139,paper_1139,I,Introduction,1,0.841023,Received September 9 2020 accepted Septe… §I Introduction
NB-HPN-0322-q1,10,corpus_doc_1910,paper_1910,III,T He Proposed Methodology,4,0.840854,IEEE/ACM TRANSACTIONS ON NETWORKING 1 En… §III T He Proposed Methodology
NB-HPN-0322-q1,11,corpus_doc_2175,paper_2175,1,Introduction,1,0.825288,Towards Stability Analysis of Data Trans… §1 Introduction
NB-HPN-0322-q1,12,corpus_doc_0730,paper_0730,1,Introduction,1,0.809521,This paper is included in the Proceeding… §1 Introduction
NB-HPN-0322-q1,13,corpus_doc_0765,paper_0765,V,Implementation,6,0.799503,Improving Throughput and Maintaining Fai… §V Implementation
NB-HPN-0322-q1,14,corpus_doc_2175,paper_2175,2,Background,2,0.785858,Towards Stability Analysis of Data Trans… §2 Background
NB-HPN-0322-q1,15,corpus_doc_1702,paper_1702,I,Introduction T He Tcp,1,0.770027,IEEE/ACM TRANSACTIONS ON NETWORKING VOL.… §I Introduction T He Tcp
NB-HPN-0322-q1,16,corpus_doc_0897,paper_0897,5,Experimental,2,0.714281,. . Latest updates: h ps://dl.acm.org/do… §5 Experimental
NB-HPN-0322-q1,17,corpus_doc_1414,paper_1414,I,Introduction,1,0.710941,1 Experimental Evaluation of TCP Protoco… §I Introduction
NB-HPN-0322-q1,18,corpus_doc_1627,paper_1627,1,Introduction,1,0.673439,BBR-With Adaptive Pacing Gain Rates BBR-… §1 Introduction
NB-HPN-0322-q1,19,corpus_doc_0921,paper_0921,II,Analysis Of Tcp Variants In Network,10,0.405043,1 Resilient TCP Variant Enabling Smooth … §II Analysis Of Tcp Variants In Network
NB-HPN-0322-q1,20,corpus_doc_2254,paper_2254,4.1,Design,8,0.354317,MPTD: Optimizing Multi-Path Transport wi… §4.1 Design
NB-HPN-0178-q0,1,corpus_doc_0178,paper_0178,1,Introduction,1,0.790210,Scaling Stateful Network Services on Mul… §1 Introduction
NB-HPN-0178-q0,2,corpus_doc_1687,paper_1687,III,Improvement Recommenda Tions On Efficient Practices,9,0.751964,366 IEEE/ACM TRANSACTIONS ON NETWORKING … §III Improvement Recommenda Tions On Efficient Practices
NB-HPN-0178-q0,3,corpus_doc_1103,paper_1103,1,Introduction,1,0.659843,This paper is included in the Proceeding… §1 Introduction
NB-HPN-0178-q0,4,corpus_doc_1119,paper_1119,2,Background,2,0.657422,State-Compute Replication: Parallelizing… §2 Background
NB-HPN-0178-q0,5,corpus_doc_1945,paper_1945,7.1.3,Performance,1,0.605603,Rosebud: Making FPGA-Accelerated Middleb… §7.1.3 Performance
NB-HPN-0178-q0,6,corpus_doc_1119,paper_1119,1,Introduction,1,0.585056,State-Compute Replication: Parallelizing… §1 Introduction
NB-HPN-0178-q0,7,corpus_doc_0503,paper_0503,1,Introduction,1,0.562785,This paper is included in the Proceeding… §1 Introduction
NB-HPN-0178-q0,8,corpus_doc_0290,paper_0290,5,Related Work,8,0.508580,Flow Management at Multi-Gbps: Tradeoffs… §5 Related Work
NB-HPN-0178-q0,9,corpus_doc_1081,paper_1081,1,Introduction,1,0.506092,. . Latest updates: h ps://dl.acm.org/do… §1 Introduction
NB-HPN-0178-q0,10,corpus_doc_1398,paper_1398,5,Evaluation,10,0.503642,Protected Data Plane OS Using Memory Pro… §5 Evaluation
NB-HPN-0178-q0,11,corpus_doc_1119,paper_1119,2,Background,3,0.494732,State-Compute Replication: Parallelizing… §2 Background
NB-HPN-0178-q0,12,corpus_doc_0005,paper_0005,2,Background,2,0.455931,Joyride: Rethinking Linux s network stac… §2 Background
NB-HPN-0178-q0,13,corpus_doc_0667,paper_0667,3.3,Results,47,0.436729,CERN-THESIS-2017-132 28/04/2017 Software… §3.3 Results
NB-HPN-0178-q0,14,corpus_doc_0425,paper_0425,2.3.2,Background,36,0.353765,HAL Id: tel-02931840 Submitted on 7 Sep … §2.3.2 Background
NB-HPN-0178-q0,15,corpus_doc_1687,paper_1687,I,Introduction Ingeneral,5,0.350162,366 IEEE/ACM TRANSACTIONS ON NETWORKING … §I Introduction Ingeneral
NB-HPN-0178-q0,16,corpus_doc_1320,paper_1320,IV,Sdt Architecture,6,0.164168,1 SDT: Cutting Datacenter Tax Through Si… §IV Sdt Architecture
NB-HPN-0178-q0,17,corpus_doc_1357,paper_1357,VI,Discussion,7,0.119581,2019 IEEE. Personal use of this material… §VI Discussion
NB-HPN-0178-q0,18,corpus_doc_0463,paper_0463,2,Related Work,3,0.089582,Journal of Information Processing Vol.30… §2 Related Work
NB-HPN-0178-q0,19,corpus_doc_1292,paper_1292,2,Related Work,5,0.061551,The International Arab Journal of Inform… §2 Related Work
NB-HPN-0178-q0,20,corpus_doc_0221,paper_0221,VII,Related Work,17,0.042756,354 IEEE/ACM TRANSACTIONS ON NETWORKING … §VII Related Work
NB-HPN-1059-q3,1,corpus_doc_1059,paper_1059,,,5,0.983787,Implementing packet trimming support in … §
NB-HPN-1059-q3,2,corpus_doc_1059,paper_1059,,,11,0.962468,Implementing packet trimming support in … §
NB-HPN-1059-q3,3,corpus_doc_1059,paper_1059,,,9,0.946693,Implementing packet trimming support in … §
NB-HPN-1059-q3,4,corpus_doc_1059,paper_1059,,,12,0.891983,Implementing packet trimming support in … §
NB-HPN-1059-q3,5,corpus_doc_1059,paper_1059,,,10,0.880197,Implementing packet trimming support in … §
NB-HPN-1059-q3,6,corpus_doc_1059,paper_1059,,,7,0.827547,Implementing packet trimming support in … §
NB-HPN-1059-q3,7,corpus_doc_1059,paper_1059,,,4,0.800089,Implementing packet trimming support in … §
NB-HPN-1059-q3,8,corpus_doc_1059,paper_1059,,,3,0.750439,Implementing packet trimming support in … §
NB-HPN-1059-q3,9,corpus_doc_1059,paper_1059,,,8,0.747144,Implementing packet trimming support in … §
NB-HPN-1059-q3,10,corpus_doc_1059,paper_1059,,,6,0.690400,Implementing packet trimming support in … §
NB-HPN-1059-q3,11,corpus_doc_1059,paper_1059,,,2,0.651342,Implementing packet trimming support in … §
NB-HPN-1059-q3,12,corpus_doc_1054,paper_1054,1,Introduction,7,0.578235,SFC: Near-Source Congestion Signaling an… §1 Introduction
NB-HPN-1059-q3,13,corpus_doc_1059,paper_1059,,,1,0.575144,Implementing packet trimming support in … §
NB-HPN-1059-q3,14,corpus_doc_0515,paper_0515,4,Overview,4,0.570928,RESEARCH Open Access The Author s 2025. … §4 Overview
NB-HPN-1059-q3,15,corpus_doc_1239,paper_1239,,,15,0.557516,Re-architecting datacenter networks and … §
NB-HPN-1059-q3,16,corpus_doc_0271,paper_0271,4.3,Results,5,0.346107,P4-based Implementation and Evaluation o… §4.3 Results
NB-HPN-1059-q3,17,corpus_doc_1239,paper_1239,,,4,0.327484,Re-architecting datacenter networks and … §
NB-HPN-1059-q3,18,corpus_doc_1093,paper_1093,IV,Stability Of Reverse Path Congestion Marking,7,0.221510,Accelerating End-host Congestion Respons… §IV Stability Of Reverse Path Congestion Marking
NB-HPN-1059-q3,19,corpus_doc_1990,paper_1990,VII,Complete User Model - Window Control,11,0.167904,arXiv:1303.3796v1 cs. NI 15 Mar 2013 1 T… §VII Complete User Model - Window Control
NB-HPN-1059-q3,20,corpus_doc_1059,paper_1059,,Abstract,0,0.084621,Implementing packet trimming support in … §Abstract
NB-HPN-0316-q3,1,corpus_doc_2107,paper_2107,3.2,Introduction,28,0.958558,LOSSLESS ETHERNET AND ITS APPLICA TIONS … §3.2 Introduction
NB-HPN-0316-q3,2,corpus_doc_1054,paper_1054,1,Introduction,1,0.951131,SFC: Near-Source Congestion Signaling an… §1 Introduction
NB-HPN-0316-q3,3,corpus_doc_0117,paper_0117,3,Implementation,2,0.932741,This paper is included in the Proceeding… §3 Implementation
NB-HPN-0316-q3,4,corpus_doc_0457,paper_0457,II,Problem And Motiv Ation,3,0.926851,1074 IEEE/ACM TRANSACTIONS ON NETWORKING… §II Problem And Motiv Ation
NB-HPN-0316-q3,5,corpus_doc_0316,paper_0316,,Abstract,0,0.923219,Backpressure Flow Control Prateesh Goyal… §Abstract
NB-HPN-0316-q3,6,corpus_doc_0117,paper_0117,3,Design,4,0.918829,This paper is included in the Proceeding… §3 Design
NB-HPN-0316-q3,7,corpus_doc_1661,paper_1661,III,Problem And Motivation,4,0.886631,1 T-RACKs: A Faster Recovery Mechanism f… §III Problem And Motivation
NB-HPN-0316-q3,8,corpus_doc_1702,paper_1702,III,Comparative Testing,3,0.789127,IEEE/ACM TRANSACTIONS ON NETWORKING VOL.… §III Comparative Testing
NB-HPN-0316-q3,9,corpus_doc_1681,paper_1681,2,Related Work,2,0.781704,A Multilevel Network-assisted Congestion… §2 Related Work
NB-HPN-0316-q3,10,corpus_doc_0743,paper_0743,3.1,Overview,2,0.775955,D O I : 1 0 . 1 5 8 7 / t r a n s i n f … §3.1 Overview
NB-HPN-0316-q3,11,corpus_doc_1414,paper_1414,III,Comparative Testing,3,0.754036,1 Experimental Evaluation of TCP Protoco… §III Comparative Testing
NB-HPN-0316-q3,12,corpus_doc_0732,paper_0732,2,Background,14,0.733606,Flow Consolidation for Congestion Contro… §2 Background
NB-HPN-0316-q3,13,corpus_doc_1331,paper_1331,1,Introduction,6,0.714119,H-TCP: TCP for high-speed and long-dista… §1 Introduction
NB-HPN-0316-q3,14,corpus_doc_0447,paper_0447,,,1,0.670676,Continuous In-Network Round-Trip Time Mo… §
NB-HPN-0316-q3,15,corpus_doc_0197,paper_0197,3.1,Framework,3,0.664883,Congestion Control for High Bandwidth-De… §3.1 Framework
NB-HPN-0316-q3,16,corpus_doc_0197,paper_0197,3.1,Framework,2,0.606375,Congestion Control for High Bandwidth-De… §3.1 Framework
NB-HPN-0316-q3,17,corpus_doc_0102,paper_0102,3.1,Background,16,0.547962,A Three Layer Lossless and Low Latency N… §3.1 Background
NB-HPN-0316-q3,18,corpus_doc_0447,paper_0447,,,14,0.516608,Continuous In-Network Round-Trip Time Mo… §
NB-HPN-0316-q3,19,corpus_doc_0848,paper_0848,II,Background,2,0.448773,A Lightweight Routing Layer Using a Reli… §II Background
NB-HPN-0316-q3,20,corpus_doc_0732,paper_0732,3.4.2,Evaluation,31,0.077362,Flow Consolidation for Congestion Contro… §3.4.2 Evaluation
NB-HPN-0428-q1,1,corpus_doc_0763,paper_0763,3.2,Implementation,19,0.983302,NAIST-IS-DD1561026 Doctoral Dissertation… §3.2 Implementation
NB-HPN-0428-q1,2,corpus_doc_2115,paper_2115,I,Introduction,1,0.967598,Improving Data Transfer Throughput with … §I Introduction
NB-HPN-0428-q1,3,corpus_doc_0428,paper_0428,3,Approach,3,0.963316,Journal of Information Processing Vol.25… §3 Approach
NB-HPN-0428-q1,4,corpus_doc_0724,paper_0724,I,Introduction,1,0.957247,Improving Data Transfer Throughput with … §I Introduction
NB-HPN-0428-q1,5,corpus_doc_0724,paper_0724,III,Proposed Approach,4,0.955121,Improving Data Transfer Throughput with … §III Proposed Approach
NB-HPN-0428-q1,6,corpus_doc_2115,paper_2115,III,Proposed Approach,4,0.951056,Improving Data Transfer Throughput with … §III Proposed Approach
NB-HPN-0428-q1,7,corpus_doc_0765,paper_0765,IV,Combined Parallel Tcp Streams,4,0.934505,Improving Throughput and Maintaining Fai… §IV Combined Parallel Tcp Streams
NB-HPN-0428-q1,8,corpus_doc_0817,paper_0817,I,Introduction,2,0.921624,Parallel TCP Sockets: Simple Model Throu… §I Introduction
NB-HPN-0428-q1,9,corpus_doc_1354,paper_1354,2,Related Work,3,0.919534,Dynamic Adaptation of Parallelism Level … §2 Related Work
NB-HPN-0428-q1,10,corpus_doc_0763,paper_0763,2,Background,10,0.887413,NAIST-IS-DD1561026 Doctoral Dissertation… §2 Background
NB-HPN-0428-q1,11,corpus_doc_0893,paper_0893,VI,Methodology,6,0.885765,Improving Throughput and Maintaining Fai… §VI Methodology
NB-HPN-0428-q1,12,corpus_doc_2110,paper_2110,,,4,0.883378,. . Latest updates: h ps://dl.acm.org/do… §
NB-HPN-0428-q1,13,corpus_doc_0765,paper_0765,VI,Methodology,7,0.834349,Improving Throughput and Maintaining Fai… §VI Methodology
NB-HPN-0428-q1,14,corpus_doc_1262,paper_1262,II,Parallel Streaming Protocols,2,0.731986,JOURNAL OF COMMUNICATIONS AND NETWORKS V… §II Parallel Streaming Protocols
NB-HPN-0428-q1,15,corpus_doc_0037,paper_0037,,,1,0.720837,Data Center Networking with Multipath TC… §
NB-HPN-0428-q1,16,corpus_doc_0763,paper_0763,7,Discussion,28,0.682147,NAIST-IS-DD1561026 Doctoral Dissertation… §7 Discussion
NB-HPN-0428-q1,17,corpus_doc_0893,paper_0893,VI,Methodology,5,0.615114,Improving Throughput and Maintaining Fai… §VI Methodology
NB-HPN-0428-q1,18,corpus_doc_2059,paper_2059,2,Background,7,0.595371,NAIST-IS-DD1561029 Doctoral Dissertation… §2 Background
NB-HPN-0428-q1,19,corpus_doc_2059,paper_2059,,Abstract,0,0.492107,NAIST-IS-DD1561029 Doctoral Dissertation… §Abstract
NB-HPN-0428-q1,20,corpus_doc_0495,paper_0495,,,6,0.295352,AMP: A Better Multipath TCP for Data Cen… §
NB-HPN-2237-q2,1,corpus_doc_2237,paper_2237,5.1,Analysis,5,0.984673,RESEARCH ARTICLE P4toNFV: Offloading fro… §5.1 Analysis
NB-HPN-2237-q2,2,corpus_doc_2237,paper_2237,5.1,Analysis,0,0.984607,RESEARCH ARTICLE P4toNFV: Offloading fro… §5.1 Analysis
NB-HPN-2237-q2,3,corpus_doc_2237,paper_2237,5.1,Analysis,3,0.980438,RESEARCH ARTICLE P4toNFV: Offloading fro… §5.1 Analysis
NB-HPN-2237-q2,4,corpus_doc_2237,paper_2237,5.1,Analysis,1,0.969586,RESEARCH ARTICLE P4toNFV: Offloading fro… §5.1 Analysis
NB-HPN-2237-q2,5,corpus_doc_2237,paper_2237,5.1,Analysis,2,0.966843,RESEARCH ARTICLE P4toNFV: Offloading fro… §5.1 Analysis
NB-HPN-2237-q2,6,corpus_doc_2237,paper_2237,5.1,Analysis,6,0.930486,RESEARCH ARTICLE P4toNFV: Offloading fro… §5.1 Analysis
NB-HPN-2237-q2,7,corpus_doc_2237,paper_2237,5.1,Analysis,4,0.930002,RESEARCH ARTICLE P4toNFV: Offloading fro… §5.1 Analysis
NB-HPN-2237-q2,8,corpus_doc_1754,paper_1754,4.1,System,6,0.798536,Task offloading in Cloud -Edge Collabora… §4.1 System
NB-HPN-2237-q2,9,corpus_doc_0935,paper_0935,,Abstract,0,0.786962,Received 5 July 2021 accepted 22 July 20… §Abstract
NB-HPN-2237-q2,10,corpus_doc_1563,paper_1563,4,Experimental,10,0.778049,Computer Networks 216 2022 109227 Availa… §4 Experimental
NB-HPN-2237-q2,11,corpus_doc_2237,paper_2237,5.1,Analysis,8,0.635646,RESEARCH ARTICLE P4toNFV: Offloading fro… §5.1 Analysis
NB-HPN-2237-q2,12,corpus_doc_1563,paper_1563,4.2.1,Results,11,0.616188,Computer Networks 216 2022 109227 Availa… §4.2.1 Results
NB-HPN-2237-q2,13,corpus_doc_0697,paper_0697,VII,Results,14,0.536507,1 An Optimization-enhanced MANO for Ener… §VII Results
NB-HPN-2237-q2,14,corpus_doc_2346,paper_2346,I,Introduction,4,0.511527,Performance Characteristics of the BlueF… §I Introduction
NB-HPN-2237-q2,15,corpus_doc_0474,paper_0474,III,System Model And Problem Formulation,6,0.437272,1 Reducing Service Deployment Cost Throu… §III System Model And Problem Formulation
NB-HPN-2237-q2,16,corpus_doc_0697,paper_0697,IV,System Model,5,0.407821,1 An Optimization-enhanced MANO for Ener… §IV System Model
NB-HPN-2237-q2,17,corpus_doc_1904,paper_1904,V,Results,6,0.379259,IEEE TRANSACTIONS ON NUCLEAR SCIENCE VOL… §V Results
NB-HPN-2237-q2,18,corpus_doc_1754,paper_1754,4.1,System,9,0.261136,Task offloading in Cloud -Edge Collabora… §4.1 System
NB-HPN-2237-q2,19,corpus_doc_1044,paper_1044,IV,Model Evaluation,8,0.196162,Modeling and Performance Analysis of P4 … §IV Model Evaluation
NB-HPN-2237-q2,20,corpus_doc_0430,paper_0430,4,Performance,7,0.120190,On Optimal Probing for Delay and Loss Me… §4 Performance
NB-HPN-0169-q1,1,corpus_doc_0169,paper_0169,1.3,Overview,2,0.982307,End-to-End Available Bandwidth: Measurem… §1.3 Overview
NB-HPN-0169-q1,2,corpus_doc_0169,paper_0169,,Abstract,0,0.980602,End-to-End Available Bandwidth: Measurem… §Abstract
NB-HPN-0169-q1,3,corpus_doc_0100,paper_0100,1.3,Overview,3,0.970417,End-to-End Available Bandwidth: Measurem… §1.3 Overview
NB-HPN-0169-q1,4,corpus_doc_0100,paper_0100,1.3,Overview,4,0.950704,End-to-End Available Bandwidth: Measurem… §1.3 Overview
NB-HPN-0169-q1,5,corpus_doc_0169,paper_0169,1.3,Overview,3,0.922391,End-to-End Available Bandwidth: Measurem… §1.3 Overview
NB-HPN-0169-q1,6,corpus_doc_0169,paper_0169,1.3,Overview,4,0.911762,End-to-End Available Bandwidth: Measurem… §1.3 Overview
NB-HPN-0169-q1,7,corpus_doc_0574,paper_0574,I,Introduction N Ow Adays,1,0.864268,1 Improved Utility-based Congestion Cont… §I Introduction N Ow Adays
NB-HPN-0169-q1,8,corpus_doc_0574,paper_0574,I,Paramers Setting Summary,10,0.834449,1 Improved Utility-based Congestion Cont… §I Paramers Setting Summary
NB-HPN-0169-q1,9,corpus_doc_0574,paper_0574,I,Introduction N Ow Adays,2,0.798218,1 Improved Utility-based Congestion Cont… §I Introduction N Ow Adays
NB-HPN-0169-q1,10,corpus_doc_0966,paper_0966,VIII,Delay-Constrained Messaging,14,0.772171,FlEC: Enhancing QUIC with application-ta… §VIII Delay-Constrained Messaging
NB-HPN-0169-q1,11,corpus_doc_0772,paper_0772,2,Background,4,0.759081,. . Latest updates: h ps://dl.acm.org/do… §2 Background
NB-HPN-0169-q1,12,corpus_doc_2164,paper_2164,2.2,Related Work,6,0.721177,4D-MAP: Multipath Adaptive Packet Schedu… §2.2 Related Work
NB-HPN-0169-q1,13,corpus_doc_1779,paper_1779,1,Performance,5,0.653493,This paper is included in the Proceeding… §1 Performance
NB-HPN-0169-q1,14,corpus_doc_0739,paper_0739,,,6,0.641291,arXiv:1801.02123v1 cs. NI 7 Jan 2018 Tim… §
NB-HPN-0169-q1,15,corpus_doc_0574,paper_0574,I,Paramers Setting Summary,11,0.561724,1 Improved Utility-based Congestion Cont… §I Paramers Setting Summary
NB-HPN-0169-q1,16,corpus_doc_0169,paper_0169,1.3,Overview,5,0.513222,End-to-End Available Bandwidth: Measurem… §1.3 Overview
NB-HPN-0169-q1,17,corpus_doc_0574,paper_0574,I,Introduction N Ow Adays,5,0.468524,1 Improved Utility-based Congestion Cont… §I Introduction N Ow Adays
NB-HPN-0169-q1,18,corpus_doc_1128,paper_1128,1.1,Motivation,4,0.247005,Computing manuscript No. will be inserte… §1.1 Motivation
NB-HPN-0169-q1,19,corpus_doc_1414,paper_1414,V,Results,11,0.111432,1 Experimental Evaluation of TCP Protoco… §V Results
NB-HPN-0169-q1,20,corpus_doc_0649,paper_0649,IV,Emulating Bdp,11,0.060510,arXiv:1101.0562v1 cs. NI 3 Jan 2011 1 Bu… §IV Emulating Bdp
NB-HPN-1414-q3,1,corpus_doc_1702,paper_1702,V,Results,10,0.993366,IEEE/ACM TRANSACTIONS ON NETWORKING VOL.… §V Results
NB-HPN-1414-q3,2,corpus_doc_1702,paper_1702,III,Comparative Testing,4,0.985540,IEEE/ACM TRANSACTIONS ON NETWORKING VOL.… §III Comparative Testing
NB-HPN-1414-q3,3,corpus_doc_1414,paper_1414,III,Comparative Testing,4,0.980995,1 Experimental Evaluation of TCP Protoco… §III Comparative Testing
NB-HPN-1414-q3,4,corpus_doc_1414,paper_1414,V,Results,10,0.979278,1 Experimental Evaluation of TCP Protoco… §V Results
NB-HPN-1414-q3,5,corpus_doc_1702,paper_1702,V,Results,9,0.976957,IEEE/ACM TRANSACTIONS ON NETWORKING VOL.… §V Results
NB-HPN-1414-q3,6,corpus_doc_1702,paper_1702,I,Introduction T He Tcp,1,0.931844,IEEE/ACM TRANSACTIONS ON NETWORKING VOL.… §I Introduction T He Tcp
NB-HPN-1414-q3,7,corpus_doc_0176,paper_0176,,,0,0.928051,58 COMMUNICATIONS OF THE ACM FEBRUARY 20… §
NB-HPN-1414-q3,8,corpus_doc_1414,paper_1414,I,Introduction,1,0.924004,1 Experimental Evaluation of TCP Protoco… §I Introduction
NB-HPN-1414-q3,9,corpus_doc_0197,paper_0197,3.1,Framework,6,0.879552,Congestion Control for High Bandwidth-De… §3.1 Framework
NB-HPN-1414-q3,10,corpus_doc_1379,paper_1379,IV,Experiment Setup,6,0.848064,BBR Fairness Evaluation Using NS-3 Linch… §IV Experiment Setup
NB-HPN-1414-q3,11,corpus_doc_0307,paper_0307,4.1,Experimental,5,0.829945,Revisiting Network Support for RDMA Exte… §4.1 Experimental
NB-HPN-1414-q3,12,corpus_doc_0667,paper_0667,3.3,Results,35,0.785029,CERN-THESIS-2017-132 28/04/2017 Software… §3.3 Results
NB-HPN-1414-q3,13,corpus_doc_1627,paper_1627,1,Introduction,1,0.776515,BBR-With Adaptive Pacing Gain Rates BBR-… §1 Introduction
NB-HPN-1414-q3,14,corpus_doc_0954,paper_0954,V,Architecture And Proposed Model Inspired By,9,0.728172,Received November 21 2018 accepted Decem… §V Architecture And Proposed Model Inspired By
NB-HPN-1414-q3,15,corpus_doc_0712,paper_0712,IV,Tsq Tp And Aggregation Interference,5,0.720286,IEEE/ACM TRANSACTIONS ON NETWOR KING VOL… §IV Tsq Tp And Aggregation Interference
NB-HPN-1414-q3,16,corpus_doc_1250,paper_1250,1,Introduction,6,0.616329,. . Latest updates: h ps://dl.acm.org/do… §1 Introduction
NB-HPN-1414-q3,17,corpus_doc_1379,paper_1379,III,Bbr Overview,3,0.608761,BBR Fairness Evaluation Using NS-3 Linch… §III Bbr Overview
NB-HPN-1414-q3,18,corpus_doc_0817,paper_0817,V,Experimental Results,12,0.454664,Parallel TCP Sockets: Simple Model Throu… §V Experimental Results
NB-HPN-1414-q3,19,corpus_doc_0169,paper_0169,5.2,Experimental,12,0.405154,End-to-End Available Bandwidth: Measurem… §5.2 Experimental
NB-HPN-1414-q3,20,corpus_doc_0169,paper_0169,5.2,Experimental,9,0.279543,End-to-End Available Bandwidth: Measurem… §5.2 Experimental
NB-HPN-1097-q2,1,corpus_doc_1097,paper_1097,IV,Further Insights,5,0.953613,Data transfer between scienti c faciliti… §IV Further Insights
NB-HPN-1097-q2,2,corpus_doc_1097,paper_1097,IV,Further Insights,6,0.759111,Data transfer between scienti c faciliti… §IV Further Insights
NB-HPN-1097-q2,3,corpus_doc_1097,paper_1097,VI,Prefetching,9,0.657386,Data transfer between scienti c faciliti… §VI Prefetching
NB-HPN-1097-q2,4,corpus_doc_1028,paper_1028,,,4,0.515795,Time Series Analysis for Efficient Sampl… §
NB-HPN-1097-q2,5,corpus_doc_0599,paper_0599,2,Related Work,2,0.515608,Using Regression Techniques to Predict L… §2 Related Work
NB-HPN-1097-q2,6,corpus_doc_0839,paper_0839,,,6,0.484837,F e B R u A RY 2 0 1 2 V o L . 5 5 N o. … §
NB-HPN-1097-q2,7,corpus_doc_1028,paper_1028,,,2,0.405942,Time Series Analysis for Efficient Sampl… §
NB-HPN-1097-q2,8,corpus_doc_1097,paper_1097,VIII,Conclusion,11,0.387300,Data transfer between scienti c faciliti… §VIII Conclusion
NB-HPN-1097-q2,9,corpus_doc_1657,paper_1657,IV,Experimental Ev Alua Tion,6,0.347691,2016 IEEE International Conference on Bi… §IV Experimental Ev Alua Tion
NB-HPN-1097-q2,10,corpus_doc_2342,paper_2342,2,Background,3,0.333663,Journal Pre-proof Moving small files in … §2 Background
NB-HPN-1097-q2,11,corpus_doc_0635,paper_0635,III,Problem Definition,3,0.327444,Swift and Accurate End-to-End Throughput… §III Problem Definition
NB-HPN-1097-q2,12,corpus_doc_1438,paper_1438,,,10,0.313578,Online Optimization of File Transfers in… §
NB-HPN-1097-q2,13,corpus_doc_1438,paper_1438,,,2,0.308329,Online Optimization of File Transfers in… §
NB-HPN-1097-q2,14,corpus_doc_0798,paper_0798,,,6,0.240250,A Data Throughput Prediction and Optimiz… §
NB-HPN-1097-q2,15,corpus_doc_1046,paper_1046,,,4,0.193967,1 High-Speed T ransfer Optimization Base… §
NB-HPN-1097-q2,16,corpus_doc_1985,paper_1985,2,Background,3,0.140475,Stork Data Scheduler: Mitigating the Dat… §2 Background
NB-HPN-1097-q2,17,corpus_doc_0519,paper_0519,,Abstract,0,0.130900,TERAGRID 2007 CONFERENCE MADISON WI 1 Gr… §Abstract
NB-HPN-1097-q2,18,corpus_doc_0406,paper_0406,5.1,Experiment,1,0.118261,See discussions stats and author profile… §5.1 Experiment
NB-HPN-1097-q2,19,corpus_doc_2342,paper_2342,2.2,Motivation,7,0.077631,Journal Pre-proof Moving small files in … §2.2 Motivation
NB-HPN-1097-q2,20,corpus_doc_0733,paper_0733,I,Introduction,1,0.031392,Machine Learning for Data Transfer Anoma… §I Introduction
NB-HPN-0027-q2,1,corpus_doc_0027,paper_0027,3,Performance,4,0.990770,HAL Id: cea-04672564 Submitted on 19 Aug… §3 Performance
NB-HPN-0027-q2,2,corpus_doc_0027,paper_0027,3,Performance,3,0.960686,HAL Id: cea-04672564 Submitted on 19 Aug… §3 Performance
NB-HPN-0027-q2,3,corpus_doc_0027,paper_0027,2,Background,2,0.916409,HAL Id: cea-04672564 Submitted on 19 Aug… §2 Background
NB-HPN-0027-q2,4,corpus_doc_0027,paper_0027,3,Performance,5,0.871108,HAL Id: cea-04672564 Submitted on 19 Aug… §3 Performance
NB-HPN-0027-q2,5,corpus_doc_0027,paper_0027,3,Performance,6,0.853921,HAL Id: cea-04672564 Submitted on 19 Aug… §3 Performance
NB-HPN-0027-q2,6,corpus_doc_1680,paper_1680,5.4,Performance,10,0.777875,A Two-Phase Dynamic Throughput Optimizat… §5.4 Performance
NB-HPN-0027-q2,7,corpus_doc_0820,paper_0820,1,Introduction,3,0.532946,978-1-4244-1694-3/08/$25.00 2008 IEEE Pe… §1 Introduction
NB-HPN-0027-q2,8,corpus_doc_1927,paper_1927,II,Rela Tedwork,3,0.479801,IEEE TRANSACTIONS ON PARALLEL AND DISTRI… §II Rela Tedwork
NB-HPN-0027-q2,9,corpus_doc_0027,paper_0027,6,Conclusion,7,0.429929,HAL Id: cea-04672564 Submitted on 19 Aug… §6 Conclusion
NB-HPN-0027-q2,10,corpus_doc_2355,paper_2355,4.1,Experiment,7,0.368320,Can Inter-VM Shmem Bene t MPI Applicatio… §4.1 Experiment
NB-HPN-0027-q2,11,corpus_doc_1830,paper_1830,I,Introduction,2,0.308500,LLNL-CONF-819099 GPU-aware Communication… §I Introduction
NB-HPN-0027-q2,12,corpus_doc_1803,paper_1803,3,Analysis,11,0.177762,TCP Behavior of a Busy Intemet Server: A… §3 Analysis
NB-HPN-0027-q2,13,corpus_doc_1687,paper_1687,IV,Experiments And Discussions Nalm,12,0.138019,366 IEEE/ACM TRANSACTIONS ON NETWORKING … §IV Experiments And Discussions Nalm
NB-HPN-0027-q2,14,corpus_doc_2115,paper_2115,III,Proposed Approach,5,0.131269,Improving Data Transfer Throughput with … §III Proposed Approach
NB-HPN-0027-q2,15,corpus_doc_1152,paper_1152,3,Analysis,11,0.086879,TCP Behavior of a Busy Internet Server: … §3 Analysis
NB-HPN-0027-q2,16,corpus_doc_1419,paper_1419,1,Introduction,4,0.066484,Vol:. 1234567890 The Journal of Supercom… §1 Introduction
NB-HPN-0027-q2,17,corpus_doc_0322,paper_0322,2,Implementation,6,0.060117,Automatic TCP Buffer Tuning Jeffrey Semk… §2 Implementation
NB-HPN-0027-q2,18,corpus_doc_1927,paper_1927,III,Motiv Ation,5,0.049620,IEEE TRANSACTIONS ON PARALLEL AND DISTRI… §III Motiv Ation
NB-HPN-0027-q2,19,corpus_doc_2093,paper_2093,4,Performance,66,0.027709,Title Improving TCP Throughput for Cloud… §4 Performance
NB-HPN-0027-q2,20,corpus_doc_2167,paper_2167,5,Results,11,0.011438,. . Latest updates: h ps://dl.acm.org/do… §5 Results
NB-HPN-1743-q1,1,corpus_doc_1743,paper_1743,,,2,0.973974,MIT Open Access Articles NUMFabric: Fast… §
NB-HPN-1743-q1,2,corpus_doc_1743,paper_1743,,,1,0.928590,MIT Open Access Articles NUMFabric: Fast… §
NB-HPN-1743-q1,3,corpus_doc_1743,paper_1743,,,3,0.914072,MIT Open Access Articles NUMFabric: Fast… §
NB-HPN-1743-q1,4,corpus_doc_0156,paper_0156,6,Discussion,6,0.911327,Don t Hate the Player Hate the Game: Saf… §6 Discussion
NB-HPN-1743-q1,5,corpus_doc_0710,paper_0710,VI,Open Challenges,25,0.869787,DATACENTER TRAFFIC CONTROL TECHNIQUES AN… §VI Open Challenges
NB-HPN-1743-q1,6,corpus_doc_1800,paper_1800,2,Related Work,5,0.861929,TSINGHUA SCIENCE AND TECHNOLOGY ISSNll10… §2 Related Work
NB-HPN-1743-q1,7,corpus_doc_1446,paper_1446,IV,From Offline To Online Scheduling,9,0.845995,HAL Id: hal-04632942 Submitted on 3 Jul … §IV From Offline To Online Scheduling
NB-HPN-1743-q1,8,corpus_doc_2153,paper_2153,II,Related Work,6,0.733943,1 Utility Fair Rate Allocation in LTE/80… §II Related Work
NB-HPN-1743-q1,9,corpus_doc_0383,paper_0383,II,Problem Formulation,4,0.670185,arXiv:1003.5239v2 cs. NI 20 Aug 2010 IEE… §II Problem Formulation
NB-HPN-1743-q1,10,corpus_doc_0156,paper_0156,2,Related Work,2,0.571401,Don t Hate the Player Hate the Game: Saf… §2 Related Work
NB-HPN-1743-q1,11,corpus_doc_0660,paper_0660,V,Interpretation With Respect To Traffic Theory,11,0.492729,IEEE/ACM TRANSACTIONS ON NETWOR KING VOL… §V Interpretation With Respect To Traffic Theory
NB-HPN-1743-q1,12,corpus_doc_2327,paper_2327,VII,Rela Ted Work,15,0.468054,IEEE/ACM TRANSACTIONS ON NETW ORKING VOL… §VII Rela Ted Work
NB-HPN-1743-q1,13,corpus_doc_1820,paper_1820,1,Introduction,2,0.411218,See discussions stats and author profile… §1 Introduction
NB-HPN-1743-q1,14,corpus_doc_1473,paper_1473,III,Problem Formulation,6,0.371757,1 BOLA: Near-Optimal Bitrate Adaptation … §III Problem Formulation
NB-HPN-1743-q1,15,corpus_doc_1820,paper_1820,1,Introduction,5,0.354242,See discussions stats and author profile… §1 Introduction
NB-HPN-1743-q1,16,corpus_doc_1438,paper_1438,,,3,0.312312,Online Optimization of File Transfers in… §
NB-HPN-1743-q1,17,corpus_doc_2028,paper_2028,III,Structural Properties,5,0.311779,1 Multipath TCP: Analysis Design and Imp… §III Structural Properties
NB-HPN-1743-q1,18,corpus_doc_1399,paper_1399,IV,Computing The Optimal Configuration,4,0.281286,This is a postprint version of the follo… §IV Computing The Optimal Configuration
NB-HPN-1743-q1,19,corpus_doc_1085,paper_1085,III,T He Converse Bound,8,0.178697,1540 IEEE/ACM TRANSACTIONS ON NETWOR KIN… §III T He Converse Bound
NB-HPN-1743-q1,20,corpus_doc_1820,paper_1820,,Abstract,0,0.003595,See discussions stats and author profile… §Abstract
NB-HPN-2329-q0,1,corpus_doc_2329,paper_2329,3.6,Experimental,4,0.929911,Updating the Theory of Buffer Sizing BRU… §3.6 Experimental
NB-HPN-2329-q0,2,corpus_doc_2329,paper_2329,3.6,Experimental,6,0.916316,Updating the Theory of Buffer Sizing BRU… §3.6 Experimental
NB-HPN-2329-q0,3,corpus_doc_2329,paper_2329,3.6,Experimental,0,0.910109,Updating the Theory of Buffer Sizing BRU… §3.6 Experimental
NB-HPN-2329-q0,4,corpus_doc_2329,paper_2329,3.6,Experimental,1,0.902094,Updating the Theory of Buffer Sizing BRU… §3.6 Experimental
NB-HPN-2329-q0,5,corpus_doc_2329,paper_2329,3.6,Experimental,5,0.875539,Updating the Theory of Buffer Sizing BRU… §3.6 Experimental
NB-HPN-2329-q0,6,corpus_doc_2329,paper_2329,3.6,Experimental,2,0.866740,Updating the Theory of Buffer Sizing BRU… §3.6 Experimental
NB-HPN-2329-q0,7,corpus_doc_2329,paper_2329,3.6,Experimental,3,0.856273,Updating the Theory of Buffer Sizing BRU… §3.6 Experimental
NB-HPN-2329-q0,8,corpus_doc_0649,paper_0649,VII,Related Work,17,0.808900,arXiv:1101.0562v1 cs. NI 3 Jan 2011 1 Bu… §VII Related Work
NB-HPN-2329-q0,9,corpus_doc_1910,paper_1910,V,Implementation And Experiments A,10,0.716995,IEEE/ACM TRANSACTIONS ON NETWORKING 1 En… §V Implementation And Experiments A
NB-HPN-2329-q0,10,corpus_doc_1903,paper_1903,VII,Related Work,17,0.715237,1 Alleviating Congestion via Switch Desi… §VII Related Work
NB-HPN-2329-q0,11,corpus_doc_2265,paper_2265,I,Introduction,1,0.680821,1 Socket Buffer Auto-Sizing for High-Per… §I Introduction
NB-HPN-2329-q0,12,corpus_doc_1903,paper_1903,VI,Evaluation,14,0.638268,1 Alleviating Congestion via Switch Desi… §VI Evaluation
NB-HPN-2329-q0,13,corpus_doc_0667,paper_0667,3.3,Results,34,0.502377,CERN-THESIS-2017-132 28/04/2017 Software… §3.3 Results
NB-HPN-2329-q0,14,corpus_doc_1903,paper_1903,VI,Evaluation,15,0.424965,1 Alleviating Congestion via Switch Desi… §VI Evaluation
NB-HPN-2329-q0,15,corpus_doc_1903,paper_1903,VI,Evaluation,16,0.363782,1 Alleviating Congestion via Switch Desi… §VI Evaluation
NB-HPN-2329-q0,16,corpus_doc_2265,paper_2265,II,Socket Buffer Size And Tcp Throughput,3,0.196979,1 Socket Buffer Auto-Sizing for High-Per… §II Socket Buffer Size And Tcp Throughput
NB-HPN-2329-q0,17,corpus_doc_2265,paper_2265,,Abstract,0,0.159223,1 Socket Buffer Auto-Sizing for High-Per… §Abstract
NB-HPN-2329-q0,18,corpus_doc_2265,paper_2265,II,Socket Buffer Size And Tcp Throughput,5,0.144730,1 Socket Buffer Auto-Sizing for High-Per… §II Socket Buffer Size And Tcp Throughput
NB-HPN-2329-q0,19,corpus_doc_0484,paper_0484,4.1,Background,28,0.083178,CONGESTION CONTROL MECHANISMS FOR INTER-… §4.1 Background
NB-HPN-2329-q0,20,corpus_doc_0484,paper_0484,3.6,Related Work,25,0.078849,CONGESTION CONTROL MECHANISMS FOR INTER-… §3.6 Related Work
NB-HPN-1814-q1,1,corpus_doc_1814,paper_1814,I,Introduction,1,0.992775,Data Transfer Advisor with Transport Pro… §I Introduction
NB-HPN-1814-q1,2,corpus_doc_0083,paper_0083,2.3,Implementation,4,0.975105,1 UDT: UDP-based Data Transfer for High-… §2.3 Implementation
NB-HPN-1814-q1,3,corpus_doc_0047,paper_0047,2.3,Implementation,6,0.966047,UDT: UDP-based data transfer for high-sp… §2.3 Implementation
NB-HPN-1814-q1,4,corpus_doc_0083,paper_0083,2.3,Implementation,3,0.961109,1 UDT: UDP-based Data Transfer for High-… §2.3 Implementation
NB-HPN-1814-q1,5,corpus_doc_0083,paper_0083,5.1,Evaluation,14,0.946651,1 UDT: UDP-based Data Transfer for High-… §5.1 Evaluation
NB-HPN-1814-q1,6,corpus_doc_1931,paper_1931,6.3.1,Motivation,78,0.916714,Dynamic Tuning of Parallel/Distributed A… §6.3.1 Motivation
NB-HPN-1814-q1,7,corpus_doc_0586,paper_0586,15,Experimental,11,0.904259,2280 IEEE/ACM TRANSACTIONS ON NETWORKING… §15 Experimental
NB-HPN-1814-q1,8,corpus_doc_0047,paper_0047,4.2.4,Performance,13,0.888204,UDT: UDP-based data transfer for high-sp… §4.2.4 Performance
NB-HPN-1814-q1,9,corpus_doc_0176,paper_0176,,,0,0.882136,58 COMMUNICATIONS OF THE ACM FEBRUARY 20… §
NB-HPN-1814-q1,10,corpus_doc_0586,paper_0586,15,Experimental,10,0.863551,2280 IEEE/ACM TRANSACTIONS ON NETWORKING… §15 Experimental
NB-HPN-1814-q1,11,corpus_doc_0176,paper_0176,,,1,0.853165,58 COMMUNICATIONS OF THE ACM FEBRUARY 20… §
NB-HPN-1814-q1,12,corpus_doc_1919,paper_1919,,Abstract,0,0.846135,1 Application-Level Optimization of Big … §Abstract
NB-HPN-1814-q1,13,corpus_doc_0978,paper_0978,1,Introduction,1,0.839862,UDT as an Alternative Transport Protocol… §1 Introduction
NB-HPN-1814-q1,14,corpus_doc_0596,paper_0596,IV,Implementation,5,0.804067,Los Alamos an affirmative action/equal o… §IV Implementation
NB-HPN-1814-q1,15,corpus_doc_1331,paper_1331,1,Introduction,6,0.786428,H-TCP: TCP for high-speed and long-dista… §1 Introduction
NB-HPN-1814-q1,16,corpus_doc_2265,paper_2265,II,Socket Buffer Size And Tcp Throughput,4,0.736628,1 Socket Buffer Auto-Sizing for High-Per… §II Socket Buffer Size And Tcp Throughput
NB-HPN-1814-q1,17,corpus_doc_2265,paper_2265,II,Socket Buffer Size And Tcp Throughput,5,0.734094,1 Socket Buffer Auto-Sizing for High-Per… §II Socket Buffer Size And Tcp Throughput
NB-HPN-1814-q1,18,corpus_doc_2265,paper_2265,II,Socket Buffer Size And Tcp Throughput,3,0.718794,1 Socket Buffer Auto-Sizing for High-Per… §II Socket Buffer Size And Tcp Throughput
NB-HPN-1814-q1,19,corpus_doc_0447,paper_0447,,,10,0.613844,Continuous In-Network Round-Trip Time Mo… §
NB-HPN-1814-q1,20,corpus_doc_0917,paper_0917,6,Performance,2,0.547491,TCP Throughput Profiles Using Measuremen… §6 Performance
NB-HPN-1985-q2,1,corpus_doc_1985,paper_1985,2,Background,2,0.987979,Stork Data Scheduler: Mitigating the Dat… §2 Background
NB-HPN-1985-q2,2,corpus_doc_1623,paper_1623,1,Introduction,2,0.961644,Journal of Physics: Conference Series OP… §1 Introduction
NB-HPN-1985-q2,3,corpus_doc_1623,paper_1623,6,Conclusions,7,0.936707,Journal of Physics: Conference Series OP… §6 Conclusions
NB-HPN-1985-q2,4,corpus_doc_1623,paper_1623,1,Introduction,1,0.895144,Journal of Physics: Conference Series OP… §1 Introduction
NB-HPN-1985-q2,5,corpus_doc_1623,paper_1623,1,Introduction,5,0.795468,Journal of Physics: Conference Series OP… §1 Introduction
NB-HPN-1985-q2,6,corpus_doc_1623,paper_1623,1,Introduction,6,0.790432,Journal of Physics: Conference Series OP… §1 Introduction
NB-HPN-1985-q2,7,corpus_doc_1623,paper_1623,1,Introduction,4,0.559267,Journal of Physics: Conference Series OP… §1 Introduction
NB-HPN-1985-q2,8,corpus_doc_1623,paper_1623,,Abstract,0,0.490189,Journal of Physics: Conference Series OP… §Abstract
NB-HPN-1985-q2,9,corpus_doc_2067,paper_2067,,,6,0.344848,SciTokens: Capability-Based Secure Acces… §
NB-HPN-1985-q2,10,corpus_doc_1403,paper_1403,3.2,Results,3,0.285688,Preparing for In Situ Processing on Upco… §3.2 Results
NB-HPN-1985-q2,11,corpus_doc_0382,paper_0382,4.6,Performance,5,0.249007,Use Only What You Need: Judicious Parall… §4.6 Performance
NB-HPN-1985-q2,12,corpus_doc_1403,paper_1403,3.1,Analysis,2,0.228389,Preparing for In Situ Processing on Upco… §3.1 Analysis
NB-HPN-1985-q2,13,corpus_doc_2287,paper_2287,5.2,Evaluation,10,0.164411,Journal of Grid Computing manuscript No.… §5.2 Evaluation
NB-HPN-1985-q2,14,corpus_doc_2067,paper_2067,,,1,0.114717,SciTokens: Capability-Based Secure Acces… §
NB-HPN-1985-q2,15,corpus_doc_0665,paper_0665,6.2,Experimental,11,0.080547,End-to-End Online Performance Data Captu… §6.2 Experimental
NB-HPN-1985-q2,16,corpus_doc_0923,paper_0923,V,Fast Probing Method For Peak Transfer,7,0.065263,Experimental Analysis of File Transfer R… §V Fast Probing Method For Peak Transfer
NB-HPN-1985-q2,17,corpus_doc_2061,paper_2061,3.3,Results,8,0.052595,Low-latency remote-of oading system for … §3.3 Results
NB-HPN-1985-q2,18,corpus_doc_0729,paper_0729,3.3,Results,9,0.037633,Scienti c Programming 19 2011 27 43 27 D… §3.3 Results
NB-HPN-1985-q2,19,corpus_doc_0820,paper_0820,96,System,5,0.035062,978-1-4244-1694-3/08/$25.00 2008 IEEE Pe… §96 System
NB-HPN-1985-q2,20,corpus_doc_0684,paper_0684,IV,Evaluations,9,0.007735,QuickCast: Fast and Ef cient Inter-Datac… §IV Evaluations
NB-HPN-1303-q1,1,corpus_doc_1303,paper_1303,II,Target System And Methodology,4,0.949929,Understanding and Improving Computationa… §II Target System And Methodology
NB-HPN-1303-q1,2,corpus_doc_1303,paper_1303,I,Introduction,1,0.897367,Understanding and Improving Computationa… §I Introduction
NB-HPN-1303-q1,3,corpus_doc_1694,paper_1694,3,Evaluation,5,0.847163,A Comparative Analysis of DAOS for Simul… §3 Evaluation
NB-HPN-1303-q1,4,corpus_doc_1650,paper_1650,3.1,Overview,9,0.845067,HPC Global File System Performance Analy… §3.1 Overview
NB-HPN-1303-q1,5,corpus_doc_1267,paper_1267,I,Introduction,1,0.725362,Diagnosing Anomalous Network Performance… §I Introduction
NB-HPN-1303-q1,6,corpus_doc_2331,paper_2331,V,Case Studies,10,0.713369,24/7 Characterization of Petascale I/O W… §V Case Studies
NB-HPN-1303-q1,7,corpus_doc_2331,paper_2331,III,Background,3,0.631091,24/7 Characterization of Petascale I/O W… §III Background
NB-HPN-1303-q1,8,corpus_doc_0046,paper_0046,III,Performance Ensembles,4,0.603224,Parallel I/O Performance: From Events to… §III Performance Ensembles
NB-HPN-1303-q1,9,corpus_doc_1650,paper_1650,3.1,Overview,15,0.484774,HPC Global File System Performance Analy… §3.1 Overview
NB-HPN-1303-q1,10,corpus_doc_2331,paper_2331,V,Case Studies,11,0.464199,24/7 Characterization of Petascale I/O W… §V Case Studies
NB-HPN-1303-q1,11,corpus_doc_0820,paper_0820,96,System,5,0.405095,978-1-4244-1694-3/08/$25.00 2008 IEEE Pe… §96 System
NB-HPN-1303-q1,12,corpus_doc_0573,paper_0573,I,Default Simulation Settings,9,0.348388,HyLine: a Simple and Practical Flow Sche… §I Default Simulation Settings
NB-HPN-1303-q1,13,corpus_doc_1303,paper_1303,,Abstract,0,0.326041,Understanding and Improving Computationa… §Abstract
NB-HPN-1303-q1,14,corpus_doc_1650,paper_1650,3.1,Overview,16,0.323408,HPC Global File System Performance Analy… §3.1 Overview
NB-HPN-1303-q1,15,corpus_doc_1588,paper_1588,29,Performance,8,0.316027,. . Latest updates: h ps://dl.acm.org/do… §29 Performance
NB-HPN-1303-q1,16,corpus_doc_1566,paper_1566,IV,Deployment,6,0.239467,It Takes a Village: Monitoring the Blue … §IV Deployment
NB-HPN-1303-q1,17,corpus_doc_0046,paper_0046,III,Performance Ensembles,8,0.195360,Parallel I/O Performance: From Events to… §III Performance Ensembles
NB-HPN-1303-q1,18,corpus_doc_1932,paper_1932,2.2,System,6,0.139520,This is a repository copy of Parallel fi… §2.2 System
NB-HPN-1303-q1,19,corpus_doc_0269,paper_0269,V,Numerical Results,7,0.117575,Modeling Inter-DC Bulk Data Transfer in … §V Numerical Results
NB-HPN-1303-q1,20,corpus_doc_0820,paper_0820,3.1.3,System,4,0.084367,978-1-4244-1694-3/08/$25.00 2008 IEEE Pe… §3.1.3 System
NB-HPN-1025-q1,1,corpus_doc_1025,paper_1025,5.2,Analysis,10,0.987526,No Signal to Rule Them All: A Systematic… §5.2 Analysis
NB-HPN-1025-q1,2,corpus_doc_1025,paper_1025,1,Introduction,2,0.985030,No Signal to Rule Them All: A Systematic… §1 Introduction
NB-HPN-1025-q1,3,corpus_doc_1025,paper_1025,5,Results,9,0.980318,No Signal to Rule Them All: A Systematic… §5 Results
NB-HPN-1025-q1,4,corpus_doc_1025,paper_1025,5.2,Analysis,11,0.970031,No Signal to Rule Them All: A Systematic… §5.2 Analysis
NB-HPN-1025-q1,5,corpus_doc_1025,paper_1025,5,Results,8,0.963590,No Signal to Rule Them All: A Systematic… §5 Results
NB-HPN-1025-q1,6,corpus_doc_1025,paper_1025,5,Results,7,0.961745,No Signal to Rule Them All: A Systematic… §5 Results
NB-HPN-1025-q1,7,corpus_doc_1025,paper_1025,5.2,Analysis,12,0.928549,No Signal to Rule Them All: A Systematic… §5.2 Analysis
NB-HPN-1025-q1,8,corpus_doc_1025,paper_1025,,Abstract,0,0.918782,No Signal to Rule Them All: A Systematic… §Abstract
NB-HPN-1025-q1,9,corpus_doc_1025,paper_1025,1,Introduction,1,0.848950,No Signal to Rule Them All: A Systematic… §1 Introduction
NB-HPN-1025-q1,10,corpus_doc_1025,paper_1025,5.2,Analysis,13,0.834303,No Signal to Rule Them All: A Systematic… §5.2 Analysis
NB-HPN-1025-q1,11,corpus_doc_1025,paper_1025,5.2,Analysis,14,0.794414,No Signal to Rule Them All: A Systematic… §5.2 Analysis
NB-HPN-1025-q1,12,corpus_doc_1701,paper_1701,VI,In-Band Network Telemetry Int,7,0.764892,Received May 14 2021 accepted May 27 202… §VI In-Band Network Telemetry Int
NB-HPN-1025-q1,13,corpus_doc_1025,paper_1025,8,Related Work,15,0.668647,No Signal to Rule Them All: A Systematic… §8 Related Work
NB-HPN-1025-q1,14,corpus_doc_0306,paper_0306,1,Introduction,2,0.642856,This work is licensed under a Creative C… §1 Introduction
NB-HPN-1025-q1,15,corpus_doc_1563,paper_1563,4,Experimental,10,0.487043,Computer Networks 216 2022 109227 Availa… §4 Experimental
NB-HPN-1025-q1,16,corpus_doc_2362,paper_2362,VI,Related Work,10,0.438805,1 Deterministic and Probabilistic P4-Ena… §VI Related Work
NB-HPN-1025-q1,17,corpus_doc_1563,paper_1563,1,Introduction,6,0.409914,Computer Networks 216 2022 109227 Availa… §1 Introduction
NB-HPN-1025-q1,18,corpus_doc_0842,paper_0842,5,Introduction,14,0.278759,Vehicular Network Processor Design for S… §5 Introduction
NB-HPN-1025-q1,19,corpus_doc_1502,paper_1502,1,Introduction,0,0.219286,IEICE TRANS. INF. & SYST. VOL. E102 D NO… §1 Introduction
NB-HPN-1025-q1,20,corpus_doc_0174,paper_0174,3.2,Implementation,3,0.125010,AMERICAN ACADEMIC PUBLISHER 1 INTERNATIO… §3.2 Implementation
NB-HPN-0596-q1,1,corpus_doc_0596,paper_0596,III,Dynamic Right -Sizing,3,0.996004,Los Alamos an affirmative action/equal o… §III Dynamic Right -Sizing
NB-HPN-0596-q1,2,corpus_doc_0596,paper_0596,II,Receivers Need Conservative Windows,2,0.988210,Los Alamos an affirmative action/equal o… §II Receivers Need Conservative Windows
NB-HPN-0596-q1,3,corpus_doc_1803,paper_1803,3,Analysis,4,0.984452,TCP Behavior of a Busy Intemet Server: A… §3 Analysis
NB-HPN-0596-q1,4,corpus_doc_1152,paper_1152,3,Analysis,4,0.978457,TCP Behavior of a Busy Internet Server: … §3 Analysis
NB-HPN-0596-q1,5,corpus_doc_0596,paper_0596,V,Experimental Results,7,0.973398,Los Alamos an affirmative action/equal o… §V Experimental Results
NB-HPN-0596-q1,6,corpus_doc_0569,paper_0569,3.3,Analysis,4,0.961372,Measuring end-to-end bandwidth with Iper… §3.3 Analysis
NB-HPN-0596-q1,7,corpus_doc_1152,paper_1152,3,Analysis,5,0.961074,TCP Behavior of a Busy Internet Server: … §3 Analysis
NB-HPN-0596-q1,8,corpus_doc_1803,paper_1803,3,Analysis,5,0.954260,TCP Behavior of a Busy Intemet Server: A… §3 Analysis
NB-HPN-0596-q1,9,corpus_doc_0897,paper_0897,,Abstract,0,0.931187,. . Latest updates: h ps://dl.acm.org/do… §Abstract
NB-HPN-0596-q1,10,corpus_doc_0569,paper_0569,2,Motivation,3,0.928059,Measuring end-to-end bandwidth with Iper… §2 Motivation
NB-HPN-0596-q1,11,corpus_doc_1539,paper_1539,III,T He Proposed Methodology Tcp,3,0.914255,1 FairQ: Fair and Fast Rate Allocation i… §III T He Proposed Methodology Tcp
NB-HPN-0596-q1,12,corpus_doc_0897,paper_0897,5,Experimental,2,0.908611,. . Latest updates: h ps://dl.acm.org/do… §5 Experimental
NB-HPN-0596-q1,13,corpus_doc_1903,paper_1903,III,T He Proposed Methodology Tcp,4,0.904266,1 Alleviating Congestion via Switch Desi… §III T He Proposed Methodology Tcp
NB-HPN-0596-q1,14,corpus_doc_0249,paper_0249,IV,Application To Optimistic Ack,6,0.884696,HAL Id: hal-03480222 Submitted on 14 Dec… §IV Application To Optimistic Ack
NB-HPN-0596-q1,15,corpus_doc_1139,paper_1139,I,Introduction,1,0.881062,Received September 9 2020 accepted Septe… §I Introduction
NB-HPN-0596-q1,16,corpus_doc_1262,paper_1262,II,Parallel Streaming Protocols,3,0.880980,JOURNAL OF COMMUNICATIONS AND NETWORKS V… §II Parallel Streaming Protocols
NB-HPN-0596-q1,17,corpus_doc_2265,paper_2265,II,Socket Buffer Size And Tcp Throughput,3,0.845552,1 Socket Buffer Auto-Sizing for High-Per… §II Socket Buffer Size And Tcp Throughput
NB-HPN-0596-q1,18,corpus_doc_1278,paper_1278,2,Related Work,1,0.807268,The Nucleus 58 No. 1-4 2021 1-8 www.then… §2 Related Work
NB-HPN-0596-q1,19,corpus_doc_1278,paper_1278,3,Analysis,5,0.736721,The Nucleus 58 No. 1-4 2021 1-8 www.then… §3 Analysis
NB-HPN-0596-q1,20,corpus_doc_1990,paper_1990,VII,Complete User Model - Window Control,11,0.729272,arXiv:1303.3796v1 cs. NI 15 Mar 2013 1 T… §VII Complete User Model - Window Control
NB-HPN-2024-q1,1,corpus_doc_2024,paper_2024,9,References,5,0.945753,DOE Network 2025: Network Research Probl… §9 References
NB-HPN-2024-q1,2,corpus_doc_2265,paper_2265,I,Introduction,1,0.875187,1 Socket Buffer Auto-Sizing for High-Per… §I Introduction
NB-HPN-2024-q1,3,corpus_doc_1021,paper_1021,II,Problem Statement,2,0.834788,eprints whiterose.ac.uk Universities of … §II Problem Statement
NB-HPN-2024-q1,4,corpus_doc_1414,paper_1414,I,Introduction,1,0.798901,1 Experimental Evaluation of TCP Protoco… §I Introduction
NB-HPN-2024-q1,5,corpus_doc_0341,paper_0341,I,Introduction,1,0.780376,Z-stack: A High-performance DPDK-based Z… §I Introduction
NB-HPN-2024-q1,6,corpus_doc_0306,paper_0306,1,Introduction,1,0.703247,This work is licensed under a Creative C… §1 Introduction
NB-HPN-2024-q1,7,corpus_doc_0341,paper_0341,II,Related Work,2,0.676610,Z-stack: A High-performance DPDK-based Z… §II Related Work
NB-HPN-2024-q1,8,corpus_doc_0473,paper_0473,1,Introduction,3,0.626477,Modelling Energy Consumption of Network … §1 Introduction
NB-HPN-2024-q1,9,corpus_doc_1702,paper_1702,II,Some Pitfalls,2,0.565135,IEEE/ACM TRANSACTIONS ON NETWORKING VOL.… §II Some Pitfalls
NB-HPN-2024-q1,10,corpus_doc_1414,paper_1414,III,Comparative Testing,3,0.515300,1 Experimental Evaluation of TCP Protoco… §III Comparative Testing
NB-HPN-2024-q1,11,corpus_doc_0763,paper_0763,2,Background,11,0.509276,NAIST-IS-DD1561026 Doctoral Dissertation… §2 Background
NB-HPN-2024-q1,12,corpus_doc_2093,paper_2093,3.1,Introduction,39,0.502968,Title Improving TCP Throughput for Cloud… §3.1 Introduction
NB-HPN-2024-q1,13,corpus_doc_0848,paper_0848,I,Introduction,1,0.493279,A Lightweight Routing Layer Using a Reli… §I Introduction
NB-HPN-2024-q1,14,corpus_doc_0710,paper_0710,VII,Related Paradigms,28,0.492278,DATACENTER TRAFFIC CONTROL TECHNIQUES AN… §VII Related Paradigms
NB-HPN-2024-q1,15,corpus_doc_1414,paper_1414,II,Some Pitfalls,2,0.481638,1 Experimental Evaluation of TCP Protoco… §II Some Pitfalls
NB-HPN-2024-q1,16,corpus_doc_0717,paper_0717,III,Hardware Service Mesh And Challenge,10,0.416663,JOURNAL OF TRANSACTIONS ON COMPUTERS VOL… §III Hardware Service Mesh And Challenge
NB-HPN-2024-q1,17,corpus_doc_0536,paper_0536,1.0,Introduction,1,0.395071,1 The End-to-End Performance Effects of … §1.0 Introduction
NB-HPN-2024-q1,18,corpus_doc_0037,paper_0037,,,2,0.384091,Data Center Networking with Multipath TC… §
NB-HPN-2024-q1,19,corpus_doc_1526,paper_1526,I,Introduction And Motivation,0,0.183185,I. INTRODUCTION AND MOTIVATION For nearl… §I Introduction And Motivation
NB-HPN-2024-q1,20,corpus_doc_2007,paper_2007,,,15,0.123494,. . Latest updates: h ps://dl.acm.org/do… §
NB-HPN-0176-q2,1,corpus_doc_1931,paper_1931,6.3.1,Motivation,79,0.949005,Dynamic Tuning of Parallel/Distributed A… §6.3.1 Motivation
NB-HPN-0176-q2,2,corpus_doc_1819,paper_1819,I,Introduction,1,0.946586,FaiRTT: An Empirical Approach for Enhanc… §I Introduction
NB-HPN-0176-q2,3,corpus_doc_1702,paper_1702,V,Results,10,0.939196,IEEE/ACM TRANSACTIONS ON NETWORKING VOL.… §V Results
NB-HPN-0176-q2,4,corpus_doc_0176,paper_0176,,,0,0.872932,58 COMMUNICATIONS OF THE ACM FEBRUARY 20… §
NB-HPN-0176-q2,5,corpus_doc_2282,paper_2282,I,Introduction,1,0.864645,Received January 19 2021 accepted Februa… §I Introduction
NB-HPN-0176-q2,6,corpus_doc_1702,paper_1702,V,Results,9,0.840066,IEEE/ACM TRANSACTIONS ON NETWORKING VOL.… §V Results
NB-HPN-0176-q2,7,corpus_doc_0667,paper_0667,3.3,Results,35,0.807550,CERN-THESIS-2017-132 28/04/2017 Software… §3.3 Results
NB-HPN-0176-q2,8,corpus_doc_1379,paper_1379,IV,Experiment Setup,6,0.806232,BBR Fairness Evaluation Using NS-3 Linch… §IV Experiment Setup
NB-HPN-0176-q2,9,corpus_doc_1367,paper_1367,1,Introduction,1,0.805139,2BRobust - Overcoming TCP BBR Performanc… §1 Introduction
NB-HPN-0176-q2,10,corpus_doc_1379,paper_1379,III,Bbr Overview,3,0.801913,BBR Fairness Evaluation Using NS-3 Linch… §III Bbr Overview
NB-HPN-0176-q2,11,corpus_doc_2282,paper_2282,I,Introduction,9,0.795139,Received January 19 2021 accepted Februa… §I Introduction
NB-HPN-0176-q2,12,corpus_doc_0176,paper_0176,,,1,0.779208,58 COMMUNICATIONS OF THE ACM FEBRUARY 20… §
NB-HPN-0176-q2,13,corpus_doc_2282,paper_2282,I,Introduction,7,0.766701,Received January 19 2021 accepted Februa… §I Introduction
NB-HPN-0176-q2,14,corpus_doc_2282,paper_2282,I,Introduction,11,0.746662,Received January 19 2021 accepted Februa… §I Introduction
NB-HPN-0176-q2,15,corpus_doc_2282,paper_2282,I,Introduction,8,0.659275,Received January 19 2021 accepted Februa… §I Introduction
NB-HPN-0176-q2,16,corpus_doc_2282,paper_2282,I,Introduction,10,0.571842,Received January 19 2021 accepted Februa… §I Introduction
NB-HPN-0176-q2,17,corpus_doc_0732,paper_0732,2,Background,14,0.536613,Flow Consolidation for Congestion Contro… §2 Background
NB-HPN-0176-q2,18,corpus_doc_0169,paper_0169,5.2,Experimental,12,0.344962,End-to-End Available Bandwidth: Measurem… §5.2 Experimental
NB-HPN-0176-q2,19,corpus_doc_0176,paper_0176,,,4,0.169904,58 COMMUNICATIONS OF THE ACM FEBRUARY 20… §
NB-HPN-0176-q2,20,corpus_doc_1128,paper_1128,1.1,Motivation,4,0.056514,Computing manuscript No. will be inserte… §1.1 Motivation
NB-HPN-0591-q1,1,corpus_doc_0522,paper_0522,20,Experimental,16,0.822706,. . Latest updates: h ps://dl.acm.org/do… §20 Experimental
NB-HPN-0591-q1,2,corpus_doc_0484,paper_0484,3.1,Background,10,0.822515,CONGESTION CONTROL MECHANISMS FOR INTER-… §3.1 Background
NB-HPN-0591-q1,3,corpus_doc_2262,paper_2262,,,14,0.815193,. . Latest updates: h ps://dl.acm.org/do… §
NB-HPN-0591-q1,4,corpus_doc_0299,paper_0299,II,Background,2,0.808411,Spritz: Path-Aware Load Balancing in Low… §II Background
NB-HPN-0591-q1,5,corpus_doc_1625,paper_1625,VI,Experimental Results,8,0.766982,Received January 27 2021 accepted Februa… §VI Experimental Results
NB-HPN-0591-q1,6,corpus_doc_1250,paper_1250,1,Introduction,6,0.728747,. . Latest updates: h ps://dl.acm.org/do… §1 Introduction
NB-HPN-0591-q1,7,corpus_doc_0522,paper_0522,5.1,Experiments,12,0.716784,. . Latest updates: h ps://dl.acm.org/do… §5.1 Experiments
NB-HPN-0591-q1,8,corpus_doc_0710,paper_0710,III,Datacenter Networks,8,0.700157,DATACENTER TRAFFIC CONTROL TECHNIQUES AN… §III Datacenter Networks
NB-HPN-0591-q1,9,corpus_doc_0710,paper_0710,V,Datacenter Traffic Control Techniques,16,0.633903,DATACENTER TRAFFIC CONTROL TECHNIQUES AN… §V Datacenter Traffic Control Techniques
NB-HPN-0591-q1,10,corpus_doc_0054,paper_0054,III,Experimental Methodology,7,0.610238,Methods for Predicting Behavior of Eleph… §III Experimental Methodology
NB-HPN-0591-q1,11,corpus_doc_0054,paper_0054,III,Experimental Methodology,9,0.610238,Methods for Predicting Behavior of Eleph… §III Experimental Methodology
NB-HPN-0591-q1,12,corpus_doc_0054,paper_0054,III,Experimental Methodology,5,0.610238,Methods for Predicting Behavior of Eleph… §III Experimental Methodology
NB-HPN-0591-q1,13,corpus_doc_0484,paper_0484,3.2.1,Design,14,0.525733,CONGESTION CONTROL MECHANISMS FOR INTER-… §3.2.1 Design
NB-HPN-0591-q1,14,corpus_doc_0522,paper_0522,322,Design,4,0.396529,. . Latest updates: h ps://dl.acm.org/do… §322 Design
NB-HPN-0591-q1,15,corpus_doc_0484,paper_0484,3.2.1,Design,13,0.384943,CONGESTION CONTROL MECHANISMS FOR INTER-… §3.2.1 Design
NB-HPN-0591-q1,16,corpus_doc_2329,paper_2329,3.6,Experimental,3,0.230853,Updating the Theory of Buffer Sizing BRU… §3.6 Experimental
NB-HPN-0591-q1,17,corpus_doc_0097,paper_0097,2,Related Work,7,0.209264,P4TE: PISA Switch Based Tra c Engineerin… §2 Related Work
NB-HPN-0591-q1,18,corpus_doc_2329,paper_2329,3.6,Experimental,0,0.147514,Updating the Theory of Buffer Sizing BRU… §3.6 Experimental
NB-HPN-0591-q1,19,corpus_doc_2329,paper_2329,3.6,Experimental,6,0.099370,Updating the Theory of Buffer Sizing BRU… §3.6 Experimental
NB-HPN-0591-q1,20,corpus_doc_1813,paper_1813,5,Evaluation,14,0.077982,Canary: Congestion-Aware In-Network Allr… §5 Evaluation
NB-HPN-1116-q2,1,corpus_doc_1931,paper_1931,6.3.1,Motivation,79,0.947751,Dynamic Tuning of Parallel/Distributed A… §6.3.1 Motivation
NB-HPN-1116-q2,2,corpus_doc_0649,paper_0649,VII,Related Work,17,0.943722,arXiv:1101.0562v1 cs. NI 3 Jan 2011 1 Bu… §VII Related Work
NB-HPN-1116-q2,3,corpus_doc_0817,paper_0817,I,Introduction,2,0.915740,Parallel TCP Sockets: Simple Model Throu… §I Introduction
NB-HPN-1116-q2,4,corpus_doc_1116,paper_1116,4,Performance,2,0.910158,Balancing TCP Buffer vs Parallel Streams… §4 Performance
NB-HPN-1116-q2,5,corpus_doc_0649,paper_0649,I,Introduction,1,0.896211,arXiv:1101.0562v1 cs. NI 3 Jan 2011 1 Bu… §I Introduction
NB-HPN-1116-q2,6,corpus_doc_0387,paper_0387,IV,Steady State Analysis,4,0.889244,On Parameter Tuning of Data Transfer Pro… §IV Steady State Analysis
NB-HPN-1116-q2,7,corpus_doc_1931,paper_1931,6.3.1,Motivation,78,0.886987,Dynamic Tuning of Parallel/Distributed A… §6.3.1 Motivation
NB-HPN-1116-q2,8,corpus_doc_2265,paper_2265,II,Socket Buffer Size And Tcp Throughput,5,0.869108,1 Socket Buffer Auto-Sizing for High-Per… §II Socket Buffer Size And Tcp Throughput
NB-HPN-1116-q2,9,corpus_doc_2282,paper_2282,I,Introduction,1,0.803876,Received January 19 2021 accepted Februa… §I Introduction
NB-HPN-1116-q2,10,corpus_doc_0649,paper_0649,IV,Emulating Bdp,6,0.785861,arXiv:1101.0562v1 cs. NI 3 Jan 2011 1 Bu… §IV Emulating Bdp
NB-HPN-1116-q2,11,corpus_doc_2265,paper_2265,II,Socket Buffer Size And Tcp Throughput,3,0.764209,1 Socket Buffer Auto-Sizing for High-Per… §II Socket Buffer Size And Tcp Throughput
NB-HPN-1116-q2,12,corpus_doc_1862,paper_1862,I,Introduction,2,0.761898,Parallel TCP Sockets: Simple Model Throu… §I Introduction
NB-HPN-1116-q2,13,corpus_doc_1414,paper_1414,V,Results,10,0.746007,1 Experimental Evaluation of TCP Protoco… §V Results
NB-HPN-1116-q2,14,corpus_doc_0618,paper_0618,2,Related Work,6,0.668365,Scalable Socket Buffer Tuning for High-p… §2 Related Work
NB-HPN-1116-q2,15,corpus_doc_0547,paper_0547,IV,Measurements Of Delay,5,0.635825,Unknown §IV Measurements Of Delay
NB-HPN-1116-q2,16,corpus_doc_2030,paper_2030,2,Related Works,2,0.551123,E cient Resource Management Scheme of TC… §2 Related Works
NB-HPN-1116-q2,17,corpus_doc_1379,paper_1379,III,Bbr Overview,3,0.414183,BBR Fairness Evaluation Using NS-3 Linch… §III Bbr Overview
NB-HPN-1116-q2,18,corpus_doc_1354,paper_1354,2,Related Work,2,0.369760,Dynamic Adaptation of Parallelism Level … §2 Related Work
NB-HPN-1116-q2,19,corpus_doc_0547,paper_0547,VI,Conclusion,7,0.114698,Unknown §VI Conclusion
NB-HPN-1116-q2,20,corpus_doc_2265,paper_2265,V,Experimental Results,11,0.072031,1 Socket Buffer Auto-Sizing for High-Per… §V Experimental Results
NB-HPN-0819-q1,1,corpus_doc_1379,paper_1379,IV,Experiment Setup,4,0.917997,BBR Fairness Evaluation Using NS-3 Linch… §IV Experiment Setup
NB-HPN-0819-q1,2,corpus_doc_1931,paper_1931,6.3.1,Motivation,78,0.910664,Dynamic Tuning of Parallel/Distributed A… §6.3.1 Motivation
NB-HPN-0819-q1,3,corpus_doc_0917,paper_0917,,Abstract,0,0.906553,TCP Throughput Profiles Using Measuremen… §Abstract
NB-HPN-0819-q1,4,corpus_doc_0893,paper_0893,I,Introduction,1,0.881607,Improving Throughput and Maintaining Fai… §I Introduction
NB-HPN-0819-q1,5,corpus_doc_0447,paper_0447,,,1,0.870531,Continuous In-Network Round-Trip Time Mo… §
NB-HPN-0819-q1,6,corpus_doc_1702,paper_1702,III,Comparative Testing,3,0.855218,IEEE/ACM TRANSACTIONS ON NETWORKING VOL.… §III Comparative Testing
NB-HPN-0819-q1,7,corpus_doc_2282,paper_2282,I,Introduction,3,0.853996,Received January 19 2021 accepted Februa… §I Introduction
NB-HPN-0819-q1,8,corpus_doc_0932,paper_0932,1,Introduction,1,0.847941,This paper is included in the Proceeding… §1 Introduction
NB-HPN-0819-q1,9,corpus_doc_0932,paper_0932,4,Evaluation,8,0.845828,This paper is included in the Proceeding… §4 Evaluation
NB-HPN-0819-q1,10,corpus_doc_0765,paper_0765,IV,Combined Parallel Tcp Streams,4,0.817762,Improving Throughput and Maintaining Fai… §IV Combined Parallel Tcp Streams
NB-HPN-0819-q1,11,corpus_doc_0194,paper_0194,5,Analysis,6,0.786907,Observing real Multipath TCP tra c Viet-… §5 Analysis
NB-HPN-0819-q1,12,corpus_doc_0457,paper_0457,VI,Rela Ted Work,16,0.766716,1074 IEEE/ACM TRANSACTIONS ON NETWORKING… §VI Rela Ted Work
NB-HPN-0819-q1,13,corpus_doc_0765,paper_0765,III,Related Work,3,0.762051,Improving Throughput and Maintaining Fai… §III Related Work
NB-HPN-0819-q1,14,corpus_doc_1910,paper_1910,II,Background,3,0.753477,IEEE/ACM TRANSACTIONS ON NETWORKING 1 En… §II Background
NB-HPN-0819-q1,15,corpus_doc_1942,paper_1942,III,Motivating Use Of Cross -Layer Information,3,0.733519,QAware: A Cross-Layer Approach to MPTCP … §III Motivating Use Of Cross -Layer Information
NB-HPN-0819-q1,16,corpus_doc_1331,paper_1331,1,Introduction,6,0.728924,H-TCP: TCP for high-speed and long-dista… §1 Introduction
NB-HPN-0819-q1,17,corpus_doc_0596,paper_0596,IV,Implementation,5,0.720019,Los Alamos an affirmative action/equal o… §IV Implementation
NB-HPN-0819-q1,18,corpus_doc_0457,paper_0457,II,Problem And Motiv Ation,4,0.706349,1074 IEEE/ACM TRANSACTIONS ON NETWORKING… §II Problem And Motiv Ation
NB-HPN-0819-q1,19,corpus_doc_0457,paper_0457,I,Introduction T He,2,0.613060,1074 IEEE/ACM TRANSACTIONS ON NETWORKING… §I Introduction T He
NB-HPN-0819-q1,20,corpus_doc_1414,paper_1414,V,Results,10,0.593091,1 Experimental Evaluation of TCP Protoco… §V Results
NB-HPN-1539-q1,1,corpus_doc_1903,paper_1903,III,T He Proposed Methodology Tcp,6,0.988287,1 Alleviating Congestion via Switch Desi… §III T He Proposed Methodology Tcp
NB-HPN-1539-q1,2,corpus_doc_0457,paper_0457,II,Problem And Motiv Ation,3,0.928534,1074 IEEE/ACM TRANSACTIONS ON NETWORKING… §II Problem And Motiv Ation
NB-HPN-1539-q1,3,corpus_doc_0790,paper_0790,IV,Proposed Solution,5,0.923655,CASH: Class-aware AQM via in-Switch Hyst… §IV Proposed Solution
NB-HPN-1539-q1,4,corpus_doc_1903,paper_1903,V,System Implementation Dcn,10,0.921261,1 Alleviating Congestion via Switch Desi… §V System Implementation Dcn
NB-HPN-1539-q1,5,corpus_doc_0012,paper_0012,,,3,0.920880,Is Network the Bottleneck of Distributed… §
NB-HPN-1539-q1,6,corpus_doc_1910,paper_1910,III,T He Proposed Methodology,6,0.917254,IEEE/ACM TRANSACTIONS ON NETWORKING 1 En… §III T He Proposed Methodology
NB-HPN-1539-q1,7,corpus_doc_0306,paper_0306,1,Introduction,1,0.908493,This work is licensed under a Creative C… §1 Introduction
NB-HPN-1539-q1,8,corpus_doc_1032,paper_1032,1,Introduction,1,0.903749,It s Time to Replace TCP in the Datacent… §1 Introduction
NB-HPN-1539-q1,9,corpus_doc_0932,paper_0932,1,Introduction,1,0.856960,This paper is included in the Proceeding… §1 Introduction
NB-HPN-1539-q1,10,corpus_doc_1539,paper_1539,III,T He Proposed Methodology Tcp,5,0.853361,1 FairQ: Fair and Fast Rate Allocation i… §III T He Proposed Methodology Tcp
NB-HPN-1539-q1,11,corpus_doc_0848,paper_0848,II,Background,2,0.852961,A Lightweight Routing Layer Using a Reli… §II Background
NB-HPN-1539-q1,12,corpus_doc_2107,paper_2107,1.1,Motivation,12,0.794575,LOSSLESS ETHERNET AND ITS APPLICA TIONS … §1.1 Motivation
NB-HPN-1539-q1,13,corpus_doc_0165,paper_0165,8.1,Introduction,107,0.792499,Accept e sur proposition du jury pour l … §8.1 Introduction
NB-HPN-1539-q1,14,corpus_doc_0667,paper_0667,3.3,Results,41,0.761439,CERN-THESIS-2017-132 28/04/2017 Software… §3.3 Results
NB-HPN-1539-q1,15,corpus_doc_0596,paper_0596,VI,Conclusions,8,0.737040,Los Alamos an affirmative action/equal o… §VI Conclusions
NB-HPN-1539-q1,16,corpus_doc_1903,paper_1903,V,System Implementation Dcn,11,0.701688,1 Alleviating Congestion via Switch Desi… §V System Implementation Dcn
NB-HPN-1539-q1,17,corpus_doc_0732,paper_0732,2,Background,16,0.654152,Flow Consolidation for Congestion Contro… §2 Background
NB-HPN-1539-q1,18,corpus_doc_1239,paper_1239,,,12,0.651976,Re-architecting datacenter networks and … §
NB-HPN-1539-q1,19,corpus_doc_1910,paper_1910,II,Background,3,0.523607,IEEE/ACM TRANSACTIONS ON NETWORKING 1 En… §II Background
NB-HPN-1539-q1,20,corpus_doc_1152,paper_1152,3,Analysis,7,0.364282,TCP Behavior of a Busy Internet Server: … §3 Analysis
NB-HPN-0596-q2,1,corpus_doc_0596,paper_0596,IV,Implementation,5,0.943711,Los Alamos an affirmative action/equal o… §IV Implementation
NB-HPN-0596-q2,2,corpus_doc_0817,paper_0817,I,Introduction,2,0.926479,Parallel TCP Sockets: Simple Model Throu… §I Introduction
NB-HPN-0596-q2,3,corpus_doc_0596,paper_0596,III,Dynamic Right -Sizing,3,0.908239,Los Alamos an affirmative action/equal o… §III Dynamic Right -Sizing
NB-HPN-0596-q2,4,corpus_doc_1862,paper_1862,I,Introduction,2,0.895566,Parallel TCP Sockets: Simple Model Throu… §I Introduction
NB-HPN-0596-q2,5,corpus_doc_0569,paper_0569,2,Motivation,2,0.889520,Measuring end-to-end bandwidth with Iper… §2 Motivation
NB-HPN-0596-q2,6,corpus_doc_1931,paper_1931,6.3.1,Motivation,78,0.875836,Dynamic Tuning of Parallel/Distributed A… §6.3.1 Motivation
NB-HPN-0596-q2,7,corpus_doc_0596,paper_0596,V,Experimental Results,7,0.831568,Los Alamos an affirmative action/equal o… §V Experimental Results
NB-HPN-0596-q2,8,corpus_doc_1116,paper_1116,4,Performance,2,0.820502,Balancing TCP Buffer vs Parallel Streams… §4 Performance
NB-HPN-0596-q2,9,corpus_doc_1931,paper_1931,6.3.1,Motivation,79,0.769657,Dynamic Tuning of Parallel/Distributed A… §6.3.1 Motivation
NB-HPN-0596-q2,10,corpus_doc_2265,paper_2265,II,Socket Buffer Size And Tcp Throughput,3,0.673446,1 Socket Buffer Auto-Sizing for High-Per… §II Socket Buffer Size And Tcp Throughput
NB-HPN-0596-q2,11,corpus_doc_1331,paper_1331,1,Introduction,6,0.626940,H-TCP: TCP for high-speed and long-dista… §1 Introduction
NB-HPN-0596-q2,12,corpus_doc_0176,paper_0176,,,0,0.617176,58 COMMUNICATIONS OF THE ACM FEBRUARY 20… §
NB-HPN-0596-q2,13,corpus_doc_0169,paper_0169,5.2,Experimental,11,0.553773,End-to-End Available Bandwidth: Measurem… §5.2 Experimental
NB-HPN-0596-q2,14,corpus_doc_0897,paper_0897,5,Experimental,2,0.545050,. . Latest updates: h ps://dl.acm.org/do… §5 Experimental
NB-HPN-0596-q2,15,corpus_doc_0100,paper_0100,5.2,Experimental,13,0.506895,End-to-End Available Bandwidth: Measurem… §5.2 Experimental
NB-HPN-0596-q2,16,corpus_doc_0569,paper_0569,3.3,Analysis,4,0.495455,Measuring end-to-end bandwidth with Iper… §3.3 Analysis
NB-HPN-0596-q2,17,corpus_doc_0966,paper_0966,III,Tunable Reliability Mechanisms,4,0.464881,FlEC: Enhancing QUIC with application-ta… §III Tunable Reliability Mechanisms
NB-HPN-0596-q2,18,corpus_doc_1990,paper_1990,VII,Complete User Model - Window Control,11,0.140105,arXiv:1303.3796v1 cs. NI 15 Mar 2013 1 T… §VII Complete User Model - Window Control
NB-HPN-0596-q2,19,corpus_doc_2255,paper_2255,4.1,Design,11,0.100204,This paper is included in the Proceeding… §4.1 Design
NB-HPN-0596-q2,20,corpus_doc_1113,paper_1113,1,Introduction,5,0.055594,Performance Evaluation 64 2007 948 964 w… §1 Introduction
NB-HPN-0569-q2,1,corpus_doc_0897,paper_0897,,Abstract,0,0.953075,. . Latest updates: h ps://dl.acm.org/do… §Abstract
NB-HPN-0569-q2,2,corpus_doc_1139,paper_1139,III,Tcp Slow-Start Revisited,3,0.934740,Received September 9 2020 accepted Septe… §III Tcp Slow-Start Revisited
NB-HPN-0569-q2,3,corpus_doc_0569,paper_0569,2,Motivation,2,0.932354,Measuring end-to-end bandwidth with Iper… §2 Motivation
NB-HPN-0569-q2,4,corpus_doc_0047,paper_0047,2.3,Implementation,6,0.928039,UDT: UDP-based data transfer for high-sp… §2.3 Implementation
NB-HPN-0569-q2,5,corpus_doc_2040,paper_2040,II,Methodology,4,0.856737,Passive Identi cation and Analysis of TC… §II Methodology
NB-HPN-0569-q2,6,corpus_doc_0547,paper_0547,IV,Measurements Of Delay,5,0.816167,Unknown §IV Measurements Of Delay
NB-HPN-0569-q2,7,corpus_doc_1331,paper_1331,1,Introduction,6,0.812830,H-TCP: TCP for high-speed and long-dista… §1 Introduction
NB-HPN-0569-q2,8,corpus_doc_1414,paper_1414,V,Results,8,0.783405,1 Experimental Evaluation of TCP Protoco… §V Results
NB-HPN-0569-q2,9,corpus_doc_2265,paper_2265,IV,Socket Buffer Auto-Sizing Sobas,7,0.710038,1 Socket Buffer Auto-Sizing for High-Per… §IV Socket Buffer Auto-Sizing Sobas
NB-HPN-0569-q2,10,corpus_doc_0536,paper_0536,1.0,Introduction,2,0.686689,1 The End-to-End Performance Effects of … §1.0 Introduction
NB-HPN-0569-q2,11,corpus_doc_0897,paper_0897,5,Experimental,2,0.598158,. . Latest updates: h ps://dl.acm.org/do… §5 Experimental
NB-HPN-0569-q2,12,corpus_doc_1931,paper_1931,6.3.1,Motivation,79,0.581446,Dynamic Tuning of Parallel/Distributed A… §6.3.1 Motivation
NB-HPN-0569-q2,13,corpus_doc_2020,paper_2020,4.1,Overview,1,0.580107,On the Predictability of Large Transfer … §4.1 Overview
NB-HPN-0569-q2,14,corpus_doc_0596,paper_0596,III,Dynamic Right -Sizing,3,0.571836,Los Alamos an affirmative action/equal o… §III Dynamic Right -Sizing
NB-HPN-0569-q2,15,corpus_doc_0169,paper_0169,5.2,Experimental,8,0.406739,End-to-End Available Bandwidth: Measurem… §5.2 Experimental
NB-HPN-0569-q2,16,corpus_doc_0169,paper_0169,5.2,Experimental,14,0.381798,End-to-End Available Bandwidth: Measurem… §5.2 Experimental
NB-HPN-0569-q2,17,corpus_doc_1379,paper_1379,III,Bbr Overview,3,0.333450,BBR Fairness Evaluation Using NS-3 Linch… §III Bbr Overview
NB-HPN-0569-q2,18,corpus_doc_0169,paper_0169,5.2,Experimental,11,0.294602,End-to-End Available Bandwidth: Measurem… §5.2 Experimental
NB-HPN-0569-q2,19,corpus_doc_0100,paper_0100,5.2,Experimental,10,0.256587,End-to-End Available Bandwidth: Measurem… §5.2 Experimental
NB-HPN-0569-q2,20,corpus_doc_0194,paper_0194,5,Analysis,6,0.122364,Observing real Multipath TCP tra c Viet-… §5 Analysis
NB-HPN-1801-q2,1,corpus_doc_0369,paper_0369,2,Motivation,3,0.919514,This paper is included in the Proceeding… §2 Motivation
NB-HPN-1801-q2,2,corpus_doc_1801,paper_1801,2,Motivation,3,0.907248,POWER TCP: Pushing the Performance Limit… §2 Motivation
NB-HPN-1801-q2,3,corpus_doc_0369,paper_0369,,Abstract,0,0.692055,This paper is included in the Proceeding… §Abstract
NB-HPN-1801-q2,4,corpus_doc_1801,paper_1801,,Abstract,0,0.692055,POWER TCP: Pushing the Performance Limit… §Abstract
NB-HPN-1801-q2,5,corpus_doc_0176,paper_0176,,,0,0.686285,58 COMMUNICATIONS OF THE ACM FEBRUARY 20… §
NB-HPN-1801-q2,6,corpus_doc_1702,paper_1702,III,Comparative Testing,3,0.676994,IEEE/ACM TRANSACTIONS ON NETWORKING VOL.… §III Comparative Testing
NB-HPN-1801-q2,7,corpus_doc_1379,paper_1379,IV,Experiment Setup,4,0.647767,BBR Fairness Evaluation Using NS-3 Linch… §IV Experiment Setup
NB-HPN-1801-q2,8,corpus_doc_1801,paper_1801,2,Motivation,6,0.611401,POWER TCP: Pushing the Performance Limit… §2 Motivation
NB-HPN-1801-q2,9,corpus_doc_0169,paper_0169,5.2,Experimental,11,0.601221,End-to-End Available Bandwidth: Measurem… §5.2 Experimental
NB-HPN-1801-q2,10,corpus_doc_1702,paper_1702,V,Results,9,0.594439,IEEE/ACM TRANSACTIONS ON NETWORKING VOL.… §V Results
NB-HPN-1801-q2,11,corpus_doc_0100,paper_0100,5.2,Experimental,14,0.592415,End-to-End Available Bandwidth: Measurem… §5.2 Experimental
NB-HPN-1801-q2,12,corpus_doc_1331,paper_1331,1,Introduction,6,0.540649,H-TCP: TCP for high-speed and long-dista… §1 Introduction
NB-HPN-1801-q2,13,corpus_doc_1422,paper_1422,3,Evaluation,5,0.493670,ExpressPass: End-to-End Credit-based Con… §3 Evaluation
NB-HPN-1801-q2,14,corpus_doc_0100,paper_0100,5.2,Experimental,13,0.455005,End-to-End Available Bandwidth: Measurem… §5.2 Experimental
NB-HPN-1801-q2,15,corpus_doc_1379,paper_1379,III,Bbr Overview,3,0.360991,BBR Fairness Evaluation Using NS-3 Linch… §III Bbr Overview
NB-HPN-1801-q2,16,corpus_doc_0369,paper_0369,2,Appendix,8,0.347955,This paper is included in the Proceeding… §2 Appendix
NB-HPN-1801-q2,17,corpus_doc_1801,paper_1801,4.2,Results,13,0.321648,POWER TCP: Pushing the Performance Limit… §4.2 Results
NB-HPN-1801-q2,18,corpus_doc_1801,paper_1801,2,Appendix,8,0.261978,POWER TCP: Pushing the Performance Limit… §2 Appendix
NB-HPN-1801-q2,19,corpus_doc_0387,paper_0387,V,Numerical Examples,5,0.183212,On Parameter Tuning of Data Transfer Pro… §V Numerical Examples
NB-HPN-1801-q2,20,corpus_doc_1093,paper_1093,IV,Stability Of Reverse Path Congestion Marking,5,0.091319,Accelerating End-host Congestion Respons… §IV Stability Of Reverse Path Congestion Marking
NB-HPN-1594-q1,1,corpus_doc_1594,paper_1594,I,Introduction,1,0.952011,arXiv:1804.04921v2 cs. NI 14 Dec 2018 1 … §I Introduction
NB-HPN-1594-q1,2,corpus_doc_0710,paper_0710,VI,Open Challenges,25,0.759307,DATACENTER TRAFFIC CONTROL TECHNIQUES AN… §VI Open Challenges
NB-HPN-1594-q1,3,corpus_doc_1940,paper_1940,I,Introduction And Related Work,1,0.718555,1 Throughput-Optimal Multihop Broadcast … §I Introduction And Related Work
NB-HPN-1594-q1,4,corpus_doc_0603,paper_0603,IV,Multi -Hop Timely-Throughput,5,0.713623,1224 IEEE/ACM TRANSACTIONS ON NETWORKING… §IV Multi -Hop Timely-Throughput
NB-HPN-1594-q1,5,corpus_doc_0402,paper_0402,1,Introduction,3,0.685613,Heat-Di usion: Pareto Optimal Dynamic Ro… §1 Introduction
NB-HPN-1594-q1,6,corpus_doc_1860,paper_1860,II,Rela Tedwork,3,0.525769,IEEE TRANSACTIONS ON EMERGING TOPICS IN … §II Rela Tedwork
NB-HPN-1594-q1,7,corpus_doc_0603,paper_0603,IX,Capacity Scaling And Asymptotically Optimal Policy,14,0.449810,1224 IEEE/ACM TRANSACTIONS ON NETWORKING… §IX Capacity Scaling And Asymptotically Optimal Policy
NB-HPN-1594-q1,8,corpus_doc_1594,paper_1594,,Abstract,0,0.396253,arXiv:1804.04921v2 cs. NI 14 Dec 2018 1 … §Abstract
NB-HPN-1594-q1,9,corpus_doc_1101,paper_1101,I,Introduction,5,0.355969,Computation and Communication Co-schedul… §I Introduction
NB-HPN-1594-q1,10,corpus_doc_0097,paper_0097,1,Introduction,1,0.322842,P4TE: PISA Switch Based Tra c Engineerin… §1 Introduction
NB-HPN-1594-q1,11,corpus_doc_1016,paper_1016,IV,Competitive Analysis,8,0.300593,arXiv:2010.07920v1 cs. DC 15 Oct 2020 Sc… §IV Competitive Analysis
NB-HPN-1594-q1,12,corpus_doc_1016,paper_1016,I,Introduction,2,0.300230,arXiv:2010.07920v1 cs. DC 15 Oct 2020 Sc… §I Introduction
NB-HPN-1594-q1,13,corpus_doc_1016,paper_1016,IV,Competitive Analysis,6,0.276688,arXiv:2010.07920v1 cs. DC 15 Oct 2020 Sc… §IV Competitive Analysis
NB-HPN-1594-q1,14,corpus_doc_1991,paper_1991,6,Related Work,11,0.206346,Congestion Control in Machine Learning C… §6 Related Work
NB-HPN-1594-q1,15,corpus_doc_0407,paper_0407,VI,Conclusion And Future Works,12,0.178685,1 Learning-based Two-tiered Online Optim… §VI Conclusion And Future Works
NB-HPN-1594-q1,16,corpus_doc_0482,paper_0482,I,Introduction,1,0.177551,MIT Open Access Articles Optimal control… §I Introduction
NB-HPN-1594-q1,17,corpus_doc_0970,paper_0970,I,Introduction T He,8,0.165260,HAL Id: hal-04087726 Submitted on 3 May … §I Introduction T He
NB-HPN-1594-q1,18,corpus_doc_1512,paper_1512,II,Model And Preliminaries,7,0.134054,Low-Complexity Switch Scheduling Algorit… §II Model And Preliminaries
NB-HPN-1594-q1,19,corpus_doc_1982,paper_1982,1.1,Related Work,10,0.111823,CENTRALIZED CONGESTION CONTROL AND SCHED… §1.1 Related Work
NB-HPN-1594-q1,20,corpus_doc_1512,paper_1512,VI,Comparison Of Algorithms,10,0.107772,Low-Complexity Switch Scheduling Algorit… §VI Comparison Of Algorithms
NB-HPN-0850-q1,1,corpus_doc_0850,paper_0850,1,Introduction,1,0.998030,International Journal of Science and Res… §1 Introduction
NB-HPN-0850-q1,2,corpus_doc_1242,paper_1242,2,Background,2,0.991820,KSII TRANSACTIONS ON INTERNET AND INFORM… §2 Background
NB-HPN-0850-q1,3,corpus_doc_2166,paper_2166,1.1,Motivation,2,0.958413,See discussions stats and author profile… §1.1 Motivation
NB-HPN-0850-q1,4,corpus_doc_0876,paper_0876,,,1,0.955672,International Journal of Computer Networ… §
NB-HPN-0850-q1,5,corpus_doc_1695,paper_1695,1.1,Motivation,2,0.953549,Applied Techniques for High Bandwidth Da… §1.1 Motivation
NB-HPN-0850-q1,6,corpus_doc_2265,paper_2265,II,Socket Buffer Size And Tcp Throughput,3,0.946347,1 Socket Buffer Auto-Sizing for High-Per… §II Socket Buffer Size And Tcp Throughput
NB-HPN-0850-q1,7,corpus_doc_1278,paper_1278,2,Related Work,1,0.941080,The Nucleus 58 No. 1-4 2021 1-8 www.then… §2 Related Work
NB-HPN-0850-q1,8,corpus_doc_1278,paper_1278,3,Analysis,4,0.936762,The Nucleus 58 No. 1-4 2021 1-8 www.then… §3 Analysis
NB-HPN-0850-q1,9,corpus_doc_2265,paper_2265,I,Introduction,1,0.920819,1 Socket Buffer Auto-Sizing for High-Per… §I Introduction
NB-HPN-0850-q1,10,corpus_doc_1311,paper_1311,II,Related Work,2,0.906640,Received February 2 2019 accepted March … §II Related Work
NB-HPN-0850-q1,11,corpus_doc_1931,paper_1931,6.3.1,Motivation,78,0.898089,Dynamic Tuning of Parallel/Distributed A… §6.3.1 Motivation
NB-HPN-0850-q1,12,corpus_doc_2265,paper_2265,II,Socket Buffer Size And Tcp Throughput,5,0.887126,1 Socket Buffer Auto-Sizing for High-Per… §II Socket Buffer Size And Tcp Throughput
NB-HPN-0850-q1,13,corpus_doc_0954,paper_0954,VI,Performance Analysis And Experimental Results,13,0.884506,Received November 21 2018 accepted Decem… §VI Performance Analysis And Experimental Results
NB-HPN-0850-q1,14,corpus_doc_0954,paper_0954,IV,Anatomy Of Incast,5,0.882295,Received November 21 2018 accepted Decem… §IV Anatomy Of Incast
NB-HPN-0850-q1,15,corpus_doc_0850,paper_0850,,Abstract,0,0.853531,International Journal of Science and Res… §Abstract
NB-HPN-0850-q1,16,corpus_doc_1152,paper_1152,3,Analysis,5,0.850985,TCP Behavior of a Busy Internet Server: … §3 Analysis
NB-HPN-0850-q1,17,corpus_doc_0945,paper_0945,,,9,0.784323,Wang et al. Journal of Cloud Computing: … §
NB-HPN-0850-q1,18,corpus_doc_2265,paper_2265,II,Socket Buffer Size And Tcp Throughput,4,0.735960,1 Socket Buffer Auto-Sizing for High-Per… §II Socket Buffer Size And Tcp Throughput
NB-HPN-0850-q1,19,corpus_doc_1803,paper_1803,3,Analysis,5,0.727356,TCP Behavior of a Busy Intemet Server: A… §3 Analysis
NB-HPN-0850-q1,20,corpus_doc_2265,paper_2265,I,Introduction,2,0.546019,1 Socket Buffer Auto-Sizing for High-Per… §I Introduction
NB-HPN-0978-q0,1,corpus_doc_1021,paper_1021,II,Problem Statement,2,0.980714,eprints whiterose.ac.uk Universities of … §II Problem Statement
NB-HPN-0978-q0,2,corpus_doc_1629,paper_1629,I,Introduction T Cp,1,0.970434,1460 IEEE TRANSACTIONS ON SIGNAL PROCESS… §I Introduction T Cp
NB-HPN-0978-q0,3,corpus_doc_1661,paper_1661,III,Problem And Motivation,4,0.943978,1 T-RACKs: A Faster Recovery Mechanism f… §III Problem And Motivation
NB-HPN-0978-q0,4,corpus_doc_1331,paper_1331,1,Introduction,5,0.938383,H-TCP: TCP for high-speed and long-dista… §1 Introduction
NB-HPN-0978-q0,5,corpus_doc_2093,paper_2093,1.2,Approach,14,0.935512,Title Improving TCP Throughput for Cloud… §1.2 Approach
NB-HPN-0978-q0,6,corpus_doc_1331,paper_1331,1,Introduction,1,0.932192,H-TCP: TCP for high-speed and long-dista… §1 Introduction
NB-HPN-0978-q0,7,corpus_doc_1910,paper_1910,I,Introduction T Cp,1,0.931272,IEEE/ACM TRANSACTIONS ON NETWORKING 1 En… §I Introduction T Cp
NB-HPN-0978-q0,8,corpus_doc_0252,paper_0252,4,Design,3,0.927296,TCP/IPoDWDM: A Case for Adaptive Congest… §4 Design
NB-HPN-0978-q0,9,corpus_doc_0083,paper_0083,,Abstract,0,0.919414,1 UDT: UDP-based Data Transfer for High-… §Abstract
NB-HPN-0978-q0,10,corpus_doc_0047,paper_0047,5.4,Implementation,21,0.916830,UDT: UDP-based data transfer for high-sp… §5.4 Implementation
NB-HPN-0978-q0,11,corpus_doc_0457,paper_0457,II,Problem And Motiv Ation,3,0.913833,1074 IEEE/ACM TRANSACTIONS ON NETWORKING… §II Problem And Motiv Ation
NB-HPN-0978-q0,12,corpus_doc_2175,paper_2175,1,Introduction,1,0.887687,Towards Stability Analysis of Data Trans… §1 Introduction
NB-HPN-0978-q0,13,corpus_doc_1782,paper_1782,VI,Conclusion,10,0.882488,IEEE/ACM TRANSACTIONS ON NETWORKING VOL.… §VI Conclusion
NB-HPN-0978-q0,14,corpus_doc_0262,paper_0262,,,2,0.876992,International Journal of Information Tec… §
NB-HPN-0978-q0,15,corpus_doc_2282,paper_2282,I,Introduction,3,0.855866,Received January 19 2021 accepted Februa… §I Introduction
NB-HPN-0978-q0,16,corpus_doc_0574,paper_0574,I,Paramers Setting Summary,12,0.736285,1 Improved Utility-based Congestion Cont… §I Paramers Setting Summary
NB-HPN-0978-q0,17,corpus_doc_1702,paper_1702,VI,Related Work,12,0.672909,IEEE/ACM TRANSACTIONS ON NETWORKING VOL.… §VI Related Work
NB-HPN-0978-q0,18,corpus_doc_1414,paper_1414,VI,Related Work,13,0.670689,1 Experimental Evaluation of TCP Protoco… §VI Related Work
NB-HPN-0978-q0,19,corpus_doc_2175,paper_2175,,Abstract,0,0.584941,Towards Stability Analysis of Data Trans… §Abstract
NB-HPN-0978-q0,20,corpus_doc_1331,paper_1331,,Abstract,0,0.565164,H-TCP: TCP for high-speed and long-dista… §Abstract
NB-HPN-2367-q1,1,corpus_doc_1735,paper_1735,6,Results,14,0.928817,Journal of the Brazilian Computer Societ… §6 Results
NB-HPN-2367-q1,2,corpus_doc_2367,paper_2367,I,Introduction,1,0.923660,Adaptive Traf c Monitoring for Software … §I Introduction
NB-HPN-2367-q1,3,corpus_doc_1866,paper_1866,2.1,Introduction,26,0.871132,HAL Id: tel-02093064 Submitted on 8 Apr … §2.1 Introduction
NB-HPN-2367-q1,4,corpus_doc_2367,paper_2367,II,Background A,2,0.836446,Adaptive Traf c Monitoring for Software … §II Background A
NB-HPN-2367-q1,5,corpus_doc_0290,paper_0290,1,Introduction,1,0.816031,Flow Management at Multi-Gbps: Tradeoffs… §1 Introduction
NB-HPN-2367-q1,6,corpus_doc_1735,paper_1735,6,Results,15,0.798736,Journal of the Brazilian Computer Societ… §6 Results
NB-HPN-2367-q1,7,corpus_doc_1263,paper_1263,3.1,Implementation,3,0.582449,This is the published version of a paper… §3.1 Implementation
NB-HPN-2367-q1,8,corpus_doc_2024,paper_2024,9,References,5,0.484807,DOE Network 2025: Network Research Probl… §9 References
NB-HPN-2367-q1,9,corpus_doc_1010,paper_1010,2,Background,5,0.411538,International Journal of Information Sec… §2 Background
NB-HPN-2367-q1,10,corpus_doc_0882,paper_0882,0.5,Experiment,3,0.157895,arXiv:1202.1456v1 cs. NI 7 Feb 2012 1 On… §0.5 Experiment
NB-HPN-2367-q1,11,corpus_doc_1147,paper_1147,2,Background,7,0.135274,Prediction-Guided Control in Data Center… §2 Background
NB-HPN-2367-q1,12,corpus_doc_0134,paper_0134,1,Introduction,1,0.131294,This paper is included in the Proceeding… §1 Introduction
NB-HPN-2367-q1,13,corpus_doc_1955,paper_1955,4,Experimental,8,0.091792,Takeaways from an Experimental Evaluatio… §4 Experimental
NB-HPN-2367-q1,14,corpus_doc_0882,paper_0882,0.5,Experiment,2,0.069586,arXiv:1202.1456v1 cs. NI 7 Feb 2012 1 On… §0.5 Experiment
NB-HPN-2367-q1,15,corpus_doc_0598,paper_0598,IV,Discussion,6,0.062045,A Lower Bound on Latency Spikes for Capa… §IV Discussion
NB-HPN-2367-q1,16,corpus_doc_0882,paper_0882,3,Results,11,0.036824,arXiv:1202.1456v1 cs. NI 7 Feb 2012 1 On… §3 Results
NB-HPN-2367-q1,17,corpus_doc_0771,paper_0771,4.1,Overview,10,0.036596,This paper is included in the Proceeding… §4.1 Overview
NB-HPN-2367-q1,18,corpus_doc_0623,paper_0623,,,4,0.014570,On Dynamics of TransportP rotocols Over … §
NB-HPN-2367-q1,19,corpus_doc_0134,paper_0134,2,Background,5,0.005751,This paper is included in the Proceeding… §2 Background
NB-HPN-2367-q1,20,corpus_doc_1312,paper_1312,VII,Conclusion,15,0.004964,Missouri and Technology Missouri and Tec… §VII Conclusion
NB-HPN-1296-q2,1,corpus_doc_1296,paper_1296,I,Introduction,4,0.937843,1 Online Algorithms for Information Aggr… §I Introduction
NB-HPN-1296-q2,2,corpus_doc_1296,paper_1296,IV,Nointercommunication,6,0.930362,1 Online Algorithms for Information Aggr… §IV Nointercommunication
NB-HPN-1296-q2,3,corpus_doc_1296,paper_1296,I,Introduction,1,0.929875,1 Online Algorithms for Information Aggr… §I Introduction
NB-HPN-1296-q2,4,corpus_doc_1296,paper_1296,IX,Practical Sensor Network Testbed,14,0.928203,1 Online Algorithms for Information Aggr… §IX Practical Sensor Network Testbed
NB-HPN-1296-q2,5,corpus_doc_1296,paper_1296,I,Introduction,3,0.924392,1 Online Algorithms for Information Aggr… §I Introduction
NB-HPN-1296-q2,6,corpus_doc_1296,paper_1296,V,Full Intercommunication,8,0.860185,1 Online Algorithms for Information Aggr… §V Full Intercommunication
NB-HPN-1296-q2,7,corpus_doc_1296,paper_1296,I,Introduction,5,0.783004,1 Online Algorithms for Information Aggr… §I Introduction
NB-HPN-1296-q2,8,corpus_doc_1716,paper_1716,II,System Model,4,0.621410,1 Ef cient Data Collection Over Multiple… §II System Model
NB-HPN-1296-q2,9,corpus_doc_1296,paper_1296,VI,Partial Intercommunication,10,0.619705,1 Online Algorithms for Information Aggr… §VI Partial Intercommunication
NB-HPN-1296-q2,10,corpus_doc_1296,paper_1296,I,Introduction,2,0.436415,1 Online Algorithms for Information Aggr… §I Introduction
NB-HPN-1296-q2,11,corpus_doc_0573,paper_0573,IV,Design,6,0.374260,HyLine: a Simple and Practical Flow Sche… §IV Design
NB-HPN-1296-q2,12,corpus_doc_1480,paper_1480,3.1,System Model,7,0.285165,Blockchain-Enabled Depth-wise Separable … §3.1 System Model
NB-HPN-1296-q2,13,corpus_doc_1296,paper_1296,,Abstract,0,0.232934,1 Online Algorithms for Information Aggr… §Abstract
NB-HPN-1296-q2,14,corpus_doc_1296,paper_1296,VII,Lower Bounds Of Competitive Ratios,11,0.226818,1 Online Algorithms for Information Aggr… §VII Lower Bounds Of Competitive Ratios
NB-HPN-1296-q2,15,corpus_doc_0573,paper_0573,I,Introduction,1,0.123234,HyLine: a Simple and Practical Flow Sche… §I Introduction
NB-HPN-1296-q2,16,corpus_doc_0957,paper_0957,,,7,0.105626,PINT : Probabilistic In-band Network Tel… §
NB-HPN-1296-q2,17,corpus_doc_1677,paper_1677,3.2.1,Overview,9,0.068744,A Novel Network Attack Detection Platfor… §3.2.1 Overview
NB-HPN-1296-q2,18,corpus_doc_1296,paper_1296,IV,Nointercommunication,7,0.068666,1 Online Algorithms for Information Aggr… §IV Nointercommunication
NB-HPN-1296-q2,19,corpus_doc_1296,paper_1296,V,Full Intercommunication,9,0.068142,1 Online Algorithms for Information Aggr… §V Full Intercommunication
NB-HPN-1296-q2,20,corpus_doc_1821,paper_1821,III,Network -Wide Algorithms,4,0.045430,1 Routing-Oblivious Network-Wide Measure… §III Network -Wide Algorithms
NB-HPN-0923-q1,1,corpus_doc_0923,paper_0923,I,Introduction,1,0.992248,Experimental Analysis of File Transfer R… §I Introduction
NB-HPN-0923-q1,2,corpus_doc_0589,paper_0589,5,Conclusions,4,0.972235,Learning Concave-Convex Pro les of Data … §5 Conclusions
NB-HPN-0923-q1,3,corpus_doc_0589,paper_0589,1,Introduction,1,0.968844,Learning Concave-Convex Pro les of Data … §1 Introduction
NB-HPN-0923-q1,4,corpus_doc_0923,paper_0923,III,Wide-Area File Transfers A,3,0.956161,Experimental Analysis of File Transfer R… §III Wide-Area File Transfers A
NB-HPN-0923-q1,5,corpus_doc_2280,paper_2280,1,Introduction,0,0.951466,Preprint April 7 2026 This is a preprint… §1 Introduction
NB-HPN-0923-q1,6,corpus_doc_0589,paper_0589,5,Conclusions,5,0.950243,Learning Concave-Convex Pro les of Data … §5 Conclusions
NB-HPN-0923-q1,7,corpus_doc_0589,paper_0589,5,Conclusions,3,0.948450,Learning Concave-Convex Pro les of Data … §5 Conclusions
NB-HPN-0923-q1,8,corpus_doc_0555,paper_0555,,,2,0.944295,Network-Aware End-to-End Data Throughput… §
NB-HPN-0923-q1,9,corpus_doc_0923,paper_0923,IV,Disk-To-Disk Transfer Measurements,4,0.930993,Experimental Analysis of File Transfer R… §IV Disk-To-Disk Transfer Measurements
NB-HPN-0923-q1,10,corpus_doc_0635,paper_0635,III,Problem Definition,3,0.912629,Swift and Accurate End-to-End Throughput… §III Problem Definition
NB-HPN-0923-q1,11,corpus_doc_0555,paper_0555,,,10,0.899903,Network-Aware End-to-End Data Throughput… §
NB-HPN-0923-q1,12,corpus_doc_0923,paper_0923,,Abstract,0,0.895922,Experimental Analysis of File Transfer R… §Abstract
NB-HPN-0923-q1,13,corpus_doc_0923,paper_0923,IV,Disk-To-Disk Transfer Measurements,5,0.894949,Experimental Analysis of File Transfer R… §IV Disk-To-Disk Transfer Measurements
NB-HPN-0923-q1,14,corpus_doc_0555,paper_0555,,,1,0.894206,Network-Aware End-to-End Data Throughput… §
NB-HPN-0923-q1,15,corpus_doc_0923,paper_0923,V,Fast Probing Method For Peak Transfer,7,0.887365,Experimental Analysis of File Transfer R… §V Fast Probing Method For Peak Transfer
NB-HPN-0923-q1,16,corpus_doc_1097,paper_1097,V,Concurrent Transfers,7,0.871165,Data transfer between scienti c faciliti… §V Concurrent Transfers
NB-HPN-0923-q1,17,corpus_doc_0555,paper_0555,,,3,0.831056,Network-Aware End-to-End Data Throughput… §
NB-HPN-0923-q1,18,corpus_doc_0589,paper_0589,5,Conclusions,7,0.806768,Learning Concave-Convex Pro les of Data … §5 Conclusions
NB-HPN-0923-q1,19,corpus_doc_0586,paper_0586,15,Experimental,11,0.656450,2280 IEEE/ACM TRANSACTIONS ON NETWORKING… §15 Experimental
NB-HPN-0923-q1,20,corpus_doc_0923,paper_0923,VI,Conclusions,8,0.575401,Experimental Analysis of File Transfer R… §VI Conclusions
NB-HPN-1413-q1,1,corpus_doc_1413,paper_1413,1,Introduction,1,0.997372,An RDMA-First Object Storage System with… §1 Introduction
NB-HPN-1413-q1,2,corpus_doc_1413,paper_1413,,Abstract,0,0.996589,An RDMA-First Object Storage System with… §Abstract
NB-HPN-1413-q1,3,corpus_doc_1413,paper_1413,7,Conclusion,10,0.995074,An RDMA-First Object Storage System with… §7 Conclusion
NB-HPN-1413-q1,4,corpus_doc_1413,paper_1413,4,Evaluation,7,0.990426,An RDMA-First Object Storage System with… §4 Evaluation
NB-HPN-1413-q1,5,corpus_doc_1413,paper_1413,4,Evaluation,6,0.987505,An RDMA-First Object Storage System with… §4 Evaluation
NB-HPN-1413-q1,6,corpus_doc_1413,paper_1413,5,Discussion,8,0.977783,An RDMA-First Object Storage System with… §5 Discussion
NB-HPN-1413-q1,7,corpus_doc_1413,paper_1413,2,Background,3,0.977693,An RDMA-First Object Storage System with… §2 Background
NB-HPN-1413-q1,8,corpus_doc_1413,paper_1413,2,Background,4,0.972434,An RDMA-First Object Storage System with… §2 Background
NB-HPN-1413-q1,9,corpus_doc_1172,paper_1172,I,Introduction,1,0.953265,Demystifying Datapath Accelerator Enhanc… §I Introduction
NB-HPN-1413-q1,10,corpus_doc_1172,paper_1172,VII,Related Works,12,0.883941,Demystifying Datapath Accelerator Enhanc… §VII Related Works
NB-HPN-1413-q1,11,corpus_doc_1355,paper_1355,3.2,Design,8,0.880005,A Comprehensive Study on Optimizing Syst… §3.2 Design
NB-HPN-1413-q1,12,corpus_doc_0826,paper_0826,5,Evaluation,14,0.865955,Network-accelerated Active Messages Md A… §5 Evaluation
NB-HPN-1413-q1,13,corpus_doc_1413,paper_1413,2,Background,2,0.862729,An RDMA-First Object Storage System with… §2 Background
NB-HPN-1413-q1,14,corpus_doc_1413,paper_1413,6,Related Work,9,0.841651,An RDMA-First Object Storage System with… §6 Related Work
NB-HPN-1413-q1,15,corpus_doc_0518,paper_0518,6,Discussion,4,0.817615,XXI Escola Regional de Redes de Computad… §6 Discussion
NB-HPN-1413-q1,16,corpus_doc_0518,paper_0518,1,Introduction,1,0.811775,XXI Escola Regional de Redes de Computad… §1 Introduction
NB-HPN-1413-q1,17,corpus_doc_0518,paper_0518,5,Results,3,0.688601,XXI Escola Regional de Redes de Computad… §5 Results
NB-HPN-1413-q1,18,corpus_doc_0437,paper_0437,2,Motivation,4,0.630000,Meili: Enabling SmartNIC as a Service in… §2 Motivation
NB-HPN-1413-q1,19,corpus_doc_1355,paper_1355,,Abstract,0,0.320305,A Comprehensive Study on Optimizing Syst… §Abstract
NB-HPN-1413-q1,20,corpus_doc_2346,paper_2346,,Abstract,0,0.233587,Performance Characteristics of the BlueF… §Abstract
NB-HPN-0163-q2,1,corpus_doc_2025,paper_2025,6.4.1,Performance,10,0.974603,. . Latest updates: h ps://dl.acm.org/do… §6.4.1 Performance
NB-HPN-0163-q2,2,corpus_doc_2031,paper_2031,6.4.1,Performance,10,0.974603,RDMA over Ethernet for Distributed AI Tr… §6.4.1 Performance
NB-HPN-0163-q2,3,corpus_doc_2295,paper_2295,2,Background,2,0.936760,ISSN Print: 0976-6367 ISSN Online: 0976-… §2 Background
NB-HPN-0163-q2,4,corpus_doc_1448,paper_1448,2,Background,3,0.908138,Corresponding author: Oluwatosin Oladayo… §2 Background
NB-HPN-0163-q2,5,corpus_doc_0887,paper_0887,3.1,Design,6,0.891317,Pingmesh: A Large-Scale System for Data … §3.1 Design
NB-HPN-0163-q2,6,corpus_doc_1448,paper_1448,1,Introduction,2,0.885076,Corresponding author: Oluwatosin Oladayo… §1 Introduction
NB-HPN-0163-q2,7,corpus_doc_1878,paper_1878,IV,Results,4,0.880840,e-ISSN:2582 - 7219 INTERNATIONAL JOURNAL… §IV Results
NB-HPN-0163-q2,8,corpus_doc_2031,paper_2031,5.3,Discussion,8,0.871068,RDMA over Ethernet for Distributed AI Tr… §5.3 Discussion
NB-HPN-0163-q2,9,corpus_doc_0833,paper_0833,2,Motivation,4,0.865539,Distributed Network Monitoring and Debug… §2 Motivation
NB-HPN-0163-q2,10,corpus_doc_1878,paper_1878,V,Discussion,5,0.849757,e-ISSN:2582 - 7219 INTERNATIONAL JOURNAL… §V Discussion
NB-HPN-0163-q2,11,corpus_doc_0163,paper_0163,1.1,Overview,4,0.810316,Corresponding author: Oluwatosin Oladayo… §1.1 Overview
NB-HPN-0163-q2,12,corpus_doc_2242,paper_2242,3.1,Design,8,0.775452,Packet-Level Telemetry in Large Datacent… §3.1 Design
NB-HPN-0163-q2,13,corpus_doc_0050,paper_0050,1,Introduction,1,0.747025,. . Latest updates: h ps://dl.acm.org/do… §1 Introduction
NB-HPN-0163-q2,14,corpus_doc_2203,paper_2203,7,Evaluation,10,0.736774,007: Democratically Finding The Cause of… §7 Evaluation
NB-HPN-0163-q2,15,corpus_doc_2203,paper_2203,2,Motivation,2,0.636049,007: Democratically Finding The Cause of… §2 Motivation
NB-HPN-0163-q2,16,corpus_doc_2203,paper_2203,1,Introduction,1,0.600884,007: Democratically Finding The Cause of… §1 Introduction
NB-HPN-0163-q2,17,corpus_doc_0534,paper_0534,6.1,Experimental,4,0.516218,Long-haul Secure Data Transfer using Har… §6.1 Experimental
NB-HPN-0163-q2,18,corpus_doc_1523,paper_1523,V,Experimental Demonstrations,9,0.436360,SPECIAL SECTION ON ARTIFICIAL INTELLIGEN… §V Experimental Demonstrations
NB-HPN-0163-q2,19,corpus_doc_0253,paper_0253,4.1,Methodology,9,0.257151,This paper is included in the Proceeding… §4.1 Methodology
NB-HPN-0163-q2,20,corpus_doc_0163,paper_0163,3.4,Evaluation,7,0.254076,Corresponding author: Oluwatosin Oladayo… §3.4 Evaluation
NB-HPN-1526-q2,1,corpus_doc_1526,paper_1526,IV,Live Experiment,3,0.954589,I. INTRODUCTION AND MOTIVATION For nearl… §IV Live Experiment
NB-HPN-1526-q2,2,corpus_doc_1113,paper_1113,1,Introduction,5,0.888427,Performance Evaluation 64 2007 948 964 w… §1 Introduction
NB-HPN-1526-q2,3,corpus_doc_1113,paper_1113,5.1,Experimental,11,0.888073,Performance Evaluation 64 2007 948 964 w… §5.1 Experimental
NB-HPN-1526-q2,4,corpus_doc_1152,paper_1152,1,Introduction,1,0.874988,TCP Behavior of a Busy Internet Server: … §1 Introduction
NB-HPN-1526-q2,5,corpus_doc_1526,paper_1526,II,Tcp And Http Parameters That Influence,2,0.867689,I. INTRODUCTION AND MOTIVATION For nearl… §II Tcp And Http Parameters That Influence
NB-HPN-1526-q2,6,corpus_doc_1113,paper_1113,5.1,Experimental,12,0.863025,Performance Evaluation 64 2007 948 964 w… §5.1 Experimental
NB-HPN-1526-q2,7,corpus_doc_0706,paper_0706,1,Introduction,3,0.830811,MIT Open Access Articles Elasticity Dete… §1 Introduction
NB-HPN-1526-q2,8,corpus_doc_1803,paper_1803,1,Introduction,1,0.828566,TCP Behavior of a Busy Intemet Server: A… §1 Introduction
NB-HPN-1526-q2,9,corpus_doc_2148,paper_2148,1,Introduction,2,0.761956,Modeling and Taming Parallel TCP on the … §1 Introduction
NB-HPN-1526-q2,10,corpus_doc_2166,paper_2166,1.1,Motivation,2,0.738462,See discussions stats and author profile… §1.1 Motivation
NB-HPN-1526-q2,11,corpus_doc_0176,paper_0176,,,0,0.719732,58 COMMUNICATIONS OF THE ACM FEBRUARY 20… §
NB-HPN-1526-q2,12,corpus_doc_1113,paper_1113,1,Introduction,1,0.688803,Performance Evaluation 64 2007 948 964 w… §1 Introduction
NB-HPN-1526-q2,13,corpus_doc_1695,paper_1695,1.1,Motivation,2,0.674160,Applied Techniques for High Bandwidth Da… §1.1 Motivation
NB-HPN-1526-q2,14,corpus_doc_2107,paper_2107,2.18,Experiment,8,0.652874,LOSSLESS ETHERNET AND ITS APPLICA TIONS … §2.18 Experiment
NB-HPN-1526-q2,15,corpus_doc_1152,paper_1152,6,Conclusions,12,0.465280,TCP Behavior of a Busy Internet Server: … §6 Conclusions
NB-HPN-1526-q2,16,corpus_doc_1695,paper_1695,1.1,Motivation,3,0.406626,Applied Techniques for High Bandwidth Da… §1.1 Motivation
NB-HPN-1526-q2,17,corpus_doc_2166,paper_2166,1.1,Motivation,3,0.396622,See discussions stats and author profile… §1.1 Motivation
NB-HPN-1526-q2,18,corpus_doc_1702,paper_1702,V,Results,9,0.350904,IEEE/ACM TRANSACTIONS ON NETWORKING VOL.… §V Results
NB-HPN-1526-q2,19,corpus_doc_0623,paper_0623,,,4,0.345946,On Dynamics of TransportP rotocols Over … §
NB-HPN-1526-q2,20,corpus_doc_2280,paper_2280,19,Appendix,8,0.234960,Preprint April 7 2026 This is a preprint… §19 Appendix
NB-HPN-1115-q1,1,corpus_doc_1115,paper_1115,,Abstract,0,0.954361,Transitioning from file-based HPC workfl… §Abstract
NB-HPN-1115-q1,2,corpus_doc_1913,paper_1913,,Abstract,0,0.841787,HAL Id: hal-01270630 Submitted on 8 Feb … §Abstract
NB-HPN-1115-q1,3,corpus_doc_1932,paper_1932,2.2,System,8,0.734054,This is a repository copy of Parallel fi… §2.2 System
NB-HPN-1115-q1,4,corpus_doc_2109,paper_2109,,Abstract,0,0.730281,HAL Id: hal-00916091 Submitted on 9 Apr … §Abstract
NB-HPN-1115-q1,5,corpus_doc_1115,paper_1115,4,Evaluation,1,0.604882,Transitioning from file-based HPC workfl… §4 Evaluation
NB-HPN-1115-q1,6,corpus_doc_1115,paper_1115,4,Evaluation,2,0.510838,Transitioning from file-based HPC workfl… §4 Evaluation
NB-HPN-1115-q1,7,corpus_doc_1694,paper_1694,2,Background,2,0.486322,A Comparative Analysis of DAOS for Simul… §2 Background
NB-HPN-1115-q1,8,corpus_doc_1932,paper_1932,2.2,System,6,0.447626,This is a repository copy of Parallel fi… §2.2 System
NB-HPN-1115-q1,9,corpus_doc_0113,paper_0113,II,Problem And Motiv Ation V,4,0.443413,Managing V ariability in the IO Performa… §II Problem And Motiv Ation V
NB-HPN-1115-q1,10,corpus_doc_0113,paper_0113,I,Introduction,2,0.249204,Managing V ariability in the IO Performa… §I Introduction
NB-HPN-1115-q1,11,corpus_doc_0113,paper_0113,I,Introduction,1,0.249069,Managing V ariability in the IO Performa… §I Introduction
NB-HPN-1115-q1,12,corpus_doc_0699,paper_0699,1.1,Motivation,11,0.191656,Theoretical Design Methodology for Pract… §1.1 Motivation
NB-HPN-1115-q1,13,corpus_doc_1135,paper_1135,3.1,Overview,15,0.142895,Investigation Of Leading HPC I/O Perform… §3.1 Overview
NB-HPN-1115-q1,14,corpus_doc_1694,paper_1694,1,Introduction,1,0.123167,A Comparative Analysis of DAOS for Simul… §1 Introduction
NB-HPN-1115-q1,15,corpus_doc_1368,paper_1368,1,Introduction,1,0.089452,Running a Pre-exascale Geographically Di… §1 Introduction
NB-HPN-1115-q1,16,corpus_doc_1073,paper_1073,1,Introduction,2,0.081258,Disaggregating Non-Volatile Memory for T… §1 Introduction
NB-HPN-1115-q1,17,corpus_doc_1650,paper_1650,3.1,Overview,16,0.061480,HPC Global File System Performance Analy… §3.1 Overview
NB-HPN-1115-q1,18,corpus_doc_0113,paper_0113,,Abstract,0,0.060491,Managing V ariability in the IO Performa… §Abstract
NB-HPN-1115-q1,19,corpus_doc_0113,paper_0113,II,Problem And Motiv Ation V,5,0.041748,Managing V ariability in the IO Performa… §II Problem And Motiv Ation V
NB-HPN-1115-q1,20,corpus_doc_1425,paper_1425,I,Introduction Hpc,1,0.039547,Server-side Log Data Analytics for I/O W… §I Introduction Hpc
NB-HPN-1618-q1,1,corpus_doc_1618,paper_1618,,Abstract,0,0.994530,A DualPI2 Module for Mahimahi: Behaviora… §Abstract
NB-HPN-1618-q1,2,corpus_doc_1618,paper_1618,2.1,Overview,7,0.994517,A DualPI2 Module for Mahimahi: Behaviora… §2.1 Overview
NB-HPN-1618-q1,3,corpus_doc_1618,paper_1618,2.1,Overview,8,0.978578,A DualPI2 Module for Mahimahi: Behaviora… §2.1 Overview
NB-HPN-1618-q1,4,corpus_doc_1618,paper_1618,2.1,Overview,5,0.972675,A DualPI2 Module for Mahimahi: Behaviora… §2.1 Overview
NB-HPN-1618-q1,5,corpus_doc_1618,paper_1618,2.1,Overview,6,0.966233,A DualPI2 Module for Mahimahi: Behaviora… §2.1 Overview
NB-HPN-1618-q1,6,corpus_doc_1618,paper_1618,2.1,Overview,4,0.963302,A DualPI2 Module for Mahimahi: Behaviora… §2.1 Overview
NB-HPN-1618-q1,7,corpus_doc_1618,paper_1618,2.1,Overview,9,0.953196,A DualPI2 Module for Mahimahi: Behaviora… §2.1 Overview
NB-HPN-1618-q1,8,corpus_doc_1618,paper_1618,2.1,Overview,11,0.946122,A DualPI2 Module for Mahimahi: Behaviora… §2.1 Overview
NB-HPN-1618-q1,9,corpus_doc_1618,paper_1618,2.1,Overview,3,0.897665,A DualPI2 Module for Mahimahi: Behaviora… §2.1 Overview
NB-HPN-1618-q1,10,corpus_doc_1618,paper_1618,2.1,Overview,2,0.869787,A DualPI2 Module for Mahimahi: Behaviora… §2.1 Overview
NB-HPN-1618-q1,11,corpus_doc_1372,paper_1372,,,9,0.801115,. . Latest updates: h ps://dl.acm.org/do… §
NB-HPN-1618-q1,12,corpus_doc_1618,paper_1618,2.1,Overview,10,0.798877,A DualPI2 Module for Mahimahi: Behaviora… §2.1 Overview
NB-HPN-1618-q1,13,corpus_doc_2179,paper_2179,,,4,0.746801,To switch or not to switch to TCP Prague… §
NB-HPN-1618-q1,14,corpus_doc_1372,paper_1372,,,8,0.697764,. . Latest updates: h ps://dl.acm.org/do… §
NB-HPN-1618-q1,15,corpus_doc_2255,paper_2255,1,Introduction,1,0.660652,This paper is included in the Proceeding… §1 Introduction
NB-HPN-1618-q1,16,corpus_doc_2255,paper_2255,2,Background,4,0.437794,This paper is included in the Proceeding… §2 Background
NB-HPN-1618-q1,17,corpus_doc_2255,paper_2255,5.3,Methodology,15,0.254806,This paper is included in the Proceeding… §5.3 Methodology
NB-HPN-1618-q1,18,corpus_doc_0867,paper_0867,3.1,Architecture,2,0.233354,User Space Network Drivers Paul Emmerich… §3.1 Architecture
NB-HPN-1618-q1,19,corpus_doc_0290,paper_0290,3,Methodology,5,0.089966,Flow Management at Multi-Gbps: Tradeoffs… §3 Methodology
NB-HPN-1618-q1,20,corpus_doc_1105,paper_1105,2.4,Framework,5,0.078296,Copyright IJCESEN International Journal … §2.4 Framework
NB-HPN-0603-q1,1,corpus_doc_0603,paper_0603,II,Contribution And Past Works,2,0.979584,1224 IEEE/ACM TRANSACTIONS ON NETWORKING… §II Contribution And Past Works
NB-HPN-0603-q1,2,corpus_doc_1483,paper_1483,I,Introduction,1,0.939602,Scheduling Stochastic Traffic With End-t… §I Introduction
NB-HPN-0603-q1,3,corpus_doc_0603,paper_0603,X,Suboptimal Randomized Channel Access With Rate,17,0.938774,1224 IEEE/ACM TRANSACTIONS ON NETWORKING… §X Suboptimal Randomized Channel Access With Rate
NB-HPN-0603-q1,4,corpus_doc_0603,paper_0603,X,Suboptimal Randomized Channel Access With Rate,18,0.898193,1224 IEEE/ACM TRANSACTIONS ON NETWORKING… §X Suboptimal Randomized Channel Access With Rate
NB-HPN-0603-q1,5,corpus_doc_0540,paper_0540,I,Introduction,1,0.886097,arXiv:0901.2333v4 cs. NI 16 Dec 2009 Q-C… §I Introduction
NB-HPN-0603-q1,6,corpus_doc_1270,paper_1270,VII,Related Works,16,0.884100,1 AoI Timely-Throughput and Beyond: A Th… §VII Related Works
NB-HPN-0603-q1,7,corpus_doc_0603,paper_0603,I,Introduction Weconsider,1,0.864574,1224 IEEE/ACM TRANSACTIONS ON NETWORKING… §I Introduction Weconsider
NB-HPN-0603-q1,8,corpus_doc_1435,paper_1435,VII,Related Work,13,0.844994,1 Explicit back-off rates for achieving … §VII Related Work
NB-HPN-0603-q1,9,corpus_doc_1245,paper_1245,I,Introduction,1,0.816410,arXiv:1011.5674v3 cs. NI 7 Nov 2012 1 De… §I Introduction
NB-HPN-0603-q1,10,corpus_doc_1676,paper_1676,II,Related Work,2,0.796665,IEEE/ACM TRANSACTIONS ON NETWORKING 1 Op… §II Related Work
NB-HPN-0603-q1,11,corpus_doc_1676,paper_1676,VI,Conclusion A,12,0.713925,IEEE/ACM TRANSACTIONS ON NETWORKING 1 Op… §VI Conclusion A
NB-HPN-0603-q1,12,corpus_doc_1811,paper_1811,I,Introduction,2,0.704941,arXiv:1011.3594v1 cs. NI 16 Nov 2010 1 A… §I Introduction
NB-HPN-0603-q1,13,corpus_doc_1245,paper_1245,VI,Numerical Results,14,0.614801,arXiv:1011.5674v3 cs. NI 7 Nov 2012 1 De… §VI Numerical Results
NB-HPN-0603-q1,14,corpus_doc_1435,paper_1435,I,Introduction,1,0.534741,1 Explicit back-off rates for achieving … §I Introduction
NB-HPN-0603-q1,15,corpus_doc_2320,paper_2320,II,Related Work,4,0.486610,1 QFlow: A Learning Approach to High QoE… §II Related Work
NB-HPN-0603-q1,16,corpus_doc_1245,paper_1245,VII,Conclusion,16,0.407366,arXiv:1011.5674v3 cs. NI 7 Nov 2012 1 De… §VII Conclusion
NB-HPN-0603-q1,17,corpus_doc_0464,paper_0464,1,Introduction,0,0.373053,Comparison of Flow Scheduling Policies f… §1 Introduction
NB-HPN-0603-q1,18,corpus_doc_1380,paper_1380,1,Introduction,1,0.328376,Improving dynamic congestion isolation i… §1 Introduction
NB-HPN-0603-q1,19,corpus_doc_1245,paper_1245,VI,Numerical Results,15,0.317967,arXiv:1011.5674v3 cs. NI 7 Nov 2012 1 De… §VI Numerical Results
NB-HPN-0603-q1,20,corpus_doc_1483,paper_1483,VII,Conclusions,12,0.206245,Scheduling Stochastic Traffic With End-t… §VII Conclusions
NB-HPN-0046-q1,1,corpus_doc_0046,paper_0046,,Abstract,0,0.997528,Parallel I/O Performance: From Events to… §Abstract
NB-HPN-0046-q1,2,corpus_doc_0046,paper_0046,I,Introduction,1,0.953757,Parallel I/O Performance: From Events to… §I Introduction
NB-HPN-0046-q1,3,corpus_doc_1913,paper_1913,,Abstract,0,0.892428,HAL Id: hal-01270630 Submitted on 8 Feb … §Abstract
NB-HPN-0046-q1,4,corpus_doc_1438,paper_1438,,,11,0.826950,Online Optimization of File Transfers in… §
NB-HPN-0046-q1,5,corpus_doc_1438,paper_1438,,,7,0.801250,Online Optimization of File Transfers in… §
NB-HPN-0046-q1,6,corpus_doc_0185,paper_0185,2,Related Work,2,0.692306,Dynamic Protocol Tuning Algorithms for H… §2 Related Work
NB-HPN-0046-q1,7,corpus_doc_1438,paper_1438,,,12,0.684641,Online Optimization of File Transfers in… §
NB-HPN-0046-q1,8,corpus_doc_0348,paper_0348,9,System,1,0.671623,Understanding the Causes of Performance … §9 System
NB-HPN-0046-q1,9,corpus_doc_0444,paper_0444,2,Related Work,2,0.631529,Big Data Transfer Optimization Through A… §2 Related Work
NB-HPN-0046-q1,10,corpus_doc_1650,paper_1650,3.1,Overview,15,0.542481,HPC Global File System Performance Analy… §3.1 Overview
NB-HPN-0046-q1,11,corpus_doc_1927,paper_1927,II,Rela Tedwork,3,0.467063,IEEE TRANSACTIONS ON PARALLEL AND DISTRI… §II Rela Tedwork
NB-HPN-0046-q1,12,corpus_doc_1080,paper_1080,I,Introduction,1,0.464650,How GridFTP Pipelining Parallelism and C… §I Introduction
NB-HPN-0046-q1,13,corpus_doc_0934,paper_0934,1,Introduction,2,0.415847,Vol:. 1234567890 The Journal of Supercom… §1 Introduction
NB-HPN-0046-q1,14,corpus_doc_0348,paper_0348,9,System,2,0.326425,Understanding the Causes of Performance … §9 System
NB-HPN-0046-q1,15,corpus_doc_1694,paper_1694,1,Introduction,1,0.271090,A Comparative Analysis of DAOS for Simul… §1 Introduction
NB-HPN-0046-q1,16,corpus_doc_1097,paper_1097,,Abstract,0,0.240632,Data transfer between scienti c faciliti… §Abstract
NB-HPN-0046-q1,17,corpus_doc_0698,paper_0698,6,Conclusion,17,0.217134,This paper is included in the Proceeding… §6 Conclusion
NB-HPN-0046-q1,18,corpus_doc_1163,paper_1163,III,Parallelism And Concurrency,5,0.154940,Modeling and Optimizing Large-Scale Wide… §III Parallelism And Concurrency
NB-HPN-0046-q1,19,corpus_doc_1303,paper_1303,I,Introduction,1,0.047411,Understanding and Improving Computationa… §I Introduction
NB-HPN-0046-q1,20,corpus_doc_1650,paper_1650,3.1,Overview,16,0.037072,HPC Global File System Performance Analy… §3.1 Overview
NB-HPN-0477-q3,1,corpus_doc_0477,paper_0477,I,Introduction T O,2,0.989421,1 Throughput Maximization in Uncooperati… §I Introduction T O
NB-HPN-0477-q3,2,corpus_doc_0477,paper_0477,III,T Wo User Network With One,8,0.985266,1 Throughput Maximization in Uncooperati… §III T Wo User Network With One
NB-HPN-0477-q3,3,corpus_doc_0477,paper_0477,III,T Wo User Network With One,4,0.982018,1 Throughput Maximization in Uncooperati… §III T Wo User Network With One
NB-HPN-0477-q3,4,corpus_doc_0477,paper_0477,VI,Conclusion,13,0.981572,1 Throughput Maximization in Uncooperati… §VI Conclusion
NB-HPN-0477-q3,5,corpus_doc_0477,paper_0477,V,Assigning Uncooperative Users To Channel Resources,12,0.973094,1 Throughput Maximization in Uncooperati… §V Assigning Uncooperative Users To Channel Resources
NB-HPN-0477-q3,6,corpus_doc_0477,paper_0477,III,T Wo User Network With One,5,0.969042,1 Throughput Maximization in Uncooperati… §III T Wo User Network With One
NB-HPN-0477-q3,7,corpus_doc_0477,paper_0477,I,Introduction T O,3,0.962061,1 Throughput Maximization in Uncooperati… §I Introduction T O
NB-HPN-0477-q3,8,corpus_doc_0477,paper_0477,III,T Wo User Network With One,10,0.961474,1 Throughput Maximization in Uncooperati… §III T Wo User Network With One
NB-HPN-0477-q3,9,corpus_doc_0477,paper_0477,III,T Wo User Network With One,9,0.958091,1 Throughput Maximization in Uncooperati… §III T Wo User Network With One
NB-HPN-0477-q3,10,corpus_doc_0477,paper_0477,III,T Wo User Network With One,7,0.935252,1 Throughput Maximization in Uncooperati… §III T Wo User Network With One
NB-HPN-0477-q3,11,corpus_doc_0477,paper_0477,III,T Wo User Network With One,6,0.932130,1 Throughput Maximization in Uncooperati… §III T Wo User Network With One
NB-HPN-0477-q3,12,corpus_doc_0477,paper_0477,I,Introduction T O,1,0.907676,1 Throughput Maximization in Uncooperati… §I Introduction T O
NB-HPN-0477-q3,13,corpus_doc_0477,paper_0477,III,T Wo User Network With One,11,0.717200,1 Throughput Maximization in Uncooperati… §III T Wo User Network With One
NB-HPN-0477-q3,14,corpus_doc_1085,paper_1085,III,T He Converse Bound,7,0.487798,1540 IEEE/ACM TRANSACTIONS ON NETWOR KIN… §III T He Converse Bound
NB-HPN-0477-q3,15,corpus_doc_2020,paper_2020,6.1,Results,13,0.229872,On the Predictability of Large Transfer … §6.1 Results
NB-HPN-0477-q3,16,corpus_doc_0369,paper_0369,2,Motivation,4,0.195925,This paper is included in the Proceeding… §2 Motivation
NB-HPN-0477-q3,17,corpus_doc_0477,paper_0477,VI,Conclusion,14,0.192114,1 Throughput Maximization in Uncooperati… §VI Conclusion
NB-HPN-0477-q3,18,corpus_doc_1779,paper_1779,1,Performance,3,0.142683,This paper is included in the Proceeding… §1 Performance
NB-HPN-0477-q3,19,corpus_doc_0477,paper_0477,,Abstract,0,0.133925,1 Throughput Maximization in Uncooperati… §Abstract
NB-HPN-0477-q3,20,corpus_doc_0394,paper_0394,1,Introduction,4,0.101557,This paper is included in the Proceeding… §1 Introduction
NB-HPN-1354-q2,1,corpus_doc_0761,paper_0761,1,Introduction,3,0.975673,Early Error Detection and Classi cation … §1 Introduction
NB-HPN-1354-q2,2,corpus_doc_1401,paper_1401,1,Introduction,1,0.956312,Run-time Adaptation of Grid Data Placeme… §1 Introduction
NB-HPN-1354-q2,3,corpus_doc_1853,paper_1853,1,Introduction,1,0.949421,RUN-TIME ADAPTATION OF GRID DATA PLACEME… §1 Introduction
NB-HPN-1354-q2,4,corpus_doc_0761,paper_0761,1,Introduction,1,0.941080,Early Error Detection and Classi cation … §1 Introduction
NB-HPN-1354-q2,5,corpus_doc_0761,paper_0761,,Abstract,0,0.923490,Early Error Detection and Classi cation … §Abstract
NB-HPN-1354-q2,6,corpus_doc_0528,paper_0528,8,Evaluation,9,0.918058,Error Detection and Error Classification… §8 Evaluation
NB-HPN-1354-q2,7,corpus_doc_0761,paper_0761,1,Introduction,2,0.913893,Early Error Detection and Classi cation … §1 Introduction
NB-HPN-1354-q2,8,corpus_doc_1354,paper_1354,2,Related Work,3,0.905426,Dynamic Adaptation of Parallelism Level … §2 Related Work
NB-HPN-1354-q2,9,corpus_doc_0761,paper_0761,4,Evaluation,5,0.901505,Early Error Detection and Classi cation … §4 Evaluation
NB-HPN-1354-q2,10,corpus_doc_0678,paper_0678,1,Introduction,1,0.896671,Stork: Making Data Placement a First Cla… §1 Introduction
NB-HPN-1354-q2,11,corpus_doc_0528,paper_0528,6.2,Discussion,7,0.869715,Error Detection and Error Classification… §6.2 Discussion
NB-HPN-1354-q2,12,corpus_doc_1853,paper_1853,3,Methodology,3,0.867265,RUN-TIME ADAPTATION OF GRID DATA PLACEME… §3 Methodology
NB-HPN-1354-q2,13,corpus_doc_1401,paper_1401,3,Methodology,3,0.828473,Run-time Adaptation of Grid Data Placeme… §3 Methodology
NB-HPN-1354-q2,14,corpus_doc_0761,paper_0761,5,Related Work,7,0.773046,Early Error Detection and Classi cation … §5 Related Work
NB-HPN-1354-q2,15,corpus_doc_1354,paper_1354,1,Introduction,1,0.765225,Dynamic Adaptation of Parallelism Level … §1 Introduction
NB-HPN-1354-q2,16,corpus_doc_1985,paper_1985,2,Background,4,0.703189,Stork Data Scheduler: Mitigating the Dat… §2 Background
NB-HPN-1354-q2,17,corpus_doc_0761,paper_0761,1,Introduction,4,0.559782,Early Error Detection and Classi cation … §1 Introduction
NB-HPN-1354-q2,18,corpus_doc_0761,paper_0761,6,Conclusion,8,0.405986,Early Error Detection and Classi cation … §6 Conclusion
NB-HPN-1354-q2,19,corpus_doc_0528,paper_0528,6.2,Discussion,8,0.384766,Error Detection and Error Classification… §6.2 Discussion
NB-HPN-1354-q2,20,corpus_doc_0528,paper_0528,9,Conclusion,10,0.366050,Error Detection and Error Classification… §9 Conclusion
NB-HPN-2342-q3,1,corpus_doc_2342,paper_2342,1,Introduction,2,0.975576,Journal Pre-proof Moving small files in … §1 Introduction
NB-HPN-2342-q3,2,corpus_doc_2280,paper_2280,19,Appendix,11,0.972247,Preprint April 7 2026 This is a preprint… §19 Appendix
NB-HPN-2342-q3,3,corpus_doc_2342,paper_2342,2.2,Motivation,6,0.964434,Journal Pre-proof Moving small files in … §2.2 Motivation
NB-HPN-2342-q3,4,corpus_doc_2342,paper_2342,2.2,Motivation,5,0.948999,Journal Pre-proof Moving small files in … §2.2 Motivation
NB-HPN-2342-q3,5,corpus_doc_1438,paper_1438,,,1,0.895981,Online Optimization of File Transfers in… §
NB-HPN-2342-q3,6,corpus_doc_2342,paper_2342,2.2,Motivation,7,0.869161,Journal Pre-proof Moving small files in … §2.2 Motivation
NB-HPN-2342-q3,7,corpus_doc_0733,paper_0733,I,Introduction,1,0.869026,Machine Learning for Data Transfer Anoma… §I Introduction
NB-HPN-2342-q3,8,corpus_doc_2342,paper_2342,6,Conclusions,12,0.847776,Journal Pre-proof Moving small files in … §6 Conclusions
NB-HPN-2342-q3,9,corpus_doc_1985,paper_1985,2,Background,2,0.834235,Stork Data Scheduler: Mitigating the Dat… §2 Background
NB-HPN-2342-q3,10,corpus_doc_0382,paper_0382,4.6,Performance,5,0.811860,Use Only What You Need: Judicious Parall… §4.6 Performance
NB-HPN-2342-q3,11,corpus_doc_2093,paper_2093,2.6,Experiment,33,0.795355,Title Improving TCP Throughput for Cloud… §2.6 Experiment
NB-HPN-2342-q3,12,corpus_doc_0555,paper_0555,,,3,0.656403,Network-Aware End-to-End Data Throughput… §
NB-HPN-2342-q3,13,corpus_doc_2342,paper_2342,2,Background,3,0.655687,Journal Pre-proof Moving small files in … §2 Background
NB-HPN-2342-q3,14,corpus_doc_1097,paper_1097,IV,Further Insights,5,0.536189,Data transfer between scienti c faciliti… §IV Further Insights
NB-HPN-2342-q3,15,corpus_doc_0698,paper_0698,6,Conclusion,17,0.398428,This paper is included in the Proceeding… §6 Conclusion
NB-HPN-2342-q3,16,corpus_doc_1078,paper_1078,1,Performance,18,0.376321,The xDotGrid Native Cross - Platf orm Hi… §1 Performance
NB-HPN-2342-q3,17,corpus_doc_0698,paper_0698,,Abstract,0,0.336810,This paper is included in the Proceeding… §Abstract
NB-HPN-2342-q3,18,corpus_doc_0820,paper_0820,1,Introduction,3,0.284543,978-1-4244-1694-3/08/$25.00 2008 IEEE Pe… §1 Introduction
NB-HPN-2342-q3,19,corpus_doc_0182,paper_0182,6,Experiment,4,0.230466,SC16 BoF Report: On-Demand Infrastructur… §6 Experiment
NB-HPN-2342-q3,20,corpus_doc_0923,paper_0923,,Abstract,0,0.063015,Experimental Analysis of File Transfer R… §Abstract
NB-HPN-1969-q1,1,corpus_doc_1969,paper_1969,VII,Conclusions,11,0.982920,ARGONNE NATIONAL LABORATORY 9700 South C… §VII Conclusions
NB-HPN-1969-q1,2,corpus_doc_1969,paper_1969,II,Rela Ted Work,3,0.909775,ARGONNE NATIONAL LABORATORY 9700 South C… §II Rela Ted Work
NB-HPN-1969-q1,3,corpus_doc_1969,paper_1969,VI,Results And Discussions,9,0.900300,ARGONNE NATIONAL LABORATORY 9700 South C… §VI Results And Discussions
NB-HPN-1969-q1,4,corpus_doc_1969,paper_1969,VI,Results And Discussions,10,0.858490,ARGONNE NATIONAL LABORATORY 9700 South C… §VI Results And Discussions
NB-HPN-1969-q1,5,corpus_doc_1969,paper_1969,V,Methodology,6,0.804175,ARGONNE NATIONAL LABORATORY 9700 South C… §V Methodology
NB-HPN-1969-q1,6,corpus_doc_0791,paper_0791,V,Evaluation,14,0.374502,Received May 23 2019 accepted July 2 201… §V Evaluation
NB-HPN-1969-q1,7,corpus_doc_1425,paper_1425,II,Background,9,0.325340,Server-side Log Data Analytics for I/O W… §II Background
NB-HPN-1969-q1,8,corpus_doc_1425,paper_1425,II,Background,3,0.304968,Server-side Log Data Analytics for I/O W… §II Background
NB-HPN-1969-q1,9,corpus_doc_1425,paper_1425,VI,Experimental Ev Alua Tion,12,0.245471,Server-side Log Data Analytics for I/O W… §VI Experimental Ev Alua Tion
NB-HPN-1969-q1,10,corpus_doc_0814,paper_0814,138,Method,7,0.224980,Characterization of high-resolution AI d… §138 Method
NB-HPN-1969-q1,11,corpus_doc_1096,paper_1096,1,Introduction,1,0.173884,FitNets: An Adaptive Framework to Learn … §1 Introduction
NB-HPN-1969-q1,12,corpus_doc_0143,paper_0143,2,Background,2,0.173069,One Sketch to Rule Them All: Rethinking … §2 Background
NB-HPN-1969-q1,13,corpus_doc_1992,paper_1992,,,3,0.164389,Towards a Cost vs. Quality Sweet Spot fo… §
NB-HPN-1969-q1,14,corpus_doc_0637,paper_0637,,,1,0.082235,Memento: Making Sliding Windows Efficien… §
NB-HPN-1969-q1,15,corpus_doc_1701,paper_1701,VI,In-Band Network Telemetry Int,8,0.063769,Received May 14 2021 accepted May 27 202… §VI In-Band Network Telemetry Int
NB-HPN-1969-q1,16,corpus_doc_0049,paper_0049,2,Background,5,0.055638,. . Latest updates: h ps://dl.acm.org/do… §2 Background
NB-HPN-1969-q1,17,corpus_doc_1701,paper_1701,VII,Network Performance,13,0.042891,Received May 14 2021 accepted May 27 202… §VII Network Performance
NB-HPN-1969-q1,18,corpus_doc_1678,paper_1678,4.1,Overview,15,0.041853,Fast Monitoring of Traf c Subpopulations… §4.1 Overview
NB-HPN-1969-q1,19,corpus_doc_0592,paper_0592,5.4,Performance,3,0.034791,Compact Data Structures for Network Tele… §5.4 Performance
NB-HPN-1969-q1,20,corpus_doc_0430,paper_0430,4,Performance,7,0.001304,On Optimal Probing for Delay and Loss Me… §4 Performance
NB-HPN-1438-q1,1,corpus_doc_1927,paper_1927,III,Motiv Ation,4,0.968487,IEEE TRANSACTIONS ON PARALLEL AND DISTRI… §III Motiv Ation
NB-HPN-1438-q1,2,corpus_doc_1438,paper_1438,,,4,0.960305,Online Optimization of File Transfers in… §
NB-HPN-1438-q1,3,corpus_doc_1927,paper_1927,III,Motiv Ation,7,0.953290,IEEE TRANSACTIONS ON PARALLEL AND DISTRI… §III Motiv Ation
NB-HPN-1438-q1,4,corpus_doc_2265,paper_2265,II,Socket Buffer Size And Tcp Throughput,4,0.944544,1 Socket Buffer Auto-Sizing for High-Per… §II Socket Buffer Size And Tcp Throughput
NB-HPN-1438-q1,5,corpus_doc_1438,paper_1438,,,3,0.931499,Online Optimization of File Transfers in… §
NB-HPN-1438-q1,6,corpus_doc_1927,paper_1927,V,E Va L U At I,14,0.930204,IEEE TRANSACTIONS ON PARALLEL AND DISTRI… §V E Va L U At I
NB-HPN-1438-q1,7,corpus_doc_1046,paper_1046,,,14,0.928936,1 High-Speed T ransfer Optimization Base… §
NB-HPN-1438-q1,8,corpus_doc_0616,paper_0616,II,Motiv Ation,2,0.910343,HARP: Predictive Transfer Optimization B… §II Motiv Ation
NB-HPN-1438-q1,9,corpus_doc_1097,paper_1097,V,Concurrent Transfers,7,0.904585,Data transfer between scienti c faciliti… §V Concurrent Transfers
NB-HPN-1438-q1,10,corpus_doc_2342,paper_2342,5,Performance,10,0.902823,Journal Pre-proof Moving small files in … §5 Performance
NB-HPN-1438-q1,11,corpus_doc_1654,paper_1654,II,Problemformula Tion,2,0.884997,Big Data Transfer Optimization Based on … §II Problemformula Tion
NB-HPN-1438-q1,12,corpus_doc_0775,paper_0775,,Abstract,0,0.882692,MDTM: Optimizing Data Transfer using Mul… §Abstract
NB-HPN-1438-q1,13,corpus_doc_2155,paper_2155,,,7,0.871729,. . Latest updates: h ps://dl.acm.org/do… §
NB-HPN-1438-q1,14,corpus_doc_1616,paper_1616,II,Problem Formulation,2,0.859000,2017 IEEE International Conference on Bi… §II Problem Formulation
NB-HPN-1438-q1,15,corpus_doc_1927,paper_1927,III,Motiv Ation,5,0.839156,IEEE TRANSACTIONS ON PARALLEL AND DISTRI… §III Motiv Ation
NB-HPN-1438-q1,16,corpus_doc_2337,paper_2337,III,Soda Design,5,0.702874,Disaggregated Memory with SmartNIC Offlo… §III Soda Design
NB-HPN-1438-q1,17,corpus_doc_1927,paper_1927,V,E Va L U At I,12,0.680799,IEEE TRANSACTIONS ON PARALLEL AND DISTRI… §V E Va L U At I
NB-HPN-1438-q1,18,corpus_doc_1163,paper_1163,III,Parallelism And Concurrency,5,0.673778,Modeling and Optimizing Large-Scale Wide… §III Parallelism And Concurrency
NB-HPN-1438-q1,19,corpus_doc_1532,paper_1532,9,Evaluation,11,0.486281,Coyote v2: Raising the Level of Abstract… §9 Evaluation
NB-HPN-1438-q1,20,corpus_doc_0817,paper_0817,,Abstract,0,0.399786,Parallel TCP Sockets: Simple Model Throu… §Abstract
NB-HPN-1103-q2,1,corpus_doc_1195,paper_1195,6,Evaluation,18,0.830700,. . Latest updates: h ps://dl.acm.org/do… §6 Evaluation
NB-HPN-1103-q2,2,corpus_doc_1263,paper_1263,3.1,Implementation,2,0.813208,This is the published version of a paper… §3.1 Implementation
NB-HPN-1103-q2,3,corpus_doc_1103,paper_1103,1,Introduction,1,0.761337,This paper is included in the Proceeding… §1 Introduction
NB-HPN-1103-q2,4,corpus_doc_1866,paper_1866,2.1,Introduction,26,0.758313,HAL Id: tel-02093064 Submitted on 8 Apr … §2.1 Introduction
NB-HPN-1103-q2,5,corpus_doc_2185,paper_2185,1,Performance,26,0.741270,Performance Evaluation of eXpress Data P… §1 Performance
NB-HPN-1103-q2,6,corpus_doc_1195,paper_1195,6,Evaluation,16,0.732104,. . Latest updates: h ps://dl.acm.org/do… §6 Evaluation
NB-HPN-1103-q2,7,corpus_doc_1263,paper_1263,3.1,Implementation,3,0.691623,This is the published version of a paper… §3.1 Implementation
NB-HPN-1103-q2,8,corpus_doc_1119,paper_1119,4.1,Experiment,10,0.673315,State-Compute Replication: Parallelizing… §4.1 Experiment
NB-HPN-1103-q2,9,corpus_doc_0178,paper_0178,3.3,Evaluation,5,0.620843,Scaling Stateful Network Services on Mul… §3.3 Evaluation
NB-HPN-1103-q2,10,corpus_doc_1103,paper_1103,1,Introduction,2,0.534439,This paper is included in the Proceeding… §1 Introduction
NB-HPN-1103-q2,11,corpus_doc_1119,paper_1119,4.1,Experiment,11,0.443547,State-Compute Replication: Parallelizing… §4.1 Experiment
NB-HPN-1103-q2,12,corpus_doc_1195,paper_1195,4,System,12,0.438535,. . Latest updates: h ps://dl.acm.org/do… §4 System
NB-HPN-1103-q2,13,corpus_doc_1119,paper_1119,2,Background,2,0.416606,State-Compute Replication: Parallelizing… §2 Background
NB-HPN-1103-q2,14,corpus_doc_1777,paper_1777,3,Design,6,0.402259,. . Latest updates: h ps://dl.acm.org/do… §3 Design
NB-HPN-1103-q2,15,corpus_doc_0076,paper_0076,6.1,Evaluation,14,0.322991,Fast Userspace Networking for the Rest o… §6.1 Evaluation
NB-HPN-1103-q2,16,corpus_doc_2159,paper_2159,6,Evaluation,15,0.241792,Bridge the Future: High-Performance Netw… §6 Evaluation
NB-HPN-1103-q2,17,corpus_doc_1103,paper_1103,4,Implementation,10,0.222624,This paper is included in the Proceeding… §4 Implementation
NB-HPN-1103-q2,18,corpus_doc_0290,paper_0290,1,System,3,0.162382,Flow Management at Multi-Gbps: Tradeoffs… §1 System
NB-HPN-1103-q2,19,corpus_doc_1119,paper_1119,2,Background,3,0.126349,State-Compute Replication: Parallelizing… §2 Background
NB-HPN-1103-q2,20,corpus_doc_0425,paper_0425,2.3.2,Background,36,0.070658,HAL Id: tel-02931840 Submitted on 7 Sep … §2.3.2 Background
NB-HPN-1152-q1,1,corpus_doc_1152,paper_1152,3,Analysis,5,0.991251,TCP Behavior of a Busy Internet Server: … §3 Analysis
NB-HPN-1152-q1,2,corpus_doc_1152,paper_1152,1,Introduction,1,0.989635,TCP Behavior of a Busy Internet Server: … §1 Introduction
NB-HPN-1152-q1,3,corpus_doc_1803,paper_1803,1,Introduction,1,0.987960,TCP Behavior of a Busy Intemet Server: A… §1 Introduction
NB-HPN-1152-q1,4,corpus_doc_1803,paper_1803,3,Analysis,5,0.987408,TCP Behavior of a Busy Intemet Server: A… §3 Analysis
NB-HPN-1152-q1,5,corpus_doc_1803,paper_1803,6,Conclusions,12,0.984294,TCP Behavior of a Busy Intemet Server: A… §6 Conclusions
NB-HPN-1152-q1,6,corpus_doc_1152,paper_1152,6,Conclusions,12,0.982607,TCP Behavior of a Busy Internet Server: … §6 Conclusions
NB-HPN-1152-q1,7,corpus_doc_1152,paper_1152,3,Analysis,4,0.959036,TCP Behavior of a Busy Internet Server: … §3 Analysis
NB-HPN-1152-q1,8,corpus_doc_1782,paper_1782,II,Model For Tcp Congestion Control,2,0.958167,IEEE/ACM TRANSACTIONS ON NETWORKING VOL.… §II Model For Tcp Congestion Control
NB-HPN-1152-q1,9,corpus_doc_1803,paper_1803,3,Analysis,4,0.955720,TCP Behavior of a Busy Intemet Server: A… §3 Analysis
NB-HPN-1152-q1,10,corpus_doc_1152,paper_1152,3,Analysis,6,0.945034,TCP Behavior of a Busy Internet Server: … §3 Analysis
NB-HPN-1152-q1,11,corpus_doc_2339,paper_2339,II,Data Centre Communica Tion And Incast,3,0.881523,eprints whiterose.ac.uk Universities of … §II Data Centre Communica Tion And Incast
NB-HPN-1152-q1,12,corpus_doc_1782,paper_1782,III,Measurements And Trace Analysis,6,0.878773,IEEE/ACM TRANSACTIONS ON NETWORKING VOL.… §III Measurements And Trace Analysis
NB-HPN-1152-q1,13,corpus_doc_1386,paper_1386,,,3,0.872446,Dapper: Data Plane Performance Diagnosis… §
NB-HPN-1152-q1,14,corpus_doc_0850,paper_0850,1,Introduction,2,0.787043,International Journal of Science and Res… §1 Introduction
NB-HPN-1152-q1,15,corpus_doc_2007,paper_2007,,,12,0.717148,. . Latest updates: h ps://dl.acm.org/do… §
NB-HPN-1152-q1,16,corpus_doc_2110,paper_2110,,,5,0.665747,. . Latest updates: h ps://dl.acm.org/do… §
NB-HPN-1152-q1,17,corpus_doc_1803,paper_1803,3,Analysis,8,0.625297,TCP Behavior of a Busy Intemet Server: A… §3 Analysis
NB-HPN-1152-q1,18,corpus_doc_1682,paper_1682,VIII,Conclusions,12,0.584052,IEEE/ACM TRANSACTIONS ON NETW ORKING VOL… §VIII Conclusions
NB-HPN-1152-q1,19,corpus_doc_0283,paper_0283,,,1,0.247009,TCP Transmission Control Protocol ACK: A… §
NB-HPN-1152-q1,20,corpus_doc_1910,paper_1910,V,Implementation And Experiments A,10,0.208791,IEEE/ACM TRANSACTIONS ON NETWORKING 1 En… §V Implementation And Experiments A
NB-HPN-0570-q1,1,corpus_doc_0570,paper_0570,,Abstract,0,0.986042,2454 IEEE/ACM TRANSACTIONS ON NETWORKING… §Abstract
NB-HPN-0570-q1,2,corpus_doc_0972,paper_0972,5.3,Implementation,3,0.937801,. . Latest updates: h ps://dl.acm.org/do… §5.3 Implementation
NB-HPN-0570-q1,3,corpus_doc_1933,paper_1933,7.3,Performance,4,0.921499,. . Latest updates: h ps://dl.acm.org/do… §7.3 Performance
NB-HPN-0570-q1,4,corpus_doc_1331,paper_1331,1,Introduction,5,0.838412,H-TCP: TCP for high-speed and long-dista… §1 Introduction
NB-HPN-0570-q1,5,corpus_doc_1139,paper_1139,V,Performance Evaluation,12,0.827400,Received September 9 2020 accepted Septe… §V Performance Evaluation
NB-HPN-0570-q1,6,corpus_doc_0838,paper_0838,II,Related Work A,2,0.791783,Characterizing 5G Adoption and its Impac… §II Related Work A
NB-HPN-0570-q1,7,corpus_doc_1997,paper_1997,6.1,Experiment,5,0.689030,. . Latest updates: h ps://dl.acm.org/do… §6.1 Experiment
NB-HPN-0570-q1,8,corpus_doc_1331,paper_1331,1,Introduction,1,0.681082,H-TCP: TCP for high-speed and long-dista… §1 Introduction
NB-HPN-0570-q1,9,corpus_doc_0401,paper_0401,1,Introduction,0,0.675514,. . Latest updates: h ps://dl.acm.org/do… §1 Introduction
NB-HPN-0570-q1,10,corpus_doc_0702,paper_0702,3.3,Overview,1,0.653203,. . Latest updates: h ps://dl.acm.org/do… §3.3 Overview
NB-HPN-0570-q1,11,corpus_doc_0702,paper_0702,3.3,Overview,2,0.429389,. . Latest updates: h ps://dl.acm.org/do… §3.3 Overview
NB-HPN-0570-q1,12,corpus_doc_0394,paper_0394,1,Introduction,4,0.428014,This paper is included in the Proceeding… §1 Introduction
NB-HPN-0570-q1,13,corpus_doc_1648,paper_1648,I,Introduction Inthe,1,0.401157,IEEE/ACM TRANSACTIONS ON NETWORKING 1 LG… §I Introduction Inthe
NB-HPN-0570-q1,14,corpus_doc_2179,paper_2179,,,3,0.395073,To switch or not to switch to TCP Prague… §
NB-HPN-0570-q1,15,corpus_doc_0007,paper_0007,1,Introduction,5,0.390894,Vol.: 0123456789 Wireless Personal Commu… §1 Introduction
NB-HPN-0570-q1,16,corpus_doc_1704,paper_1704,6.3,Future Work,5,0.384112,i SDN-ENABLED DATA OFFLOADING AND LOAD B… §6.3 Future Work
NB-HPN-0570-q1,17,corpus_doc_0394,paper_0394,1,Introduction,1,0.330901,This paper is included in the Proceeding… §1 Introduction
NB-HPN-0570-q1,18,corpus_doc_2195,paper_2195,5.3,Results,16,0.167630,. . Latest updates: h ps://dl.acm.org/do… §5.3 Results
NB-HPN-0570-q1,19,corpus_doc_1748,paper_1748,5.2,Experiment,21,0.125951,HAL Id: hal-03905784 Submitted on 19 Dec… §5.2 Experiment
NB-HPN-0570-q1,20,corpus_doc_1516,paper_1516,V,Conclusion,5,0.060307,XLIII BRAZILIAN SYMPOSIUM ON TELECOMMUNI… §V Conclusion
NB-HPN-0536-q3,1,corpus_doc_0817,paper_0817,I,Introduction,2,0.964114,Parallel TCP Sockets: Simple Model Throu… §I Introduction
NB-HPN-0536-q3,2,corpus_doc_0536,paper_0536,1.0,Introduction,1,0.962235,1 The End-to-End Performance Effects of … §1.0 Introduction
NB-HPN-0536-q3,3,corpus_doc_0536,paper_0536,1.0,Introduction,4,0.944766,1 The End-to-End Performance Effects of … §1.0 Introduction
NB-HPN-0536-q3,4,corpus_doc_1862,paper_1862,I,Introduction,2,0.913145,Parallel TCP Sockets: Simple Model Throu… §I Introduction
NB-HPN-0536-q3,5,corpus_doc_0536,paper_0536,1.0,Introduction,2,0.908488,1 The End-to-End Performance Effects of … §1.0 Introduction
NB-HPN-0536-q3,6,corpus_doc_2166,paper_2166,1.1,Motivation,2,0.898572,See discussions stats and author profile… §1.1 Motivation
NB-HPN-0536-q3,7,corpus_doc_1695,paper_1695,1.1,Motivation,2,0.875520,Applied Techniques for High Bandwidth Da… §1.1 Motivation
NB-HPN-0536-q3,8,corpus_doc_0817,paper_0817,VI,Conclusion,13,0.843682,Parallel TCP Sockets: Simple Model Throu… §VI Conclusion
NB-HPN-0536-q3,9,corpus_doc_0817,paper_0817,I,Introduction,4,0.829981,Parallel TCP Sockets: Simple Model Throu… §I Introduction
NB-HPN-0536-q3,10,corpus_doc_1862,paper_1862,VI,Conclusion,13,0.772952,Parallel TCP Sockets: Simple Model Throu… §VI Conclusion
NB-HPN-0536-q3,11,corpus_doc_1695,paper_1695,1.1,Motivation,3,0.766503,Applied Techniques for High Bandwidth Da… §1.1 Motivation
NB-HPN-0536-q3,12,corpus_doc_0600,paper_0600,,,1,0.712807,PSockets: The Case for Application-level… §
NB-HPN-0536-q3,13,corpus_doc_2166,paper_2166,1.1,Motivation,3,0.658177,See discussions stats and author profile… §1.1 Motivation
NB-HPN-0536-q3,14,corpus_doc_1862,paper_1862,I,Introduction,4,0.636942,Parallel TCP Sockets: Simple Model Throu… §I Introduction
NB-HPN-0536-q3,15,corpus_doc_1862,paper_1862,V,Experimental Results,10,0.626332,Parallel TCP Sockets: Simple Model Throu… §V Experimental Results
NB-HPN-0536-q3,16,corpus_doc_0536,paper_0536,5.0,Conclusion,8,0.427190,1 The End-to-End Performance Effects of … §5.0 Conclusion
NB-HPN-0536-q3,17,corpus_doc_2024,paper_2024,3,System,19,0.240102,DOE Network 2025: Network Research Probl… §3 System
NB-HPN-0536-q3,18,corpus_doc_0817,paper_0817,,Abstract,0,0.163599,Parallel TCP Sockets: Simple Model Throu… §Abstract
NB-HPN-0536-q3,19,corpus_doc_1862,paper_1862,,Abstract,0,0.163599,Parallel TCP Sockets: Simple Model Throu… §Abstract
NB-HPN-0536-q3,20,corpus_doc_0082,paper_0082,11,Design,80,0.027292,This page intentionally left blank COMPU… §11 Design
NB-HPN-1080-q3,1,corpus_doc_2342,paper_2342,5,Performance,10,0.990444,Journal Pre-proof Moving small files in … §5 Performance
NB-HPN-1080-q3,2,corpus_doc_0519,paper_0519,,Abstract,0,0.989488,TERAGRID 2007 CONFERENCE MADISON WI 1 Gr… §Abstract
NB-HPN-1080-q3,3,corpus_doc_1080,paper_1080,II,Answers To Formidable Questions,3,0.989464,How GridFTP Pipelining Parallelism and C… §II Answers To Formidable Questions
NB-HPN-1080-q3,4,corpus_doc_1080,paper_1080,II,Answers To Formidable Questions,5,0.983479,How GridFTP Pipelining Parallelism and C… §II Answers To Formidable Questions
NB-HPN-1080-q3,5,corpus_doc_1080,paper_1080,I,Introduction,1,0.972890,How GridFTP Pipelining Parallelism and C… §I Introduction
NB-HPN-1080-q3,6,corpus_doc_0185,paper_0185,2,Related Work,2,0.972841,Dynamic Protocol Tuning Algorithms for H… §2 Related Work
NB-HPN-1080-q3,7,corpus_doc_1080,paper_1080,II,Answers To Formidable Questions,2,0.968946,How GridFTP Pipelining Parallelism and C… §II Answers To Formidable Questions
NB-HPN-1080-q3,8,corpus_doc_1919,paper_1919,,Abstract,0,0.967407,1 Application-Level Optimization of Big … §Abstract
NB-HPN-1080-q3,9,corpus_doc_0916,paper_0916,,Abstract,0,0.965117,Globus GridFTP: What s New in 2007 Invit… §Abstract
NB-HPN-1080-q3,10,corpus_doc_0819,paper_0819,6,Experimental,6,0.959025,1 The Globus Striped GridFTP Framework a… §6 Experimental
NB-HPN-1080-q3,11,corpus_doc_2342,paper_2342,4.3,Performance,8,0.949309,Journal Pre-proof Moving small files in … §4.3 Performance
NB-HPN-1080-q3,12,corpus_doc_2342,paper_2342,2.2,Motivation,5,0.938923,Journal Pre-proof Moving small files in … §2.2 Motivation
NB-HPN-1080-q3,13,corpus_doc_0534,paper_0534,6.1,Experimental,4,0.927339,Long-haul Secure Data Transfer using Har… §6.1 Experimental
NB-HPN-1080-q3,14,corpus_doc_0915,paper_0915,7,Experimental,14,0.919684,DotDFS: A Grid - based high - throughput… §7 Experimental
NB-HPN-1080-q3,15,corpus_doc_1438,paper_1438,,,9,0.915055,Online Optimization of File Transfers in… §
NB-HPN-1080-q3,16,corpus_doc_1183,paper_1183,III,Experimental Results,6,0.880859,Energy-Aware Data Transfer Tuning Ismail… §III Experimental Results
NB-HPN-1080-q3,17,corpus_doc_0387,paper_0387,V,Numerical Examples,5,0.761114,On Parameter Tuning of Data Transfer Pro… §V Numerical Examples
NB-HPN-1080-q3,18,corpus_doc_1935,paper_1935,3.1,Design,8,0.730260,IEICE TRANS. COMMUN. VOL. Exx . NO.xx XX… §3.1 Design
NB-HPN-1080-q3,19,corpus_doc_1080,paper_1080,V,Conclusions And Future Work,11,0.603252,How GridFTP Pipelining Parallelism and C… §V Conclusions And Future Work
NB-HPN-1080-q3,20,corpus_doc_1080,paper_1080,,Abstract,0,0.573269,How GridFTP Pipelining Parallelism and C… §Abstract
NB-HPN-1414-q1,1,corpus_doc_1414,paper_1414,II,Some Pitfalls,2,0.996664,1 Experimental Evaluation of TCP Protoco… §II Some Pitfalls
NB-HPN-1414-q1,2,corpus_doc_1702,paper_1702,II,Some Pitfalls,2,0.995423,IEEE/ACM TRANSACTIONS ON NETWORKING VOL.… §II Some Pitfalls
NB-HPN-1414-q1,3,corpus_doc_1702,paper_1702,VII,Summary And Conclusion,13,0.937407,IEEE/ACM TRANSACTIONS ON NETWORKING VOL.… §VII Summary And Conclusion
NB-HPN-1414-q1,4,corpus_doc_0262,paper_0262,,,1,0.934904,International Journal of Information Tec… §
NB-HPN-1414-q1,5,corpus_doc_0712,paper_0712,II,Related Work Tcp,2,0.933898,IEEE/ACM TRANSACTIONS ON NETWOR KING VOL… §II Related Work Tcp
NB-HPN-1414-q1,6,corpus_doc_1414,paper_1414,IV,Evaluating High -Speed Protocols,6,0.927938,1 Experimental Evaluation of TCP Protoco… §IV Evaluating High -Speed Protocols
NB-HPN-1414-q1,7,corpus_doc_0932,paper_0932,1,Introduction,1,0.925992,This paper is included in the Proceeding… §1 Introduction
NB-HPN-1414-q1,8,corpus_doc_0083,paper_0083,4.2.4,Performance,9,0.921763,1 UDT: UDP-based Data Transfer for High-… §4.2.4 Performance
NB-HPN-1414-q1,9,corpus_doc_1702,paper_1702,IV,Ev Aluatinghigh-Speed Protocols,6,0.917175,IEEE/ACM TRANSACTIONS ON NETWORKING VOL.… §IV Ev Aluatinghigh-Speed Protocols
NB-HPN-1414-q1,10,corpus_doc_0047,paper_0047,4.2.4,Performance,12,0.907498,UDT: UDP-based data transfer for high-sp… §4.2.4 Performance
NB-HPN-1414-q1,11,corpus_doc_0262,paper_0262,,,2,0.897884,International Journal of Information Tec… §
NB-HPN-1414-q1,12,corpus_doc_1414,paper_1414,V,Results,7,0.871496,1 Experimental Evaluation of TCP Protoco… §V Results
NB-HPN-1414-q1,13,corpus_doc_1702,paper_1702,VI,Related Work,12,0.786931,IEEE/ACM TRANSACTIONS ON NETWORKING VOL.… §VI Related Work
NB-HPN-1414-q1,14,corpus_doc_1414,paper_1414,VI,Related Work,13,0.779880,1 Experimental Evaluation of TCP Protoco… §VI Related Work
NB-HPN-1414-q1,15,corpus_doc_0156,paper_0156,1,Introduction,1,0.747472,Don t Hate the Player Hate the Game: Saf… §1 Introduction
NB-HPN-1414-q1,16,corpus_doc_0932,paper_0932,4,Evaluation,13,0.559706,This paper is included in the Proceeding… §4 Evaluation
NB-HPN-1414-q1,17,corpus_doc_0314,paper_0314,8,Conclusion,1,0.511742,The Macroscopic Beha vior of the TCP Con… §8 Conclusion
NB-HPN-1414-q1,18,corpus_doc_0291,paper_0291,5,Analysis,5,0.468072,One-way delay estimation and its applica… §5 Analysis
NB-HPN-1414-q1,19,corpus_doc_1069,paper_1069,I,Introduction,2,0.397437,Received April 17 2021 accepted April 26… §I Introduction
NB-HPN-1414-q1,20,corpus_doc_1224,paper_1224,11,Introduction,1,0.171148,Ilmari Saari ANALYSING THE PERFORMANCE A… §11 Introduction
NB-HPN-2020-q1,1,corpus_doc_2020,paper_2020,4.2,Results,3,0.981477,On the Predictability of Large Transfer … §4.2 Results
NB-HPN-2020-q1,2,corpus_doc_2020,paper_2020,,Abstract,0,0.959506,On the Predictability of Large Transfer … §Abstract
NB-HPN-2020-q1,3,corpus_doc_2020,paper_2020,4.2,Results,4,0.939537,On the Predictability of Large Transfer … §4.2 Results
NB-HPN-2020-q1,4,corpus_doc_2075,paper_2075,1,Introduction,1,0.935798,Characterizing and Predicting TCP Throug… §1 Introduction
NB-HPN-2020-q1,5,corpus_doc_2020,paper_2020,4.1,Overview,1,0.922666,On the Predictability of Large Transfer … §4.1 Overview
NB-HPN-2020-q1,6,corpus_doc_2020,paper_2020,6.1,Results,11,0.921007,On the Predictability of Large Transfer … §6.1 Results
NB-HPN-2020-q1,7,corpus_doc_2020,paper_2020,6.1,Results,13,0.920561,On the Predictability of Large Transfer … §6.1 Results
NB-HPN-2020-q1,8,corpus_doc_0547,paper_0547,IV,Measurements Of Delay,5,0.907905,Unknown §IV Measurements Of Delay
NB-HPN-2020-q1,9,corpus_doc_1897,paper_1897,1,Introduction,1,0.855606,Future Generation Computer Systems 29 20… §1 Introduction
NB-HPN-2020-q1,10,corpus_doc_0457,paper_0457,II,Problem And Motiv Ation,4,0.846206,1074 IEEE/ACM TRANSACTIONS ON NETWORKING… §II Problem And Motiv Ation
NB-HPN-2020-q1,11,corpus_doc_0547,paper_0547,II,Related Work,2,0.788492,Unknown §II Related Work
NB-HPN-2020-q1,12,corpus_doc_1862,paper_1862,V,Experimental Results,11,0.749312,Parallel TCP Sockets: Simple Model Throu… §V Experimental Results
NB-HPN-2020-q1,13,corpus_doc_0917,paper_0917,2,Performance,7,0.700339,TCP Throughput Profiles Using Measuremen… §2 Performance
NB-HPN-2020-q1,14,corpus_doc_2075,paper_2075,5.1,System,8,0.689249,Characterizing and Predicting TCP Throug… §5.1 System
NB-HPN-2020-q1,15,corpus_doc_0599,paper_0599,2,Related Work,2,0.677321,Using Regression Techniques to Predict L… §2 Related Work
NB-HPN-2020-q1,16,corpus_doc_0255,paper_0255,VI,Related Work,7,0.449453,PTPmesh: Data Center Network Latency Mea… §VI Related Work
NB-HPN-2020-q1,17,corpus_doc_1961,paper_1961,V,Demonstration Of Fp Spin,10,0.348766,FPsPIN: An FPGA-based Open-Hardware Rese… §V Demonstration Of Fp Spin
NB-HPN-2020-q1,18,corpus_doc_0547,paper_0547,VI,Conclusion,7,0.282078,Unknown §VI Conclusion
NB-HPN-2020-q1,19,corpus_doc_1765,paper_1765,II,General Approach To Probing,2,0.280710,Active Probing Approach for Fault Locali… §II General Approach To Probing
NB-HPN-2020-q1,20,corpus_doc_2020,paper_2020,6.1,Results,14,0.261615,On the Predictability of Large Transfer … §6.1 Results
NB-HPN-0094-q2,1,corpus_doc_0094,paper_0094,V,Performance Analysis,6,0.970680,Network Slicing for Edge-Cloud Orchestra… §V Performance Analysis
NB-HPN-0094-q2,2,corpus_doc_0094,paper_0094,IV,Algorithm,5,0.909062,Network Slicing for Edge-Cloud Orchestra… §IV Algorithm
NB-HPN-0094-q2,3,corpus_doc_0094,paper_0094,VI,Conclusion,8,0.835892,Network Slicing for Edge-Cloud Orchestra… §VI Conclusion
NB-HPN-0094-q2,4,corpus_doc_0740,paper_0740,III,System Model,5,0.651666,Online Convex Optimization for Caching N… §III System Model
NB-HPN-0094-q2,5,corpus_doc_2233,paper_2233,III,Problem Reformulation,4,0.622605,An Online Convex Optimization-based Join… §III Problem Reformulation
NB-HPN-0094-q2,6,corpus_doc_2120,paper_2120,9.2.2,Analysis,66,0.546752,Introduction to Online Convex Optimizati… §9.2.2 Analysis
NB-HPN-0094-q2,7,corpus_doc_1399,paper_1399,IV,Computing The Optimal Configuration,4,0.463311,This is a postprint version of the follo… §IV Computing The Optimal Configuration
NB-HPN-0094-q2,8,corpus_doc_0532,paper_0532,1,Framework,0,0.350380,24 International Journal of communicatio… §1 Framework
NB-HPN-0094-q2,9,corpus_doc_1438,paper_1438,,,5,0.250070,Online Optimization of File Transfers in… §
NB-HPN-0094-q2,10,corpus_doc_1859,paper_1859,4.1,Design,1,0.249680,. . Latest updates: h ps://dl.acm.org/do… §4.1 Design
NB-HPN-0094-q2,11,corpus_doc_0801,paper_0801,2.2,Motivation,3,0.242770,. . Latest updates: h ps://dl.acm.org/do… §2.2 Motivation
NB-HPN-0094-q2,12,corpus_doc_1147,paper_1147,2,Background,4,0.223508,Prediction-Guided Control in Data Center… §2 Background
NB-HPN-0094-q2,13,corpus_doc_0094,paper_0094,V,Performance Analysis,7,0.215252,Network Slicing for Edge-Cloud Orchestra… §V Performance Analysis
NB-HPN-0094-q2,14,corpus_doc_0451,paper_0451,I,Introduction Ecause,2,0.199275,1 > REPLACE THIS LINE WITH YOUR MANUSCRI… §I Introduction Ecause
NB-HPN-0094-q2,15,corpus_doc_1025,paper_1025,1,Introduction,2,0.139311,No Signal to Rule Them All: A Systematic… §1 Introduction
NB-HPN-0094-q2,16,corpus_doc_0664,paper_0664,I,Introduction,1,0.129414,Understanding the Benefits of Hardware-A… §I Introduction
NB-HPN-0094-q2,17,corpus_doc_0094,paper_0094,III,Cost Function,4,0.126127,Network Slicing for Edge-Cloud Orchestra… §III Cost Function
NB-HPN-0094-q2,18,corpus_doc_0253,paper_0253,1,Introduction,1,0.040117,This paper is included in the Proceeding… §1 Introduction
NB-HPN-0094-q2,19,corpus_doc_0127,paper_0127,9,Related Work,17,0.004582,This paper is included in the Proceeding… §9 Related Work
NB-HPN-0094-q2,20,corpus_doc_0253,paper_0253,,Abstract,0,0.001708,This paper is included in the Proceeding… §Abstract
NB-HPN-2204-q2,1,corpus_doc_2204,paper_2204,III,Experimentdesign,4,0.989347,Preprint Accepted paper at IEEE HPSR 202… §III Experimentdesign
NB-HPN-2204-q2,2,corpus_doc_0457,paper_0457,II,Problem And Motiv Ation,5,0.983386,1074 IEEE/ACM TRANSACTIONS ON NETWORKING… §II Problem And Motiv Ation
NB-HPN-2204-q2,3,corpus_doc_2204,paper_2204,IV,Experimentalresults,8,0.981868,Preprint Accepted paper at IEEE HPSR 202… §IV Experimentalresults
NB-HPN-2204-q2,4,corpus_doc_0457,paper_0457,II,Problem And Motiv Ation,3,0.975962,1074 IEEE/ACM TRANSACTIONS ON NETWORKING… §II Problem And Motiv Ation
NB-HPN-2204-q2,5,corpus_doc_2204,paper_2204,III,Experimentdesign,5,0.972262,Preprint Accepted paper at IEEE HPSR 202… §III Experimentdesign
NB-HPN-2204-q2,6,corpus_doc_2265,paper_2265,II,Socket Buffer Size And Tcp Throughput,5,0.966866,1 Socket Buffer Auto-Sizing for High-Per… §II Socket Buffer Size And Tcp Throughput
NB-HPN-2204-q2,7,corpus_doc_2204,paper_2204,I,Introduction,1,0.963118,Preprint Accepted paper at IEEE HPSR 202… §I Introduction
NB-HPN-2204-q2,8,corpus_doc_1910,paper_1910,II,Background,3,0.954070,IEEE/ACM TRANSACTIONS ON NETWORKING 1 En… §II Background
NB-HPN-2204-q2,9,corpus_doc_0667,paper_0667,3.3,Results,32,0.947971,CERN-THESIS-2017-132 28/04/2017 Software… §3.3 Results
NB-HPN-2204-q2,10,corpus_doc_2204,paper_2204,I,Introduction,2,0.937051,Preprint Accepted paper at IEEE HPSR 202… §I Introduction
NB-HPN-2204-q2,11,corpus_doc_0252,paper_0252,4,Design,3,0.932583,TCP/IPoDWDM: A Case for Adaptive Congest… §4 Design
NB-HPN-2204-q2,12,corpus_doc_2265,paper_2265,II,Socket Buffer Size And Tcp Throughput,4,0.924886,1 Socket Buffer Auto-Sizing for High-Per… §II Socket Buffer Size And Tcp Throughput
NB-HPN-2204-q2,13,corpus_doc_1910,paper_1910,V,Implementation And Experiments A,10,0.906060,IEEE/ACM TRANSACTIONS ON NETWORKING 1 En… §V Implementation And Experiments A
NB-HPN-2204-q2,14,corpus_doc_2020,paper_2020,4.2,Results,3,0.887458,On the Predictability of Large Transfer … §4.2 Results
NB-HPN-2204-q2,15,corpus_doc_2020,paper_2020,4.1,Overview,1,0.849309,On the Predictability of Large Transfer … §4.1 Overview
NB-HPN-2204-q2,16,corpus_doc_2203,paper_2203,1,Introduction,1,0.801246,007: Democratically Finding The Cause of… §1 Introduction
NB-HPN-2204-q2,17,corpus_doc_2020,paper_2020,6.1,Results,11,0.703472,On the Predictability of Large Transfer … §6.1 Results
NB-HPN-2204-q2,18,corpus_doc_2020,paper_2020,4.2,Results,4,0.664134,On the Predictability of Large Transfer … §4.2 Results
NB-HPN-2204-q2,19,corpus_doc_2020,paper_2020,4.2,Results,2,0.475780,On the Predictability of Large Transfer … §4.2 Results
NB-HPN-2204-q2,20,corpus_doc_0100,paper_0100,5.2,Experimental,13,0.475656,End-to-End Available Bandwidth: Measurem… §5.2 Experimental
NB-HPN-0596-q3,1,corpus_doc_1152,paper_1152,1,Introduction,1,0.960921,TCP Behavior of a Busy Internet Server: … §1 Introduction
NB-HPN-0596-q3,2,corpus_doc_1803,paper_1803,6,Conclusions,12,0.953487,TCP Behavior of a Busy Intemet Server: A… §6 Conclusions
NB-HPN-0596-q3,3,corpus_doc_1803,paper_1803,1,Introduction,1,0.953076,TCP Behavior of a Busy Intemet Server: A… §1 Introduction
NB-HPN-0596-q3,4,corpus_doc_0850,paper_0850,1,Introduction,1,0.944618,International Journal of Science and Res… §1 Introduction
NB-HPN-0596-q3,5,corpus_doc_1021,paper_1021,II,Problem Statement,2,0.909255,eprints whiterose.ac.uk Universities of … §II Problem Statement
NB-HPN-0596-q3,6,corpus_doc_1803,paper_1803,3,Analysis,5,0.902335,TCP Behavior of a Busy Intemet Server: A… §3 Analysis
NB-HPN-0596-q3,7,corpus_doc_0876,paper_0876,,,0,0.886936,International Journal of Computer Networ… §
NB-HPN-0596-q3,8,corpus_doc_0536,paper_0536,1.0,Introduction,1,0.883466,1 The End-to-End Performance Effects of … §1.0 Introduction
NB-HPN-0596-q3,9,corpus_doc_0817,paper_0817,I,Introduction,2,0.879368,Parallel TCP Sockets: Simple Model Throu… §I Introduction
NB-HPN-0596-q3,10,corpus_doc_0322,paper_0322,1,Introduction,1,0.869261,Automatic TCP Buffer Tuning Jeffrey Semk… §1 Introduction
NB-HPN-0596-q3,11,corpus_doc_0596,paper_0596,II,Receivers Need Conservative Windows,2,0.831814,Los Alamos an affirmative action/equal o… §II Receivers Need Conservative Windows
NB-HPN-0596-q3,12,corpus_doc_1152,paper_1152,3,Analysis,6,0.830300,TCP Behavior of a Busy Internet Server: … §3 Analysis
NB-HPN-0596-q3,13,corpus_doc_0246,paper_0246,1,Introduction,2,0.813287,Adaptive Data Block Scheduling or Parall… §1 Introduction
NB-HPN-0596-q3,14,corpus_doc_1261,paper_1261,I,Introduction,1,0.786256,Received April 6 2019 accepted May 8 201… §I Introduction
NB-HPN-0596-q3,15,corpus_doc_1149,paper_1149,68,Performance,19,0.756540,1 PHASE I TECHINCAL FINAL REPORT DIAGSOF… §68 Performance
NB-HPN-0596-q3,16,corpus_doc_1695,paper_1695,1.1,Motivation,3,0.677050,Applied Techniques for High Bandwidth Da… §1.1 Motivation
NB-HPN-0596-q3,17,corpus_doc_2166,paper_2166,1.1,Motivation,3,0.630015,See discussions stats and author profile… §1.1 Motivation
NB-HPN-0596-q3,18,corpus_doc_0600,paper_0600,,,1,0.595738,PSockets: The Case for Application-level… §
NB-HPN-0596-q3,19,corpus_doc_1026,paper_1026,,Abstract,0,0.398612,. . Latest updates: h ps://dl.acm.org/do… §Abstract
NB-HPN-0596-q3,20,corpus_doc_0667,paper_0667,4.1,Introduction,2,0.038842,CERN-THESIS-2017-132 28/04/2017 Software… §4.1 Introduction
NB-HPN-0706-q1,1,corpus_doc_0706,paper_0706,1,Introduction,4,0.984227,MIT Open Access Articles Elasticity Dete… §1 Introduction
NB-HPN-0706-q1,2,corpus_doc_0706,paper_0706,1,Introduction,3,0.973241,MIT Open Access Articles Elasticity Dete… §1 Introduction
NB-HPN-0706-q1,3,corpus_doc_1720,paper_1720,2,Related Work,4,0.966276,. . Latest updates: h ps://dl.acm.org/do… §2 Related Work
NB-HPN-0706-q1,4,corpus_doc_0706,paper_0706,1,Introduction,5,0.960044,MIT Open Access Articles Elasticity Dete… §1 Introduction
NB-HPN-0706-q1,5,corpus_doc_0706,paper_0706,1,Introduction,1,0.942632,MIT Open Access Articles Elasticity Dete… §1 Introduction
NB-HPN-0706-q1,6,corpus_doc_0706,paper_0706,1,Introduction,2,0.941231,MIT Open Access Articles Elasticity Dete… §1 Introduction
NB-HPN-0706-q1,7,corpus_doc_0706,paper_0706,6,Evaluation,11,0.929815,MIT Open Access Articles Elasticity Dete… §6 Evaluation
NB-HPN-0706-q1,8,corpus_doc_1720,paper_1720,2,Related Work,9,0.880529,. . Latest updates: h ps://dl.acm.org/do… §2 Related Work
NB-HPN-0706-q1,9,corpus_doc_0706,paper_0706,6,Evaluation,14,0.872618,MIT Open Access Articles Elasticity Dete… §6 Evaluation
NB-HPN-0706-q1,10,corpus_doc_0706,paper_0706,6,Evaluation,12,0.851106,MIT Open Access Articles Elasticity Dete… §6 Evaluation
NB-HPN-0706-q1,11,corpus_doc_0706,paper_0706,4.3,Implementation,8,0.834945,MIT Open Access Articles Elasticity Dete… §4.3 Implementation
NB-HPN-0706-q1,12,corpus_doc_1720,paper_1720,2,Related Work,6,0.821527,. . Latest updates: h ps://dl.acm.org/do… §2 Related Work
NB-HPN-0706-q1,13,corpus_doc_0706,paper_0706,,Abstract,0,0.808661,MIT Open Access Articles Elasticity Dete… §Abstract
NB-HPN-0706-q1,14,corpus_doc_1720,paper_1720,7.3,Performance,18,0.798909,. . Latest updates: h ps://dl.acm.org/do… §7.3 Performance
NB-HPN-0706-q1,15,corpus_doc_1720,paper_1720,7.1,Performance,14,0.777178,. . Latest updates: h ps://dl.acm.org/do… §7.1 Performance
NB-HPN-0706-q1,16,corpus_doc_0706,paper_0706,6,Evaluation,13,0.725663,MIT Open Access Articles Elasticity Dete… §6 Evaluation
NB-HPN-0706-q1,17,corpus_doc_1720,paper_1720,7.1,Performance,17,0.648517,. . Latest updates: h ps://dl.acm.org/do… §7.1 Performance
NB-HPN-0706-q1,18,corpus_doc_1720,paper_1720,1,Introduction,2,0.521032,. . Latest updates: h ps://dl.acm.org/do… §1 Introduction
NB-HPN-0706-q1,19,corpus_doc_1720,paper_1720,,Abstract,0,0.183479,. . Latest updates: h ps://dl.acm.org/do… §Abstract
NB-HPN-0706-q1,20,corpus_doc_0706,paper_0706,8,Conclusion,16,0.131742,MIT Open Access Articles Elasticity Dete… §8 Conclusion
NB-HPN-1398-q1,1,corpus_doc_1398,paper_1398,1,Introduction,1,0.996454,Protected Data Plane OS Using Memory Pro… §1 Introduction
NB-HPN-1398-q1,2,corpus_doc_1398,paper_1398,2,Background,3,0.991596,Protected Data Plane OS Using Memory Pro… §2 Background
NB-HPN-1398-q1,3,corpus_doc_1398,paper_1398,2,Background,4,0.988399,Protected Data Plane OS Using Memory Pro… §2 Background
NB-HPN-1398-q1,4,corpus_doc_1316,paper_1316,1,Introduction,1,0.884394,RDMA Performance Isolation With Justitia… §1 Introduction
NB-HPN-1398-q1,5,corpus_doc_0172,paper_0172,1,Introduction,1,0.797573,Noisy Neighbor: Exploiting RDMA for Reso… §1 Introduction
NB-HPN-1398-q1,6,corpus_doc_1049,paper_1049,II,Cloud Computing,6,0.767108,IEEE COMMUNICATIONS SURVEYS & TUTORIALS … §II Cloud Computing
NB-HPN-1398-q1,7,corpus_doc_0509,paper_0509,I,Introduction,1,0.753792,1 Sequence to sequence model for interfe… §I Introduction
NB-HPN-1398-q1,8,corpus_doc_1316,paper_1316,2,Performance,5,0.687661,RDMA Performance Isolation With Justitia… §2 Performance
NB-HPN-1398-q1,9,corpus_doc_1273,paper_1273,,Abstract,0,0.685824,SLO beyond the Hardware Isolation Limits… §Abstract
NB-HPN-1398-q1,10,corpus_doc_0717,paper_0717,I,Introduction I N,1,0.685090,JOURNAL OF TRANSACTIONS ON COMPUTERS VOL… §I Introduction I N
NB-HPN-1398-q1,11,corpus_doc_0502,paper_0502,7,Related Work,14,0.543588,Virtuoso: High Resource Utilization and … §7 Related Work
NB-HPN-1398-q1,12,corpus_doc_1316,paper_1316,,Abstract,0,0.491340,RDMA Performance Isolation With Justitia… §Abstract
NB-HPN-1398-q1,13,corpus_doc_0165,paper_0165,1,Introduction,33,0.422206,Accept e sur proposition du jury pour l … §1 Introduction
NB-HPN-1398-q1,14,corpus_doc_0165,paper_0165,,Abstract,0,0.269177,Accept e sur proposition du jury pour l … §Abstract
NB-HPN-1398-q1,15,corpus_doc_1316,paper_1316,1,Introduction,2,0.246409,RDMA Performance Isolation With Justitia… §1 Introduction
NB-HPN-1398-q1,16,corpus_doc_1461,paper_1461,1,Overview,5,0.232668,Slow Re-Router: Mitigating Tail-latency … §1 Overview
NB-HPN-1398-q1,17,corpus_doc_2280,paper_2280,2,Background,3,0.211763,Preprint April 7 2026 This is a preprint… §2 Background
NB-HPN-1398-q1,18,corpus_doc_0306,paper_0306,1,Introduction,1,0.176236,This work is licensed under a Creative C… §1 Introduction
NB-HPN-1398-q1,19,corpus_doc_0539,paper_0539,1,Introduction,1,0.146963,Flexible Network Bandwidth and Latency P… §1 Introduction
NB-HPN-1398-q1,20,corpus_doc_1316,paper_1316,2,Performance,4,0.114991,RDMA Performance Isolation With Justitia… §2 Performance
NB-HPN-2361-q1,1,corpus_doc_2152,paper_2152,,Abstract,0,0.996785,See discussions stats and author profile… §Abstract
NB-HPN-2361-q1,2,corpus_doc_0798,paper_0798,,,2,0.991897,A Data Throughput Prediction and Optimiz… §
NB-HPN-2361-q1,3,corpus_doc_0555,paper_0555,,,2,0.991215,Network-Aware End-to-End Data Throughput… §
NB-HPN-2361-q1,4,corpus_doc_2361,paper_2361,3,Introduction,1,0.990196,End-to-end Data-flow Parallelism for Thr… §3 Introduction
NB-HPN-2361-q1,5,corpus_doc_2152,paper_2152,6.2.2,Evaluation,2,0.985977,See discussions stats and author profile… §6.2.2 Evaluation
NB-HPN-2361-q1,6,corpus_doc_1163,paper_1163,VI,Related Work,12,0.968418,Modeling and Optimizing Large-Scale Wide… §VI Related Work
NB-HPN-2361-q1,7,corpus_doc_0555,paper_0555,,,3,0.966613,Network-Aware End-to-End Data Throughput… §
NB-HPN-2361-q1,8,corpus_doc_1211,paper_1211,VI,Related Work,12,0.963226,Modeling and Optimizing Large-Scale Wide… §VI Related Work
NB-HPN-2361-q1,9,corpus_doc_1116,paper_1116,4,Performance,5,0.959173,Balancing TCP Buffer vs Parallel Streams… §4 Performance
NB-HPN-2361-q1,10,corpus_doc_2152,paper_2152,6.2.2,Evaluation,3,0.955078,See discussions stats and author profile… §6.2.2 Evaluation
NB-HPN-2361-q1,11,corpus_doc_0763,paper_0763,2,Background,11,0.947437,NAIST-IS-DD1561026 Doctoral Dissertation… §2 Background
NB-HPN-2361-q1,12,corpus_doc_0915,paper_0915,7,Experimental,14,0.946635,DotDFS: A Grid - based high - throughput… §7 Experimental
NB-HPN-2361-q1,13,corpus_doc_0915,paper_0915,7,Experimental,13,0.893136,DotDFS: A Grid - based high - throughput… §7 Experimental
NB-HPN-2361-q1,14,corpus_doc_0724,paper_0724,,Abstract,0,0.850260,Improving Data Transfer Throughput with … §Abstract
NB-HPN-2361-q1,15,corpus_doc_2115,paper_2115,,Abstract,0,0.845083,Improving Data Transfer Throughput with … §Abstract
NB-HPN-2361-q1,16,corpus_doc_0519,paper_0519,,Abstract,0,0.770617,TERAGRID 2007 CONFERENCE MADISON WI 1 Gr… §Abstract
NB-HPN-2361-q1,17,corpus_doc_2342,paper_2342,2,Background,3,0.684635,Journal Pre-proof Moving small files in … §2 Background
NB-HPN-2361-q1,18,corpus_doc_2041,paper_2041,51,References,14,0.641889,and Scuola Superiore Sant Anna Master De… §51 References
NB-HPN-2361-q1,19,corpus_doc_1078,paper_1078,1,Performance,18,0.602447,The xDotGrid Native Cross - Platf orm Hi… §1 Performance
NB-HPN-2361-q1,20,corpus_doc_0915,paper_0915,,Abstract,0,0.241588,DotDFS: A Grid - based high - throughput… §Abstract
NB-HPN-1425-q1,1,corpus_doc_1913,paper_1913,,Abstract,0,0.988502,HAL Id: hal-01270630 Submitted on 8 Feb … §Abstract
NB-HPN-1425-q1,2,corpus_doc_0775,paper_0775,,Abstract,0,0.884540,MDTM: Optimizing Data Transfer using Mul… §Abstract
NB-HPN-1425-q1,3,corpus_doc_0113,paper_0113,I,Introduction,1,0.867181,Managing V ariability in the IO Performa… §I Introduction
NB-HPN-1425-q1,4,corpus_doc_0113,paper_0113,V,Rela Ted Work,10,0.847725,Managing V ariability in the IO Performa… §V Rela Ted Work
NB-HPN-1425-q1,5,corpus_doc_1913,paper_1913,IV,Discussions Of Experimental Results,4,0.834413,HAL Id: hal-01270630 Submitted on 8 Feb … §IV Discussions Of Experimental Results
NB-HPN-1425-q1,6,corpus_doc_1913,paper_1913,IV,Discussions Of Experimental Results,5,0.833466,HAL Id: hal-01270630 Submitted on 8 Feb … §IV Discussions Of Experimental Results
NB-HPN-1425-q1,7,corpus_doc_1913,paper_1913,IV,Discussions Of Experimental Results,3,0.829428,HAL Id: hal-01270630 Submitted on 8 Feb … §IV Discussions Of Experimental Results
NB-HPN-1425-q1,8,corpus_doc_0113,paper_0113,II,Problem And Motiv Ation V,3,0.806939,Managing V ariability in the IO Performa… §II Problem And Motiv Ation V
NB-HPN-1425-q1,9,corpus_doc_1913,paper_1913,III,Methodology,2,0.774595,HAL Id: hal-01270630 Submitted on 8 Feb … §III Methodology
NB-HPN-1425-q1,10,corpus_doc_0733,paper_0733,I,Introduction,1,0.773666,Machine Learning for Data Transfer Anoma… §I Introduction
NB-HPN-1425-q1,11,corpus_doc_0113,paper_0113,II,Problem And Motiv Ation V,4,0.737719,Managing V ariability in the IO Performa… §II Problem And Motiv Ation V
NB-HPN-1425-q1,12,corpus_doc_1913,paper_1913,II,Background,1,0.729115,HAL Id: hal-01270630 Submitted on 8 Feb … §II Background
NB-HPN-1425-q1,13,corpus_doc_1425,paper_1425,I,Introduction Hpc,1,0.711346,Server-side Log Data Analytics for I/O W… §I Introduction Hpc
NB-HPN-1425-q1,14,corpus_doc_0820,paper_0820,96,System,5,0.666778,978-1-4244-1694-3/08/$25.00 2008 IEEE Pe… §96 System
NB-HPN-1425-q1,15,corpus_doc_0927,paper_0927,,Abstract,0,0.542326,Postprint This is the accepted version o… §Abstract
NB-HPN-1425-q1,16,corpus_doc_0113,paper_0113,,Abstract,0,0.420288,Managing V ariability in the IO Performa… §Abstract
NB-HPN-1425-q1,17,corpus_doc_1913,paper_1913,VI,Conclusion And Future Work,10,0.245532,HAL Id: hal-01270630 Submitted on 8 Feb … §VI Conclusion And Future Work
NB-HPN-1425-q1,18,corpus_doc_0113,paper_0113,II,Problem And Motiv Ation V,5,0.170571,Managing V ariability in the IO Performa… §II Problem And Motiv Ation V
NB-HPN-1425-q1,19,corpus_doc_0635,paper_0635,III,Problem Definition,3,0.170540,Swift and Accurate End-to-End Throughput… §III Problem Definition
NB-HPN-1425-q1,20,corpus_doc_0671,paper_0671,III,T He Performance Of Asynchronous Full,9,0.070946,A Stochastic Geometry Approach to Asynch… §III T He Performance Of Asynchronous Full
NB-HPN-1184-q2,1,corpus_doc_1184,paper_1184,IV,Results,5,0.992265,ctrlTCP: Reducing Latency through Couple… §IV Results
NB-HPN-1184-q2,2,corpus_doc_1184,paper_1184,IV,Results,4,0.991234,ctrlTCP: Reducing Latency through Couple… §IV Results
NB-HPN-1184-q2,3,corpus_doc_1184,paper_1184,I,Introduction,1,0.990205,ctrlTCP: Reducing Latency through Couple… §I Introduction
NB-HPN-1184-q2,4,corpus_doc_1184,paper_1184,V,Conclusions,6,0.985985,ctrlTCP: Reducing Latency through Couple… §V Conclusions
NB-HPN-1184-q2,5,corpus_doc_1184,paper_1184,II,Rela Ted Work,3,0.974556,ctrlTCP: Reducing Latency through Couple… §II Rela Ted Work
NB-HPN-1184-q2,6,corpus_doc_1184,paper_1184,II,Rela Ted Work,2,0.972318,ctrlTCP: Reducing Latency through Couple… §II Rela Ted Work
NB-HPN-1184-q2,7,corpus_doc_0921,paper_0921,II,Analysis Of Tcp Variants In Network,14,0.949443,1 Resilient TCP Variant Enabling Smooth … §II Analysis Of Tcp Variants In Network
NB-HPN-1184-q2,8,corpus_doc_1184,paper_1184,,Abstract,0,0.934427,ctrlTCP: Reducing Latency through Couple… §Abstract
NB-HPN-1184-q2,9,corpus_doc_2217,paper_2217,,Abstract,0,0.906604,Toward Fair and Efficient Congestion Con… §Abstract
NB-HPN-1184-q2,10,corpus_doc_0448,paper_0448,1,Introduction,2,0.888822,Telecommun Syst 2017 64:585 598 DOI 10.1… §1 Introduction
NB-HPN-1184-q2,11,corpus_doc_1864,paper_1864,4.2,Introduction,19,0.869392,PRIORITISING INTERACTIVE FLOWS IN DATA C… §4.2 Introduction
NB-HPN-1184-q2,12,corpus_doc_0706,paper_0706,1,Introduction,1,0.842608,MIT Open Access Articles Elasticity Dete… §1 Introduction
NB-HPN-1184-q2,13,corpus_doc_1233,paper_1233,II,Background And Motivation,4,0.837265,1 Leveraging Coupled BBR and Adaptive Pa… §II Background And Motivation
NB-HPN-1184-q2,14,corpus_doc_1702,paper_1702,VI,Related Work,12,0.785159,IEEE/ACM TRANSACTIONS ON NETWORKING VOL.… §VI Related Work
NB-HPN-1184-q2,15,corpus_doc_1414,paper_1414,VI,Related Work,13,0.780259,1 Experimental Evaluation of TCP Protoco… §VI Related Work
NB-HPN-1184-q2,16,corpus_doc_1807,paper_1807,,,2,0.753711,. . Latest updates: h ps://dl.acm.org/do… §
NB-HPN-1184-q2,17,corpus_doc_0574,paper_0574,I,Paramers Setting Summary,12,0.709297,1 Improved Utility-based Congestion Cont… §I Paramers Setting Summary
NB-HPN-1184-q2,18,corpus_doc_1239,paper_1239,,,2,0.691545,Re-architecting datacenter networks and … §
NB-HPN-1184-q2,19,corpus_doc_1231,paper_1231,1,Introduction,1,0.600531,iRED: A disaggregated P4-AQM fully imple… §1 Introduction
NB-HPN-1184-q2,20,corpus_doc_1184,paper_1184,VI,Acknowledgments,7,0.500558,ctrlTCP: Reducing Latency through Couple… §VI Acknowledgments
NB-HPN-0316-q2,1,corpus_doc_0316,paper_0316,3.1,Design,6,0.921728,Backpressure Flow Control Prateesh Goyal… §3.1 Design
NB-HPN-0316-q2,2,corpus_doc_0316,paper_0316,3.1,Design,7,0.917012,Backpressure Flow Control Prateesh Goyal… §3.1 Design
NB-HPN-0316-q2,3,corpus_doc_0848,paper_0848,V,Performance Of The Rifl Network,7,0.882572,A Lightweight Routing Layer Using a Reli… §V Performance Of The Rifl Network
NB-HPN-0316-q2,4,corpus_doc_0316,paper_0316,3.1,Design,1,0.829873,Backpressure Flow Control Prateesh Goyal… §3.1 Design
NB-HPN-0316-q2,5,corpus_doc_2026,paper_2026,VI,Performance Evaluation,11,0.819570,Received 1 May 2023 accepted 23 May 2023… §VI Performance Evaluation
NB-HPN-0316-q2,6,corpus_doc_0957,paper_0957,,,3,0.808095,PINT : Probabilistic In-band Network Tel… §
NB-HPN-0316-q2,7,corpus_doc_1491,paper_1491,4.1,Evaluation,9,0.791172,REPS: Recycled Entropy Packet Spraying f… §4.1 Evaluation
NB-HPN-0316-q2,8,corpus_doc_1491,paper_1491,4.1,Evaluation,10,0.668288,REPS: Recycled Entropy Packet Spraying f… §4.1 Evaluation
NB-HPN-0316-q2,9,corpus_doc_0998,paper_0998,I,Introduction Ata,2,0.650125,1 Wai-xi Liu* Member IEEE Jun Cai Sen Li… §I Introduction Ata
NB-HPN-0316-q2,10,corpus_doc_0316,paper_0316,3.1,Design,4,0.645357,Backpressure Flow Control Prateesh Goyal… §3.1 Design
NB-HPN-0316-q2,11,corpus_doc_2158,paper_2158,3,Performance,4,0.639392,Performance Analysis of Demand-Oblivious… §3 Performance
NB-HPN-0316-q2,12,corpus_doc_0898,paper_0898,4.1,Evaluation,9,0.605451,. . Latest updates: h ps://dl.acm.org/do… §4.1 Evaluation
NB-HPN-0316-q2,13,corpus_doc_0102,paper_0102,4.5,Performance,36,0.432302,A Three Layer Lossless and Low Latency N… §4.5 Performance
NB-HPN-0316-q2,14,corpus_doc_0732,paper_0732,3.4.1,Evaluation,27,0.323936,Flow Consolidation for Congestion Contro… §3.4.1 Evaluation
NB-HPN-0316-q2,15,corpus_doc_1109,paper_1109,2.3,Discussion,4,0.312522,High-Speed Query Processing over High-Sp… §2.3 Discussion
NB-HPN-0316-q2,16,corpus_doc_0928,paper_0928,IV,Performance Evaluation,15,0.256841,Date of publication xxxx yyyy 2023 date … §IV Performance Evaluation
NB-HPN-0316-q2,17,corpus_doc_0995,paper_0995,6,Performance,22,0.256474,HAL Id: hal-05553947 Preprint submitted … §6 Performance
NB-HPN-0316-q2,18,corpus_doc_1419,paper_1419,1,Introduction,4,0.198909,Vol:. 1234567890 The Journal of Supercom… §1 Introduction
NB-HPN-0316-q2,19,corpus_doc_0689,paper_0689,VIII,Multihop Effects,15,0.125837,IEEE JOURNAL ON SELECTED AREAS IN COMMUN… §VIII Multihop Effects
NB-HPN-0316-q2,20,corpus_doc_1292,paper_1292,4.4.5,Experiment,15,0.056348,The International Arab Journal of Inform… §4.4.5 Experiment
NB-HPN-1695-q3,1,corpus_doc_1695,paper_1695,1.1,Motivation,3,0.976541,Applied Techniques for High Bandwidth Da… §1.1 Motivation
NB-HPN-1695-q3,2,corpus_doc_2166,paper_2166,1.1,Motivation,3,0.971840,See discussions stats and author profile… §1.1 Motivation
NB-HPN-1695-q3,3,corpus_doc_0819,paper_0819,6,Experimental,6,0.952942,1 The Globus Striped GridFTP Framework a… §6 Experimental
NB-HPN-1695-q3,4,corpus_doc_2152,paper_2152,,Abstract,0,0.948817,See discussions stats and author profile… §Abstract
NB-HPN-1695-q3,5,corpus_doc_2115,paper_2115,I,Introduction,1,0.905285,Improving Data Transfer Throughput with … §I Introduction
NB-HPN-1695-q3,6,corpus_doc_0724,paper_0724,I,Introduction,1,0.893254,Improving Data Transfer Throughput with … §I Introduction
NB-HPN-1695-q3,7,corpus_doc_1654,paper_1654,II,Problemformula Tion,2,0.851937,Big Data Transfer Optimization Based on … §II Problemformula Tion
NB-HPN-1695-q3,8,corpus_doc_0536,paper_0536,1.0,Introduction,1,0.845629,1 The End-to-End Performance Effects of … §1.0 Introduction
NB-HPN-1695-q3,9,corpus_doc_1695,paper_1695,1.1,Motivation,2,0.825219,Applied Techniques for High Bandwidth Da… §1.1 Motivation
NB-HPN-1695-q3,10,corpus_doc_1616,paper_1616,II,Problem Formulation,2,0.823644,2017 IEEE International Conference on Bi… §II Problem Formulation
NB-HPN-1695-q3,11,corpus_doc_2166,paper_2166,1.1,Motivation,2,0.812464,See discussions stats and author profile… §1.1 Motivation
NB-HPN-1695-q3,12,corpus_doc_0763,paper_0763,1.1,Overview,8,0.810247,NAIST-IS-DD1561026 Doctoral Dissertation… §1.1 Overview
NB-HPN-1695-q3,13,corpus_doc_1149,paper_1149,68,Performance,19,0.765913,1 PHASE I TECHINCAL FINAL REPORT DIAGSOF… §68 Performance
NB-HPN-1695-q3,14,corpus_doc_0555,paper_0555,,,3,0.743016,Network-Aware End-to-End Data Throughput… §
NB-HPN-1695-q3,15,corpus_doc_0382,paper_0382,,Abstract,0,0.740084,Use Only What You Need: Judicious Parall… §Abstract
NB-HPN-1695-q3,16,corpus_doc_0817,paper_0817,VI,Conclusion,13,0.621207,Parallel TCP Sockets: Simple Model Throu… §VI Conclusion
NB-HPN-1695-q3,17,corpus_doc_0915,paper_0915,7,Experimental,14,0.603296,DotDFS: A Grid - based high - throughput… §7 Experimental
NB-HPN-1695-q3,18,corpus_doc_1862,paper_1862,VI,Conclusion,13,0.517231,Parallel TCP Sockets: Simple Model Throu… §VI Conclusion
NB-HPN-1695-q3,19,corpus_doc_1862,paper_1862,,Abstract,0,0.214161,Parallel TCP Sockets: Simple Model Throu… §Abstract
NB-HPN-1695-q3,20,corpus_doc_0817,paper_0817,,Abstract,0,0.214161,Parallel TCP Sockets: Simple Model Throu… §Abstract
NB-HPN-1109-q1,1,corpus_doc_1109,paper_1109,,Abstract,0,0.983558,High-Speed Query Processing over High-Sp… §Abstract
NB-HPN-1109-q1,2,corpus_doc_1109,paper_1109,4.1,Experimental,8,0.959584,High-Speed Query Processing over High-Sp… §4.1 Experimental
NB-HPN-1109-q1,3,corpus_doc_1109,paper_1109,4.1,Experimental,5,0.882650,High-Speed Query Processing over High-Sp… §4.1 Experimental
NB-HPN-1109-q1,4,corpus_doc_1109,paper_1109,2.3,Discussion,4,0.843812,High-Speed Query Processing over High-Sp… §2.3 Discussion
NB-HPN-1109-q1,5,corpus_doc_0473,paper_0473,4.3,Experimental,8,0.832544,Modelling Energy Consumption of Network … §4.3 Experimental
NB-HPN-1109-q1,6,corpus_doc_0510,paper_0510,II,Related Work,2,0.681763,IJACSA International Journal of Advanced… §II Related Work
NB-HPN-1109-q1,7,corpus_doc_0510,paper_0510,I,Introduction,1,0.671768,IJACSA International Journal of Advanced… §I Introduction
NB-HPN-1109-q1,8,corpus_doc_1297,paper_1297,4,Results,5,0.640234,Corresponding author: Oluwatosin Oladayo… §4 Results
NB-HPN-1109-q1,9,corpus_doc_1141,paper_1141,1,Introduction,1,0.619533,Copyright 2026 by Author/s and Licensed … §1 Introduction
NB-HPN-1109-q1,10,corpus_doc_2060,paper_2060,00,System,15,0.598768,Performance-aware Energy Optimizations i… §00 System
NB-HPN-1109-q1,11,corpus_doc_0510,paper_0510,VI,Results And Analytical Comparison,9,0.541274,IJACSA International Journal of Advanced… §VI Results And Analytical Comparison
NB-HPN-1109-q1,12,corpus_doc_1297,paper_1297,5.1,Performance,6,0.482466,Corresponding author: Oluwatosin Oladayo… §5.1 Performance
NB-HPN-1109-q1,13,corpus_doc_1328,paper_1328,II,Related Work,2,0.464097,An Evaluation of Ethernet Performance fo… §II Related Work
NB-HPN-1109-q1,14,corpus_doc_1316,paper_1316,2,Performance,4,0.459321,RDMA Performance Isolation With Justitia… §2 Performance
NB-HPN-1109-q1,15,corpus_doc_2265,paper_2265,I,Introduction,1,0.300751,1 Socket Buffer Auto-Sizing for High-Per… §I Introduction
NB-HPN-1109-q1,16,corpus_doc_1109,paper_1109,2.3,Discussion,1,0.247149,High-Speed Query Processing over High-Sp… §2.3 Discussion
NB-HPN-1109-q1,17,corpus_doc_0306,paper_0306,1,Introduction,1,0.175813,This work is licensed under a Creative C… §1 Introduction
NB-HPN-1109-q1,18,corpus_doc_1328,paper_1328,VIII,Managing Application Interference With Enhanced Transmission,9,0.138851,An Evaluation of Ethernet Performance fo… §VIII Managing Application Interference With Enhanced Transmission
NB-HPN-1109-q1,19,corpus_doc_0308,paper_0308,5,Evaluation,14,0.092293,An Optimized RDMA QP Communication Mecha… §5 Evaluation
NB-HPN-1109-q1,20,corpus_doc_1328,paper_1328,I,Introduction,1,0.066274,An Evaluation of Ethernet Performance fo… §I Introduction
NB-HPN-0595-q3,1,corpus_doc_2007,paper_2007,,,1,0.899115,. . Latest updates: h ps://dl.acm.org/do… §
NB-HPN-0595-q3,2,corpus_doc_2166,paper_2166,1.1,Motivation,2,0.856775,See discussions stats and author profile… §1.1 Motivation
NB-HPN-0595-q3,3,corpus_doc_1735,paper_1735,3,Related Work,6,0.837564,Journal of the Brazilian Computer Societ… §3 Related Work
NB-HPN-0595-q3,4,corpus_doc_2007,paper_2007,,,12,0.832276,. . Latest updates: h ps://dl.acm.org/do… §
NB-HPN-0595-q3,5,corpus_doc_0176,paper_0176,,,0,0.802867,58 COMMUNICATIONS OF THE ACM FEBRUARY 20… §
NB-HPN-0595-q3,6,corpus_doc_2007,paper_2007,,,15,0.755495,. . Latest updates: h ps://dl.acm.org/do… §
NB-HPN-0595-q3,7,corpus_doc_0005,paper_0005,3,Design,6,0.737434,Joyride: Rethinking Linux s network stac… §3 Design
NB-HPN-0595-q3,8,corpus_doc_0706,paper_0706,1,Introduction,1,0.724415,MIT Open Access Articles Elasticity Dete… §1 Introduction
NB-HPN-0595-q3,9,corpus_doc_0290,paper_0290,1,Introduction,1,0.721997,Flow Management at Multi-Gbps: Tradeoffs… §1 Introduction
NB-HPN-0595-q3,10,corpus_doc_0534,paper_0534,6.1,Experimental,4,0.681902,Long-haul Secure Data Transfer using Har… §6.1 Experimental
NB-HPN-0595-q3,11,corpus_doc_2007,paper_2007,,Abstract,0,0.676891,. . Latest updates: h ps://dl.acm.org/do… §Abstract
NB-HPN-0595-q3,12,corpus_doc_2007,paper_2007,,,9,0.656723,. . Latest updates: h ps://dl.acm.org/do… §
NB-HPN-0595-q3,13,corpus_doc_2007,paper_2007,,,3,0.639777,. . Latest updates: h ps://dl.acm.org/do… §
NB-HPN-0595-q3,14,corpus_doc_0369,paper_0369,2,Motivation,3,0.616070,This paper is included in the Proceeding… §2 Motivation
NB-HPN-0595-q3,15,corpus_doc_0595,paper_0595,3,Motivation,3,0.613953,This paper is included in the Proceeding… §3 Motivation
NB-HPN-0595-q3,16,corpus_doc_0534,paper_0534,6.1,Experimental,2,0.450967,Long-haul Secure Data Transfer using Har… §6.1 Experimental
NB-HPN-0595-q3,17,corpus_doc_0459,paper_0459,,,14,0.388406,NetKernel: Making Network Stack Part of … §
NB-HPN-0595-q3,18,corpus_doc_0459,paper_0459,,,12,0.304521,NetKernel: Making Network Stack Part of … §
NB-HPN-0595-q3,19,corpus_doc_0885,paper_0885,1,Introduction,1,0.229351,TSINGHUA SCIENCE AND TECHNOLOGY IS SNll1… §1 Introduction
NB-HPN-0595-q3,20,corpus_doc_0730,paper_0730,3,Design,4,0.135867,This paper is included in the Proceeding… §3 Design
NB-HPN-1367-q1,1,corpus_doc_1367,paper_1367,3,Evaluation,5,0.997225,2BRobust - Overcoming TCP BBR Performanc… §3 Evaluation
NB-HPN-1367-q1,2,corpus_doc_1367,paper_1367,3,Related Work,3,0.991081,2BRobust - Overcoming TCP BBR Performanc… §3 Related Work
NB-HPN-1367-q1,3,corpus_doc_1367,paper_1367,1,Introduction,0,0.986388,2BRobust - Overcoming TCP BBR Performanc… §1 Introduction
NB-HPN-1367-q1,4,corpus_doc_0252,paper_0252,4,Design,3,0.978606,TCP/IPoDWDM: A Case for Adaptive Congest… §4 Design
NB-HPN-1367-q1,5,corpus_doc_1367,paper_1367,8,Conclusion,11,0.967655,2BRobust - Overcoming TCP BBR Performanc… §8 Conclusion
NB-HPN-1367-q1,6,corpus_doc_1379,paper_1379,IV,Experiment Setup,4,0.928692,BBR Fairness Evaluation Using NS-3 Linch… §IV Experiment Setup
NB-HPN-1367-q1,7,corpus_doc_1367,paper_1367,3,Evaluation,4,0.926772,2BRobust - Overcoming TCP BBR Performanc… §3 Evaluation
NB-HPN-1367-q1,8,corpus_doc_1367,paper_1367,7,Discussion,10,0.894242,2BRobust - Overcoming TCP BBR Performanc… §7 Discussion
NB-HPN-1367-q1,9,corpus_doc_1665,paper_1665,I,Introduction,2,0.875006,arXiv:2505.07741v1 cs. NI 12 May 2025 BB… §I Introduction
NB-HPN-1367-q1,10,corpus_doc_1128,paper_1128,1,Introduction,1,0.869020,Computing manuscript No. will be inserte… §1 Introduction
NB-HPN-1367-q1,11,corpus_doc_2282,paper_2282,,Abstract,0,0.832770,Received January 19 2021 accepted Februa… §Abstract
NB-HPN-1367-q1,12,corpus_doc_0252,paper_0252,4,Design,4,0.827972,TCP/IPoDWDM: A Case for Adaptive Congest… §4 Design
NB-HPN-1367-q1,13,corpus_doc_1233,paper_1233,II,Background And Motivation,3,0.817983,1 Leveraging Coupled BBR and Adaptive Pa… §II Background And Motivation
NB-HPN-1367-q1,14,corpus_doc_1389,paper_1389,1,Introduction,1,0.809478,Page 1/22 TCP BBR congestion control opt… §1 Introduction
NB-HPN-1367-q1,15,corpus_doc_1139,paper_1139,V,Performance Evaluation,14,0.808453,Received September 9 2020 accepted Septe… §V Performance Evaluation
NB-HPN-1367-q1,16,corpus_doc_2280,paper_2280,19,Appendix,8,0.799962,Preprint April 7 2026 This is a preprint… §19 Appendix
NB-HPN-1367-q1,17,corpus_doc_1389,paper_1389,,Abstract,0,0.773927,Page 1/22 TCP BBR congestion control opt… §Abstract
NB-HPN-1367-q1,18,corpus_doc_1233,paper_1233,II,Background And Motivation,4,0.753626,1 Leveraging Coupled BBR and Adaptive Pa… §II Background And Motivation
NB-HPN-1367-q1,19,corpus_doc_1379,paper_1379,II,Related Work,2,0.748035,BBR Fairness Evaluation Using NS-3 Linch… §II Related Work
NB-HPN-1367-q1,20,corpus_doc_1389,paper_1389,4,Experiments,7,0.123236,Page 1/22 TCP BBR congestion control opt… §4 Experiments
NB-HPN-0194-q2,1,corpus_doc_0194,paper_0194,5,Analysis,5,0.968551,Observing real Multipath TCP tra c Viet-… §5 Analysis
NB-HPN-0194-q2,2,corpus_doc_1837,paper_1837,IV,System Overview,8,0.880224,arXiv:1511.09295v2 cs. NI 29 Aug 2016 Ex… §IV System Overview
NB-HPN-0194-q2,3,corpus_doc_0194,paper_0194,1,Introduction,4,0.873500,Observing real Multipath TCP tra c Viet-… §1 Introduction
NB-HPN-0194-q2,4,corpus_doc_1682,paper_1682,II,Background,2,0.862464,IEEE/ACM TRANSACTIONS ON NETW ORKING VOL… §II Background
NB-HPN-0194-q2,5,corpus_doc_2134,paper_2134,,,1,0.853916,arXiv:1709.05712v1 cs. NI 17 Sep 2017 Mu… §
NB-HPN-0194-q2,6,corpus_doc_1682,paper_1682,II,Background,1,0.844867,IEEE/ACM TRANSACTIONS ON NETW ORKING VOL… §II Background
NB-HPN-0194-q2,7,corpus_doc_2134,paper_2134,,,9,0.844730,arXiv:1709.05712v1 cs. NI 17 Sep 2017 Mu… §
NB-HPN-0194-q2,8,corpus_doc_1837,paper_1837,IV,System Overview,7,0.840790,arXiv:1511.09295v2 cs. NI 29 Aug 2016 Ex… §IV System Overview
NB-HPN-0194-q2,9,corpus_doc_0194,paper_0194,1,Introduction,3,0.818806,Observing real Multipath TCP tra c Viet-… §1 Introduction
NB-HPN-0194-q2,10,corpus_doc_2059,paper_2059,3.1.2,Design,13,0.683434,NAIST-IS-DD1561029 Doctoral Dissertation… §3.1.2 Design
NB-HPN-0194-q2,11,corpus_doc_0617,paper_0617,11,Performance,1,0.616698,Journal of Cloud Computing: Advances Sys… §11 Performance
NB-HPN-0194-q2,12,corpus_doc_1682,paper_1682,VIII,Conclusions,12,0.582801,IEEE/ACM TRANSACTIONS ON NETW ORKING VOL… §VIII Conclusions
NB-HPN-0194-q2,13,corpus_doc_1682,paper_1682,VI,Summary Of Results,10,0.559865,IEEE/ACM TRANSACTIONS ON NETW ORKING VOL… §VI Summary Of Results
NB-HPN-0194-q2,14,corpus_doc_0043,paper_0043,VII,Related Work,15,0.473803,302 IEEE/ACM TRANSACTIONS ON NETWORKING … §VII Related Work
NB-HPN-0194-q2,15,corpus_doc_1837,paper_1837,IV,System Overview,9,0.340611,arXiv:1511.09295v2 cs. NI 29 Aug 2016 Ex… §IV System Overview
NB-HPN-0194-q2,16,corpus_doc_1862,paper_1862,V,Experimental Results,11,0.305272,Parallel TCP Sockets: Simple Model Throu… §V Experimental Results
NB-HPN-0194-q2,17,corpus_doc_2059,paper_2059,6,Conclusion,32,0.299578,NAIST-IS-DD1561029 Doctoral Dissertation… §6 Conclusion
NB-HPN-0194-q2,18,corpus_doc_2059,paper_2059,3.3.5,Performance,18,0.237240,NAIST-IS-DD1561029 Doctoral Dissertation… §3.3.5 Performance
NB-HPN-0194-q2,19,corpus_doc_0617,paper_0617,11,Performance,2,0.186517,Journal of Cloud Computing: Advances Sys… §11 Performance
NB-HPN-0194-q2,20,corpus_doc_0136,paper_0136,2,Performance,3,0.114699,. . Latest updates: h ps://dl.acm.org/do… §2 Performance
NB-HPN-0176-q3,1,corpus_doc_1379,paper_1379,IV,Experiment Setup,4,0.987564,BBR Fairness Evaluation Using NS-3 Linch… §IV Experiment Setup
NB-HPN-0176-q3,2,corpus_doc_1379,paper_1379,IV,Experiment Setup,6,0.972956,BBR Fairness Evaluation Using NS-3 Linch… §IV Experiment Setup
NB-HPN-0176-q3,3,corpus_doc_1367,paper_1367,7,Discussion,10,0.968500,2BRobust - Overcoming TCP BBR Performanc… §7 Discussion
NB-HPN-0176-q3,4,corpus_doc_1367,paper_1367,1,Introduction,0,0.961673,2BRobust - Overcoming TCP BBR Performanc… §1 Introduction
NB-HPN-0176-q3,5,corpus_doc_1389,paper_1389,1,Introduction,1,0.960851,Page 1/22 TCP BBR congestion control opt… §1 Introduction
NB-HPN-0176-q3,6,corpus_doc_1748,paper_1748,5.2,Experiment,19,0.950402,HAL Id: hal-03905784 Submitted on 19 Dec… §5.2 Experiment
NB-HPN-0176-q3,7,corpus_doc_0176,paper_0176,,,4,0.946331,58 COMMUNICATIONS OF THE ACM FEBRUARY 20… §
NB-HPN-0176-q3,8,corpus_doc_2282,paper_2282,I,Introduction,9,0.934205,Received January 19 2021 accepted Februa… §I Introduction
NB-HPN-0176-q3,9,corpus_doc_1627,paper_1627,1,Introduction,1,0.916792,BBR-With Adaptive Pacing Gain Rates BBR-… §1 Introduction
NB-HPN-0176-q3,10,corpus_doc_2282,paper_2282,I,Introduction,10,0.915829,Received January 19 2021 accepted Februa… §I Introduction
NB-HPN-0176-q3,11,corpus_doc_1627,paper_1627,3,Motivation,4,0.903168,BBR-With Adaptive Pacing Gain Rates BBR-… §3 Motivation
NB-HPN-0176-q3,12,corpus_doc_0176,paper_0176,,,0,0.898699,58 COMMUNICATIONS OF THE ACM FEBRUARY 20… §
NB-HPN-0176-q3,13,corpus_doc_2282,paper_2282,I,Introduction,11,0.889208,Received January 19 2021 accepted Februa… §I Introduction
NB-HPN-0176-q3,14,corpus_doc_1379,paper_1379,III,Bbr Overview,3,0.879169,BBR Fairness Evaluation Using NS-3 Linch… §III Bbr Overview
NB-HPN-0176-q3,15,corpus_doc_2282,paper_2282,,Abstract,0,0.868956,Received January 19 2021 accepted Februa… §Abstract
NB-HPN-0176-q3,16,corpus_doc_1367,paper_1367,3,Evaluation,4,0.835688,2BRobust - Overcoming TCP BBR Performanc… §3 Evaluation
NB-HPN-0176-q3,17,corpus_doc_1389,paper_1389,,Abstract,0,0.806138,Page 1/22 TCP BBR congestion control opt… §Abstract
NB-HPN-0176-q3,18,corpus_doc_1627,paper_1627,,Abstract,0,0.795778,BBR-With Adaptive Pacing Gain Rates BBR-… §Abstract
NB-HPN-0176-q3,19,corpus_doc_1389,paper_1389,4,Experiments,7,0.716996,Page 1/22 TCP BBR congestion control opt… §4 Experiments
NB-HPN-0176-q3,20,corpus_doc_0252,paper_0252,4,Design,4,0.667107,TCP/IPoDWDM: A Case for Adaptive Congest… §4 Design
NB-HPN-1687-q3,1,corpus_doc_1049,paper_1049,I,Introduction,3,0.904686,IEEE COMMUNICATIONS SURVEYS & TUTORIALS … §I Introduction
NB-HPN-1687-q3,2,corpus_doc_1687,paper_1687,I,Introduction Ingeneral,1,0.888252,366 IEEE/ACM TRANSACTIONS ON NETWORKING … §I Introduction Ingeneral
NB-HPN-1687-q3,3,corpus_doc_0463,paper_0463,2,Related Work,2,0.806528,Journal of Information Processing Vol.30… §2 Related Work
NB-HPN-1687-q3,4,corpus_doc_1687,paper_1687,,Abstract,0,0.774832,366 IEEE/ACM TRANSACTIONS ON NETWORKING … §Abstract
NB-HPN-1687-q3,5,corpus_doc_1367,paper_1367,7,Discussion,10,0.765154,2BRobust - Overcoming TCP BBR Performanc… §7 Discussion
NB-HPN-1687-q3,6,corpus_doc_1166,paper_1166,I,Introduction,1,0.761716,UCR CSE NETWORKING GROUP TECHNICAL REPOR… §I Introduction
NB-HPN-1687-q3,7,corpus_doc_1687,paper_1687,IV,Experiments And Discussions Nalm,12,0.687131,366 IEEE/ACM TRANSACTIONS ON NETWORKING … §IV Experiments And Discussions Nalm
NB-HPN-1687-q3,8,corpus_doc_0040,paper_0040,2,Motivation,3,0.683726,This paper is included in the Proceeding… §2 Motivation
NB-HPN-1687-q3,9,corpus_doc_0178,paper_0178,1,Introduction,1,0.660338,Scaling Stateful Network Services on Mul… §1 Introduction
NB-HPN-1687-q3,10,corpus_doc_0040,paper_0040,1,Introduction,1,0.580361,This paper is included in the Proceeding… §1 Introduction
NB-HPN-1687-q3,11,corpus_doc_2086,paper_2086,V,E Va Luat I O N,6,0.565628,IEEE TRANSACTIONS ON NETWORK AND SERVICE… §V E Va Luat I O N
NB-HPN-1687-q3,12,corpus_doc_1847,paper_1847,1,Introduction,1,0.529132,Throughput Optimization for Admitting NF… §1 Introduction
NB-HPN-1687-q3,13,corpus_doc_2080,paper_2080,1,Introduction,1,0.433244,Cora: Accelerating Stateful Network Appl… §1 Introduction
NB-HPN-1687-q3,14,corpus_doc_0040,paper_0040,6.1,Experimental,15,0.379984,This paper is included in the Proceeding… §6.1 Experimental
NB-HPN-1687-q3,15,corpus_doc_1699,paper_1699,1,Introduction,2,0.237179,This paper is included in the Proceeding… §1 Introduction
NB-HPN-1687-q3,16,corpus_doc_2185,paper_2185,5.6,Evaluation,28,0.187046,Performance Evaluation of eXpress Data P… §5.6 Evaluation
NB-HPN-1687-q3,17,corpus_doc_1357,paper_1357,VII,Related Work,8,0.155779,2019 IEEE. Personal use of this material… §VII Related Work
NB-HPN-1687-q3,18,corpus_doc_2307,paper_2307,2,Background,2,0.134634,. . Latest updates: h ps://dl.acm.org/do… §2 Background
NB-HPN-1687-q3,19,corpus_doc_2007,paper_2007,,Abstract,0,0.110994,. . Latest updates: h ps://dl.acm.org/do… §Abstract
NB-HPN-1687-q3,20,corpus_doc_0766,paper_0766,4,Experimental,5,0.015577,. . Latest updates: h ps://dl.acm.org/do… §4 Experimental
NB-HPN-0555-q2,1,corpus_doc_0555,paper_0555,,,2,0.989025,Network-Aware End-to-End Data Throughput… §
NB-HPN-0555-q2,2,corpus_doc_0555,paper_0555,,,3,0.986340,Network-Aware End-to-End Data Throughput… §
NB-HPN-0555-q2,3,corpus_doc_1985,paper_1985,2,Background,4,0.979744,Stork Data Scheduler: Mitigating the Dat… §2 Background
NB-HPN-0555-q2,4,corpus_doc_1985,paper_1985,2,Background,5,0.979351,Stork Data Scheduler: Mitigating the Dat… §2 Background
NB-HPN-0555-q2,5,corpus_doc_0555,paper_0555,,,4,0.970051,Network-Aware End-to-End Data Throughput… §
NB-HPN-0555-q2,6,corpus_doc_2361,paper_2361,3,Introduction,1,0.963438,End-to-end Data-flow Parallelism for Thr… §3 Introduction
NB-HPN-0555-q2,7,corpus_doc_1183,paper_1183,III,Experimental Results,6,0.962312,Energy-Aware Data Transfer Tuning Ismail… §III Experimental Results
NB-HPN-0555-q2,8,corpus_doc_2152,paper_2152,6.2.2,Evaluation,2,0.935495,See discussions stats and author profile… §6.2.2 Evaluation
NB-HPN-0555-q2,9,corpus_doc_0555,paper_0555,,,1,0.930544,Network-Aware End-to-End Data Throughput… §
NB-HPN-0555-q2,10,corpus_doc_0589,paper_0589,5,Conclusions,3,0.916007,Learning Concave-Convex Pro les of Data … §5 Conclusions
NB-HPN-0555-q2,11,corpus_doc_1319,paper_1319,1,Overview,9,0.915110,IEEE TRANSACTIONS ON P ARALLEL AND DISTR… §1 Overview
NB-HPN-0555-q2,12,corpus_doc_0923,paper_0923,I,Introduction,1,0.873677,Experimental Analysis of File Transfer R… §I Introduction
NB-HPN-0555-q2,13,corpus_doc_2115,paper_2115,I,Introduction,1,0.847040,Improving Data Transfer Throughput with … §I Introduction
NB-HPN-0555-q2,14,corpus_doc_0589,paper_0589,5,Conclusions,5,0.840833,Learning Concave-Convex Pro les of Data … §5 Conclusions
NB-HPN-0555-q2,15,corpus_doc_0444,paper_0444,2,Related Work,3,0.824748,Big Data Transfer Optimization Through A… §2 Related Work
NB-HPN-0555-q2,16,corpus_doc_0724,paper_0724,I,Introduction,1,0.823867,Improving Data Transfer Throughput with … §I Introduction
NB-HPN-0555-q2,17,corpus_doc_1927,paper_1927,III,Motiv Ation,4,0.681554,IEEE TRANSACTIONS ON PARALLEL AND DISTRI… §III Motiv Ation
NB-HPN-0555-q2,18,corpus_doc_1654,paper_1654,II,Problemformula Tion,2,0.593627,Big Data Transfer Optimization Based on … §II Problemformula Tion
NB-HPN-0555-q2,19,corpus_doc_0798,paper_0798,,,7,0.555255,A Data Throughput Prediction and Optimiz… §
NB-HPN-0555-q2,20,corpus_doc_0923,paper_0923,,Abstract,0,0.222883,Experimental Analysis of File Transfer R… §Abstract
NB-HPN-1537-q2,1,corpus_doc_1537,paper_1537,,Abstract,0,0.769302,Modeling Data Transfers: Change Point an… §Abstract
NB-HPN-1537-q2,2,corpus_doc_0599,paper_0599,2,Related Work,2,0.560056,Using Regression Techniques to Predict L… §2 Related Work
NB-HPN-1537-q2,3,corpus_doc_1537,paper_1537,IV,Summary,1,0.543345,Modeling Data Transfers: Change Point an… §IV Summary
NB-HPN-1537-q2,4,corpus_doc_0798,paper_0798,,,7,0.496064,A Data Throughput Prediction and Optimiz… §
NB-HPN-1537-q2,5,corpus_doc_0635,paper_0635,V,Experimental Evaluations,9,0.462710,Swift and Accurate End-to-End Throughput… §V Experimental Evaluations
NB-HPN-1537-q2,6,corpus_doc_0046,paper_0046,III,Performance Ensembles,8,0.461558,Parallel I/O Performance: From Events to… §III Performance Ensembles
NB-HPN-1537-q2,7,corpus_doc_2370,paper_2370,,,1,0.430679,Explaining Wide Area Data Transfer Perfo… §
NB-HPN-1537-q2,8,corpus_doc_0946,paper_0946,4.3,Performance,5,0.420773,Cross-Geography Scientific Data Transfer… §4.3 Performance
NB-HPN-1537-q2,9,corpus_doc_0733,paper_0733,I,Introduction,1,0.337272,Machine Learning for Data Transfer Anoma… §I Introduction
NB-HPN-1537-q2,10,corpus_doc_0196,paper_0196,1,Introduction,0,0.319528,Sustainable Computing: Informatics and S… §1 Introduction
NB-HPN-1537-q2,11,corpus_doc_1028,paper_1028,,,1,0.307381,Time Series Analysis for Efficient Sampl… §
NB-HPN-1537-q2,12,corpus_doc_0269,paper_0269,V,Numerical Results,7,0.306110,Modeling Inter-DC Bulk Data Transfer in … §V Numerical Results
NB-HPN-1537-q2,13,corpus_doc_2370,paper_2370,,,12,0.269466,Explaining Wide Area Data Transfer Perfo… §
NB-HPN-1537-q2,14,corpus_doc_2121,paper_2121,3,Methodology,10,0.086219,. . Latest updates: h ps://dl.acm.org/do… §3 Methodology
NB-HPN-1537-q2,15,corpus_doc_2351,paper_2351,2,Related Work,4,0.066593,High Performance Reliable File Transfers… §2 Related Work
NB-HPN-1537-q2,16,corpus_doc_0519,paper_0519,,Abstract,0,0.054405,TERAGRID 2007 CONFERENCE MADISON WI 1 Gr… §Abstract
NB-HPN-1537-q2,17,corpus_doc_0193,paper_0193,IV,Performance Of,11,0.027546,IEEE TRANSACTIONS ON NETWORK AND SERVICE… §IV Performance Of
NB-HPN-1537-q2,18,corpus_doc_1021,paper_1021,III,Related Work,5,0.021037,eprints whiterose.ac.uk Universities of … §III Related Work
NB-HPN-1537-q2,19,corpus_doc_0978,paper_0978,1,Introduction,1,0.017160,UDT as an Alternative Transport Protocol… §1 Introduction
NB-HPN-1537-q2,20,corpus_doc_1814,paper_1814,V,Performance Evaluations,10,0.009621,Data Transfer Advisor with Transport Pro… §V Performance Evaluations
NB-HPN-1860-q1,1,corpus_doc_1860,paper_1860,I,Introduction With,1,0.987927,IEEE TRANSACTIONS ON EMERGING TOPICS IN … §I Introduction With
NB-HPN-1860-q1,2,corpus_doc_1860,paper_1860,II,Rela Tedwork,3,0.973860,IEEE TRANSACTIONS ON EMERGING TOPICS IN … §II Rela Tedwork
NB-HPN-1860-q1,3,corpus_doc_1374,paper_1374,3,Background,4,0.900483,A fuzzy delay-bandwidth guaranteed routi… §3 Background
NB-HPN-1860-q1,4,corpus_doc_1374,paper_1374,1,Introduction,2,0.869080,A fuzzy delay-bandwidth guaranteed routi… §1 Introduction
NB-HPN-1860-q1,5,corpus_doc_1374,paper_1374,3,Background,5,0.768185,A fuzzy delay-bandwidth guaranteed routi… §3 Background
NB-HPN-1860-q1,6,corpus_doc_2024,paper_2024,3,Design,13,0.684397,DOE Network 2025: Network Research Probl… §3 Design
NB-HPN-1860-q1,7,corpus_doc_0068,paper_0068,I,Introduction I N A,1,0.569685,224 IEEE/ACM TRANSACTIONS ON NETWORKING … §I Introduction I N A
NB-HPN-1860-q1,8,corpus_doc_2279,paper_2279,V,Genomic Computing,20,0.542159,1 §V Genomic Computing
NB-HPN-1860-q1,9,corpus_doc_1860,paper_1860,III,Network Model And Definitions,4,0.526992,IEEE TRANSACTIONS ON EMERGING TOPICS IN … §III Network Model And Definitions
NB-HPN-1860-q1,10,corpus_doc_1374,paper_1374,3,Background,6,0.461045,A fuzzy delay-bandwidth guaranteed routi… §3 Background
NB-HPN-1860-q1,11,corpus_doc_0068,paper_0068,,Abstract,0,0.413405,224 IEEE/ACM TRANSACTIONS ON NETWORKING … §Abstract
NB-HPN-1860-q1,12,corpus_doc_1860,paper_1860,VI,Simula Tions,15,0.334616,IEEE TRANSACTIONS ON EMERGING TOPICS IN … §VI Simula Tions
NB-HPN-1860-q1,13,corpus_doc_0672,paper_0672,2,Background,2,0.281435,. . Latest updates: h ps://dl.acm.org/do… §2 Background
NB-HPN-1860-q1,14,corpus_doc_0817,paper_0817,I,Introduction,2,0.243369,Parallel TCP Sockets: Simple Model Throu… §I Introduction
NB-HPN-1860-q1,15,corpus_doc_1862,paper_1862,I,Introduction,2,0.128827,Parallel TCP Sockets: Simple Model Throu… §I Introduction
NB-HPN-1860-q1,16,corpus_doc_1477,paper_1477,2,Background,6,0.096774,. . Latest updates: h ps://dl.acm.org/do… §2 Background
NB-HPN-1860-q1,17,corpus_doc_2254,paper_2254,4.2.4,Analysis,9,0.023107,MPTD: Optimizing Multi-Path Transport wi… §4.2.4 Analysis
NB-HPN-1860-q1,18,corpus_doc_2254,paper_2254,3,Motivation,4,0.022233,MPTD: Optimizing Multi-Path Transport wi… §3 Motivation
NB-HPN-1860-q1,19,corpus_doc_2271,paper_2271,1,Discussion,1,0.019475,. . Latest updates: h ps://dl.acm.org/do… §1 Discussion
NB-HPN-1860-q1,20,corpus_doc_2254,paper_2254,7,Conclusion,14,0.004975,MPTD: Optimizing Multi-Path Transport wi… §7 Conclusion
NB-HPN-0117-q2,1,corpus_doc_0117,paper_0117,1,Introduction,1,0.973295,This paper is included in the Proceeding… §1 Introduction
NB-HPN-0117-q2,2,corpus_doc_0117,paper_0117,3,Implementation,3,0.956952,This paper is included in the Proceeding… §3 Implementation
NB-HPN-0117-q2,3,corpus_doc_0117,paper_0117,3,Implementation,2,0.955129,This paper is included in the Proceeding… §3 Implementation
NB-HPN-0117-q2,4,corpus_doc_1054,paper_1054,1,Introduction,7,0.935811,SFC: Near-Source Congestion Signaling an… §1 Introduction
NB-HPN-0117-q2,5,corpus_doc_1204,paper_1204,2,Background,4,0.919858,. . Latest updates: h ps://dl.acm.org/do… §2 Background
NB-HPN-0117-q2,6,corpus_doc_0732,paper_0732,2,Background,14,0.918007,Flow Consolidation for Congestion Contro… §2 Background
NB-HPN-0117-q2,7,corpus_doc_1054,paper_1054,1,Introduction,1,0.892920,SFC: Near-Source Congestion Signaling an… §1 Introduction
NB-HPN-0117-q2,8,corpus_doc_1064,paper_1064,2,Background,2,0.882609,To Adopt or Not to Adopt L4S-Compatible … §2 Background
NB-HPN-0117-q2,9,corpus_doc_1389,paper_1389,1,Introduction,1,0.874768,Page 1/22 TCP BBR congestion control opt… §1 Introduction
NB-HPN-0117-q2,10,corpus_doc_1054,paper_1054,1,Introduction,3,0.843075,SFC: Near-Source Congestion Signaling an… §1 Introduction
NB-HPN-0117-q2,11,corpus_doc_1702,paper_1702,I,Introduction T He Tcp,1,0.780281,IEEE/ACM TRANSACTIONS ON NETWORKING VOL.… §I Introduction T He Tcp
NB-HPN-0117-q2,12,corpus_doc_0176,paper_0176,,,0,0.747666,58 COMMUNICATIONS OF THE ACM FEBRUARY 20… §
NB-HPN-0117-q2,13,corpus_doc_1054,paper_1054,1,Introduction,2,0.739486,SFC: Near-Source Congestion Signaling an… §1 Introduction
NB-HPN-0117-q2,14,corpus_doc_0369,paper_0369,2,Motivation,4,0.717432,This paper is included in the Proceeding… §2 Motivation
NB-HPN-0117-q2,15,corpus_doc_1372,paper_1372,,,1,0.663931,. . Latest updates: h ps://dl.acm.org/do… §
NB-HPN-0117-q2,16,corpus_doc_1720,paper_1720,1,Introduction,1,0.604343,. . Latest updates: h ps://dl.acm.org/do… §1 Introduction
NB-HPN-0117-q2,17,corpus_doc_1093,paper_1093,II,Challenges For Forward -Path Congestion Control,2,0.563234,Accelerating End-host Congestion Respons… §II Challenges For Forward -Path Congestion Control
NB-HPN-0117-q2,18,corpus_doc_0369,paper_0369,6,Related Work,13,0.531976,This paper is included in the Proceeding… §6 Related Work
NB-HPN-0117-q2,19,corpus_doc_1682,paper_1682,V,Discussion,9,0.229962,IEEE/ACM TRANSACTIONS ON NETW ORKING VOL… §V Discussion
NB-HPN-0117-q2,20,corpus_doc_1372,paper_1372,,Abstract,0,0.096756,. . Latest updates: h ps://dl.acm.org/do… §Abstract
NB-HPN-2339-q1,1,corpus_doc_2339,paper_2339,II,Data Centre Communica Tion And Incast,2,0.987802,eprints whiterose.ac.uk Universities of … §II Data Centre Communica Tion And Incast
NB-HPN-2339-q1,2,corpus_doc_0876,paper_0876,,,0,0.973612,International Journal of Computer Networ… §
NB-HPN-2339-q1,3,corpus_doc_1261,paper_1261,III,Analytical Results For Mitigating Incast Via,4,0.971593,Received April 6 2019 accepted May 8 201… §III Analytical Results For Mitigating Incast Via
NB-HPN-2339-q1,4,corpus_doc_0850,paper_0850,1,Introduction,1,0.969822,International Journal of Science and Res… §1 Introduction
NB-HPN-2339-q1,5,corpus_doc_2339,paper_2339,II,Data Centre Communica Tion And Incast,3,0.958184,eprints whiterose.ac.uk Universities of … §II Data Centre Communica Tion And Incast
NB-HPN-2339-q1,6,corpus_doc_1261,paper_1261,I,Introduction,1,0.943345,Received April 6 2019 accepted May 8 201… §I Introduction
NB-HPN-2339-q1,7,corpus_doc_1278,paper_1278,3,Analysis,2,0.911622,The Nucleus 58 No. 1-4 2021 1-8 www.then… §3 Analysis
NB-HPN-2339-q1,8,corpus_doc_1803,paper_1803,3,Analysis,9,0.895520,TCP Behavior of a Busy Intemet Server: A… §3 Analysis
NB-HPN-2339-q1,9,corpus_doc_0850,paper_0850,1,Introduction,2,0.889150,International Journal of Science and Res… §1 Introduction
NB-HPN-2339-q1,10,corpus_doc_0457,paper_0457,II,Problem And Motiv Ation,3,0.874745,1074 IEEE/ACM TRANSACTIONS ON NETWORKING… §II Problem And Motiv Ation
NB-HPN-2339-q1,11,corpus_doc_1311,paper_1311,II,Related Work,2,0.861100,Received February 2 2019 accepted March … §II Related Work
NB-HPN-2339-q1,12,corpus_doc_1803,paper_1803,1,Introduction,1,0.851929,TCP Behavior of a Busy Intemet Server: A… §1 Introduction
NB-HPN-2339-q1,13,corpus_doc_1152,paper_1152,3,Analysis,9,0.827059,TCP Behavior of a Busy Internet Server: … §3 Analysis
NB-HPN-2339-q1,14,corpus_doc_1908,paper_1908,1,Introduction,1,0.825348,1 Effects of Ensemble-TCP Lars Eggert Jo… §1 Introduction
NB-HPN-2339-q1,15,corpus_doc_1908,paper_1908,6,Discussion,10,0.780500,1 Effects of Ensemble-TCP Lars Eggert Jo… §6 Discussion
NB-HPN-2339-q1,16,corpus_doc_1304,paper_1304,,Abstract,0,0.759762,KSII TRANSACTIONS ON INTERNET AND INFORM… §Abstract
NB-HPN-2339-q1,17,corpus_doc_0932,paper_0932,4,Evaluation,10,0.727238,This paper is included in the Proceeding… §4 Evaluation
NB-HPN-2339-q1,18,corpus_doc_1910,paper_1910,V,Implementation And Experiments A,10,0.710450,IEEE/ACM TRANSACTIONS ON NETWORKING 1 En… §V Implementation And Experiments A
NB-HPN-2339-q1,19,corpus_doc_1910,paper_1910,VI,Related Work,12,0.688534,IEEE/ACM TRANSACTIONS ON NETWORKING 1 En… §VI Related Work
NB-HPN-2339-q1,20,corpus_doc_1325,paper_1325,,Abstract,0,0.678430,eprints whiterose.ac.uk Universities of … §Abstract
NB-HPN-2353-q1,1,corpus_doc_0308,paper_0308,1,Introduction,1,0.963417,An Optimized RDMA QP Communication Mecha… §1 Introduction
NB-HPN-2353-q1,2,corpus_doc_1049,paper_1049,III,Network Acceleration,13,0.840675,IEEE COMMUNICATIONS SURVEYS & TUTORIALS … §III Network Acceleration
NB-HPN-2353-q1,3,corpus_doc_0620,paper_0620,2,Overview,9,0.830232,An Extensible Software Transport Layer f… §2 Overview
NB-HPN-2353-q1,4,corpus_doc_1250,paper_1250,1,Introduction,10,0.776141,. . Latest updates: h ps://dl.acm.org/do… §1 Introduction
NB-HPN-2353-q1,5,corpus_doc_0308,paper_0308,6,Related Works,18,0.723278,An Optimized RDMA QP Communication Mecha… §6 Related Works
NB-HPN-2353-q1,6,corpus_doc_0308,paper_0308,5,Evaluation,12,0.588925,An Optimized RDMA QP Communication Mecha… §5 Evaluation
NB-HPN-2353-q1,7,corpus_doc_1973,paper_1973,1,Performance,0,0.561224,NET4EXA: Pioneering the Future of Interc… §1 Performance
NB-HPN-2353-q1,8,corpus_doc_0605,paper_0605,1,Introduction,1,0.532003,89 International Journal of Computer Eng… §1 Introduction
NB-HPN-2353-q1,9,corpus_doc_0308,paper_0308,2,Background,7,0.506062,An Optimized RDMA QP Communication Mecha… §2 Background
NB-HPN-2353-q1,10,corpus_doc_1250,paper_1250,1,Introduction,2,0.452405,. . Latest updates: h ps://dl.acm.org/do… §1 Introduction
NB-HPN-2353-q1,11,corpus_doc_1693,paper_1693,2,Background,6,0.387701,This paper is included in the Proceeding… §2 Background
NB-HPN-2353-q1,12,corpus_doc_1250,paper_1250,1,Introduction,8,0.329640,. . Latest updates: h ps://dl.acm.org/do… §1 Introduction
NB-HPN-2353-q1,13,corpus_doc_1559,paper_1559,III,Link Layer,7,0.316929,Received February 16 2021 accepted March… §III Link Layer
NB-HPN-2353-q1,14,corpus_doc_0177,paper_0177,3.1,Overview,10,0.167774,Orderly Management of Packets in RDMA by… §3.1 Overview
NB-HPN-2353-q1,15,corpus_doc_1250,paper_1250,1,Introduction,5,0.142984,. . Latest updates: h ps://dl.acm.org/do… §1 Introduction
NB-HPN-2353-q1,16,corpus_doc_1186,paper_1186,4.1,Architecture,46,0.137548,Techniques for low-latency and high-band… §4.1 Architecture
NB-HPN-2353-q1,17,corpus_doc_1768,paper_1768,VI,Application To Performance Of Intermediate Re-Sequencing,13,0.102709,1 On Packet Reordering in Time-Sensitive… §VI Application To Performance Of Intermediate Re-Sequencing
NB-HPN-2353-q1,18,corpus_doc_0308,paper_0308,2,Background,9,0.092935,An Optimized RDMA QP Communication Mecha… §2 Background
NB-HPN-2353-q1,19,corpus_doc_0090,paper_0090,7.4.3,System,147,0.079869,Journal of Instrumentation The CMS exper… §7.4.3 System
NB-HPN-2353-q1,20,corpus_doc_1606,paper_1606,III,Design,3,0.018884,Providing In-network Support to Co ow Sc… §III Design
NB-HPN-0406-q3,1,corpus_doc_2342,paper_2342,2.2,Motivation,6,0.693124,Journal Pre-proof Moving small files in … §2.2 Motivation
NB-HPN-0406-q3,2,corpus_doc_0382,paper_0382,4.6,Performance,5,0.587339,Use Only What You Need: Judicious Parall… §4.6 Performance
NB-HPN-0406-q3,3,corpus_doc_0406,paper_0406,5.2,Experimental,2,0.581876,See discussions stats and author profile… §5.2 Experimental
NB-HPN-0406-q3,4,corpus_doc_0698,paper_0698,4.1,Experimental,12,0.420499,This paper is included in the Proceeding… §4.1 Experimental
NB-HPN-0406-q3,5,corpus_doc_0408,paper_0408,3.1,Architecture,4,0.394538,. . Latest updates: h ps://dl.acm.org/do… §3.1 Architecture
NB-HPN-0406-q3,6,corpus_doc_0915,paper_0915,1,Introduction,5,0.227552,DotDFS: A Grid - based high - throughput… §1 Introduction
NB-HPN-0406-q3,7,corpus_doc_0917,paper_0917,6,Performance,2,0.201373,TCP Throughput Profiles Using Measuremen… §6 Performance
NB-HPN-0406-q3,8,corpus_doc_0241,paper_0241,4,Implementation,8,0.181600,This paper is included in the Proceeding… §4 Implementation
NB-HPN-0406-q3,9,corpus_doc_2155,paper_2155,,,7,0.173098,. . Latest updates: h ps://dl.acm.org/do… §
NB-HPN-0406-q3,10,corpus_doc_0241,paper_0241,5,Performance,13,0.172631,This paper is included in the Proceeding… §5 Performance
NB-HPN-0406-q3,11,corpus_doc_1342,paper_1342,5,Evaluation,5,0.172454,TurboMem: HIGH-PERFORMANCELOCK-FREEMEMOR… §5 Evaluation
NB-HPN-0406-q3,12,corpus_doc_1927,paper_1927,III,Motiv Ation,5,0.148799,IEEE TRANSACTIONS ON PARALLEL AND DISTRI… §III Motiv Ation
NB-HPN-0406-q3,13,corpus_doc_0698,paper_0698,4.1,Experimental,13,0.134763,This paper is included in the Proceeding… §4.1 Experimental
NB-HPN-0406-q3,14,corpus_doc_1310,paper_1310,1,Introduction,7,0.073500,Journal of Real-Time Image Processing ma… §1 Introduction
NB-HPN-0406-q3,15,corpus_doc_0817,paper_0817,V,Experimental Results,10,0.064876,Parallel TCP Sockets: Simple Model Throu… §V Experimental Results
NB-HPN-0406-q3,16,corpus_doc_1211,paper_1211,III,Parallelism And Concurrency,5,0.058497,Modeling and Optimizing Large-Scale Wide… §III Parallelism And Concurrency
NB-HPN-0406-q3,17,corpus_doc_1163,paper_1163,III,Parallelism And Concurrency,5,0.052550,Modeling and Optimizing Large-Scale Wide… §III Parallelism And Concurrency
NB-HPN-0406-q3,18,corpus_doc_1616,paper_1616,II,Problem Formulation,2,0.049016,2017 IEEE International Conference on Bi… §II Problem Formulation
NB-HPN-0406-q3,19,corpus_doc_1862,paper_1862,V,Experimental Results,10,0.045814,Parallel TCP Sockets: Simple Model Throu… §V Experimental Results
NB-HPN-0406-q3,20,corpus_doc_1354,paper_1354,2,Related Work,3,0.045358,Dynamic Adaptation of Parallelism Level … §2 Related Work
NB-HPN-1687-q1,1,corpus_doc_1687,paper_1687,I,Introduction Ingeneral,4,0.991027,366 IEEE/ACM TRANSACTIONS ON NETWORKING … §I Introduction Ingeneral
NB-HPN-1687-q1,2,corpus_doc_1687,paper_1687,I,Introduction Ingeneral,5,0.982162,366 IEEE/ACM TRANSACTIONS ON NETWORKING … §I Introduction Ingeneral
NB-HPN-1687-q1,3,corpus_doc_1687,paper_1687,IV,Experiments And Discussions Nalm,12,0.941349,366 IEEE/ACM TRANSACTIONS ON NETWORKING … §IV Experiments And Discussions Nalm
NB-HPN-1687-q1,4,corpus_doc_1687,paper_1687,I,Introduction Ingeneral,3,0.933652,366 IEEE/ACM TRANSACTIONS ON NETWORKING … §I Introduction Ingeneral
NB-HPN-1687-q1,5,corpus_doc_0029,paper_0029,4.1,Architecture,9,0.833591,The Case for Writing Network Drivers in … §4.1 Architecture
NB-HPN-1687-q1,6,corpus_doc_0667,paper_0667,6.2,Architecture,20,0.817341,CERN-THESIS-2017-132 28/04/2017 Software… §6.2 Architecture
NB-HPN-1687-q1,7,corpus_doc_1687,paper_1687,III,Improvement Recommenda Tions On Efficient Practices,7,0.790422,366 IEEE/ACM TRANSACTIONS ON NETWORKING … §III Improvement Recommenda Tions On Efficient Practices
NB-HPN-1687-q1,8,corpus_doc_0463,paper_0463,2,Related Work,3,0.762926,Journal of Information Processing Vol.30… §2 Related Work
NB-HPN-1687-q1,9,corpus_doc_1687,paper_1687,III,Improvement Recommenda Tions On Efficient Practices,8,0.724324,366 IEEE/ACM TRANSACTIONS ON NETWORKING … §III Improvement Recommenda Tions On Efficient Practices
NB-HPN-1687-q1,10,corpus_doc_0867,paper_0867,3.1,Architecture,5,0.720852,User Space Network Drivers Paul Emmerich… §3.1 Architecture
NB-HPN-1687-q1,11,corpus_doc_0463,paper_0463,2,Related Work,2,0.684468,Journal of Information Processing Vol.30… §2 Related Work
NB-HPN-1687-q1,12,corpus_doc_0178,paper_0178,1,Introduction,1,0.664707,Scaling Stateful Network Services on Mul… §1 Introduction
NB-HPN-1687-q1,13,corpus_doc_1544,paper_1544,5.1,Experiment,10,0.492977,. . Latest updates: h ps://dl.acm.org/do… §5.1 Experiment
NB-HPN-1687-q1,14,corpus_doc_0183,paper_0183,I,Introduction,1,0.441662,Re-evaluating Network Onload vs. Of oad … §I Introduction
NB-HPN-1687-q1,15,corpus_doc_1034,paper_1034,5.1,Experimental,10,0.422584,. . Latest updates: h ps://dl.acm.org/do… §5.1 Experimental
NB-HPN-1687-q1,16,corpus_doc_0425,paper_0425,2.3.2,Background,30,0.360377,HAL Id: tel-02931840 Submitted on 7 Sep … §2.3.2 Background
NB-HPN-1687-q1,17,corpus_doc_0425,paper_0425,1.1,Motivation,15,0.290513,HAL Id: tel-02931840 Submitted on 7 Sep … §1.1 Motivation
NB-HPN-1687-q1,18,corpus_doc_2007,paper_2007,,,10,0.140082,. . Latest updates: h ps://dl.acm.org/do… §
NB-HPN-1687-q1,19,corpus_doc_1117,paper_1117,5.3.1,Results,18,0.109627,. . Latest updates: h ps://dl.acm.org/do… §5.3.1 Results
NB-HPN-1687-q1,20,corpus_doc_2007,paper_2007,,,9,0.015768,. . Latest updates: h ps://dl.acm.org/do… §
NB-HPN-1103-q1,1,corpus_doc_1103,paper_1103,1,Introduction,1,0.977731,This paper is included in the Proceeding… §1 Introduction
NB-HPN-1103-q1,2,corpus_doc_1103,paper_1103,7,Related Work,18,0.962646,This paper is included in the Proceeding… §7 Related Work
NB-HPN-1103-q1,3,corpus_doc_1103,paper_1103,1,Introduction,5,0.952937,This paper is included in the Proceeding… §1 Introduction
NB-HPN-1103-q1,4,corpus_doc_1103,paper_1103,6.4,Performance,16,0.939529,This paper is included in the Proceeding… §6.4 Performance
NB-HPN-1103-q1,5,corpus_doc_1103,paper_1103,1,Introduction,3,0.936983,This paper is included in the Proceeding… §1 Introduction
NB-HPN-1103-q1,6,corpus_doc_1103,paper_1103,1,Introduction,6,0.904300,This paper is included in the Proceeding… §1 Introduction
NB-HPN-1103-q1,7,corpus_doc_1103,paper_1103,6.2,Performance,15,0.898968,This paper is included in the Proceeding… §6.2 Performance
NB-HPN-1103-q1,8,corpus_doc_1103,paper_1103,6,Evaluation,12,0.868004,This paper is included in the Proceeding… §6 Evaluation
NB-HPN-1103-q1,9,corpus_doc_1103,paper_1103,1,Introduction,2,0.842826,This paper is included in the Proceeding… §1 Introduction
NB-HPN-1103-q1,10,corpus_doc_1103,paper_1103,6,Evaluation,13,0.755700,This paper is included in the Proceeding… §6 Evaluation
NB-HPN-1103-q1,11,corpus_doc_1103,paper_1103,6.4,Performance,17,0.750373,This paper is included in the Proceeding… §6.4 Performance
NB-HPN-1103-q1,12,corpus_doc_1687,paper_1687,III,Improvement Recommenda Tions On Efficient Practices,7,0.696725,366 IEEE/ACM TRANSACTIONS ON NETWORKING … §III Improvement Recommenda Tions On Efficient Practices
NB-HPN-1103-q1,13,corpus_doc_1103,paper_1103,4,Implementation,10,0.672565,This paper is included in the Proceeding… §4 Implementation
NB-HPN-1103-q1,14,corpus_doc_1103,paper_1103,,Abstract,0,0.668082,This paper is included in the Proceeding… §Abstract
NB-HPN-1103-q1,15,corpus_doc_1572,paper_1572,1,Introduction,1,0.358296,This paper is included in the Proceeding… §1 Introduction
NB-HPN-1103-q1,16,corpus_doc_1817,paper_1817,,,9,0.104295,arXiv:2001.07747v2 cs. DC 30 Jun 2020 En… §
NB-HPN-1103-q1,17,corpus_doc_2053,paper_2053,1,Introduction,3,0.089125,COREC: Concurrent Non-Blocking Single-Qu… §1 Introduction
NB-HPN-1103-q1,18,corpus_doc_0178,paper_0178,,Abstract,0,0.063495,Scaling Stateful Network Services on Mul… §Abstract
NB-HPN-1103-q1,19,corpus_doc_0501,paper_0501,2,Related Work,7,0.040308,Bringing Reconfigurability to the Networ… §2 Related Work
NB-HPN-1103-q1,20,corpus_doc_1250,paper_1250,7,Conclusion,14,0.000782,. . Latest updates: h ps://dl.acm.org/do… §7 Conclusion
NB-HPN-0595-q0,1,corpus_doc_0595,paper_0595,1,Introduction,1,0.973178,This paper is included in the Proceeding… §1 Introduction
NB-HPN-0595-q0,2,corpus_doc_0595,paper_0595,4.1,Overview,6,0.969454,This paper is included in the Proceeding… §4.1 Overview
NB-HPN-0595-q0,3,corpus_doc_0595,paper_0595,4.1,Overview,5,0.920043,This paper is included in the Proceeding… §4.1 Overview
NB-HPN-0595-q0,4,corpus_doc_0595,paper_0595,5.2,Discussion,7,0.871663,This paper is included in the Proceeding… §5.2 Discussion
NB-HPN-0595-q0,5,corpus_doc_0595,paper_0595,8.1.2,Experiment,14,0.859938,This paper is included in the Proceeding… §8.1.2 Experiment
NB-HPN-0595-q0,6,corpus_doc_0341,paper_0341,I,Introduction,1,0.528638,Z-stack: A High-performance DPDK-based Z… §I Introduction
NB-HPN-0595-q0,7,corpus_doc_0915,paper_0915,1,Introduction,5,0.497486,DotDFS: A Grid - based high - throughput… §1 Introduction
NB-HPN-0595-q0,8,corpus_doc_0165,paper_0165,9.3,Implementation,121,0.415733,Accept e sur proposition du jury pour l … §9.3 Implementation
NB-HPN-0595-q0,9,corpus_doc_1497,paper_1497,1,Introduction,1,0.415470,Scaling Data Center TCP to Terabits with… §1 Introduction
NB-HPN-0595-q0,10,corpus_doc_0341,paper_0341,II,Related Work,2,0.397300,Z-stack: A High-performance DPDK-based Z… §II Related Work
NB-HPN-0595-q0,11,corpus_doc_1398,paper_1398,2,Background,2,0.361322,Protected Data Plane OS Using Memory Pro… §2 Background
NB-HPN-0595-q0,12,corpus_doc_0165,paper_0165,8.4,Implementation,113,0.336794,Accept e sur proposition du jury pour l … §8.4 Implementation
NB-HPN-0595-q0,13,corpus_doc_0178,paper_0178,3.1,System Model,4,0.324840,Scaling Stateful Network Services on Mul… §3.1 System Model
NB-HPN-0595-q0,14,corpus_doc_2231,paper_2231,IV,Remote Messaging,7,0.286498,Low-Latency Communication for Fast DBMS … §IV Remote Messaging
NB-HPN-0595-q0,15,corpus_doc_1497,paper_1497,2,Background,3,0.221179,Scaling Data Center TCP to Terabits with… §2 Background
NB-HPN-0595-q0,16,corpus_doc_0165,paper_0165,8.1,Introduction,107,0.143406,Accept e sur proposition du jury pour l … §8.1 Introduction
NB-HPN-0595-q0,17,corpus_doc_0595,paper_0595,,Abstract,0,0.130962,This paper is included in the Proceeding… §Abstract
NB-HPN-0595-q0,18,corpus_doc_1239,paper_1239,,,12,0.100781,Re-architecting datacenter networks and … §
NB-HPN-0595-q0,19,corpus_doc_1078,paper_1078,1,Performance,6,0.092433,The xDotGrid Native Cross - Platf orm Hi… §1 Performance
NB-HPN-0595-q0,20,corpus_doc_0165,paper_0165,1,Introduction,36,0.056185,Accept e sur proposition du jury pour l … §1 Introduction
NB-HPN-0649-q1,1,corpus_doc_0649,paper_0649,III,Motivation And Objectives,4,0.989840,arXiv:1101.0562v1 cs. NI 3 Jan 2011 1 Bu… §III Motivation And Objectives
NB-HPN-0649-q1,2,corpus_doc_0649,paper_0649,I,Introduction,1,0.971907,arXiv:1101.0562v1 cs. NI 3 Jan 2011 1 Bu… §I Introduction
NB-HPN-0649-q1,3,corpus_doc_0649,paper_0649,VII,Related Work,17,0.895147,arXiv:1101.0562v1 cs. NI 3 Jan 2011 1 Bu… §VII Related Work
NB-HPN-0649-q1,4,corpus_doc_0649,paper_0649,IV,Emulating Bdp,6,0.854727,arXiv:1101.0562v1 cs. NI 3 Jan 2011 1 Bu… §IV Emulating Bdp
NB-HPN-0649-q1,5,corpus_doc_0649,paper_0649,VI,Experimental Results,15,0.777739,arXiv:1101.0562v1 cs. NI 3 Jan 2011 1 Bu… §VI Experimental Results
NB-HPN-0649-q1,6,corpus_doc_0649,paper_0649,IV,Emulating Bdp,5,0.776030,arXiv:1101.0562v1 cs. NI 3 Jan 2011 1 Bu… §IV Emulating Bdp
NB-HPN-0649-q1,7,corpus_doc_0649,paper_0649,IV,Emulating Bdp,11,0.659261,arXiv:1101.0562v1 cs. NI 3 Jan 2011 1 Bu… §IV Emulating Bdp
NB-HPN-0649-q1,8,corpus_doc_2081,paper_2081,V,Energy Consumption Model,11,0.614558,This is a postprint version of the follo… §V Energy Consumption Model
NB-HPN-0649-q1,9,corpus_doc_0649,paper_0649,I,Introduction,2,0.589858,arXiv:1101.0562v1 cs. NI 3 Jan 2011 1 Bu… §I Introduction
NB-HPN-0649-q1,10,corpus_doc_0200,paper_0200,V,Networks With Amixture Of Unsaturated And,12,0.520228,arXiv:1605.00409v1 cs. NI 2 May 2016 1 F… §V Networks With Amixture Of Unsaturated And
NB-HPN-0649-q1,11,corpus_doc_0907,paper_0907,,Abstract,0,0.425046,HAL Id: inria-00118746 Submitted on 6 De… §Abstract
NB-HPN-0649-q1,12,corpus_doc_0649,paper_0649,VIII,Conclusions,18,0.265684,arXiv:1101.0562v1 cs. NI 3 Jan 2011 1 Bu… §VIII Conclusions
NB-HPN-0649-q1,13,corpus_doc_0200,paper_0200,V,Networks With Amixture Of Unsaturated And,11,0.157784,arXiv:1605.00409v1 cs. NI 2 May 2016 1 F… §V Networks With Amixture Of Unsaturated And
NB-HPN-0649-q1,14,corpus_doc_0649,paper_0649,,Abstract,0,0.154362,arXiv:1101.0562v1 cs. NI 3 Jan 2011 1 Bu… §Abstract
NB-HPN-0649-q1,15,corpus_doc_2032,paper_2032,II,System Model And Centralized Problems,4,0.139724,arXiv:1708.07320v1 cs. NI 24 Aug 2017 A … §II System Model And Centralized Problems
NB-HPN-0649-q1,16,corpus_doc_2081,paper_2081,V,Energy Consumption Model,12,0.131453,This is a postprint version of the follo… §V Energy Consumption Model
NB-HPN-0649-q1,17,corpus_doc_0649,paper_0649,I,Introduction,3,0.120082,arXiv:1101.0562v1 cs. NI 3 Jan 2011 1 Bu… §I Introduction
NB-HPN-0649-q1,18,corpus_doc_0094,paper_0094,II,System Model,2,0.059568,Network Slicing for Edge-Cloud Orchestra… §II System Model
NB-HPN-0649-q1,19,corpus_doc_1704,paper_1704,5.1,Introduction,18,0.042526,i SDN-ENABLED DATA OFFLOADING AND LOAD B… §5.1 Introduction
NB-HPN-0649-q1,20,corpus_doc_0073,paper_0073,6,Appendix,4,0.040610,NISTIR 8177 Metrics and Key Performance … §6 Appendix
NB-HPN-1446-q1,1,corpus_doc_1495,paper_1495,I,Introduction T He,2,0.976754,HAL Id: hal-04632943 Submitted on 3 Jul … §I Introduction T He
NB-HPN-1446-q1,2,corpus_doc_1533,paper_1533,I,Introduction T He,2,0.976754,PREPRINT 1 Weighted Scheduling of Time-S… §I Introduction T He
NB-HPN-1446-q1,3,corpus_doc_1446,paper_1446,I,Introduction,2,0.968122,HAL Id: hal-04632942 Submitted on 3 Jul … §I Introduction
NB-HPN-1446-q1,4,corpus_doc_1495,paper_1495,I,Introduction T He,1,0.937918,HAL Id: hal-04632943 Submitted on 3 Jul … §I Introduction T He
NB-HPN-1446-q1,5,corpus_doc_1533,paper_1533,I,Introduction T He,1,0.936888,PREPRINT 1 Weighted Scheduling of Time-S… §I Introduction T He
NB-HPN-1446-q1,6,corpus_doc_1495,paper_1495,IV,Performance Evaluation,13,0.834696,HAL Id: hal-04632943 Submitted on 3 Jul … §IV Performance Evaluation
NB-HPN-1446-q1,7,corpus_doc_1495,paper_1495,V,Related Work,17,0.804182,HAL Id: hal-04632943 Submitted on 3 Jul … §V Related Work
NB-HPN-1446-q1,8,corpus_doc_2126,paper_2126,IV,Linear Programing Lp Relaxation,6,0.767391,1 An Improved Bound for Minimizing the T… §IV Linear Programing Lp Relaxation
NB-HPN-1446-q1,9,corpus_doc_1533,paper_1533,IV,Performance Evaluation,9,0.745855,PREPRINT 1 Weighted Scheduling of Time-S… §IV Performance Evaluation
NB-HPN-1446-q1,10,corpus_doc_1446,paper_1446,II,Background And Motivation,4,0.740731,HAL Id: hal-04632942 Submitted on 3 Jul … §II Background And Motivation
NB-HPN-1446-q1,11,corpus_doc_1533,paper_1533,IV,Performance Evaluation,13,0.739762,PREPRINT 1 Weighted Scheduling of Time-S… §IV Performance Evaluation
NB-HPN-1446-q1,12,corpus_doc_1495,paper_1495,IV,Performance Evaluation,9,0.731518,HAL Id: hal-04632943 Submitted on 3 Jul … §IV Performance Evaluation
NB-HPN-1446-q1,13,corpus_doc_1533,paper_1533,V,Related Work,16,0.708073,PREPRINT 1 Weighted Scheduling of Time-S… §V Related Work
NB-HPN-1446-q1,14,corpus_doc_0675,paper_0675,1,Introduction,1,0.689466,Optimizing Network Performance: Distribu… §1 Introduction
NB-HPN-1446-q1,15,corpus_doc_1446,paper_1446,VIII,Conclusion,18,0.581816,HAL Id: hal-04632942 Submitted on 3 Jul … §VIII Conclusion
NB-HPN-1446-q1,16,corpus_doc_1533,paper_1533,IV,Performance Evaluation,14,0.485036,PREPRINT 1 Weighted Scheduling of Time-S… §IV Performance Evaluation
NB-HPN-1446-q1,17,corpus_doc_1495,paper_1495,II,Problem Statement,8,0.358583,HAL Id: hal-04632943 Submitted on 3 Jul … §II Problem Statement
NB-HPN-1446-q1,18,corpus_doc_1533,paper_1533,II,Problem Statement,8,0.356474,PREPRINT 1 Weighted Scheduling of Time-S… §II Problem Statement
NB-HPN-1446-q1,19,corpus_doc_0662,paper_0662,2,Overview,9,0.222175,Accepted Author Manuscript Journal: Jour… §2 Overview
NB-HPN-1446-q1,20,corpus_doc_1495,paper_1495,,Abstract,0,0.173572,HAL Id: hal-04632943 Submitted on 3 Jul … §Abstract
NB-HPN-1977-q1,1,corpus_doc_1977,paper_1977,,Abstract,0,0.987840,. . Latest updates: h ps://dl.acm.org/do… §Abstract
NB-HPN-1977-q1,2,corpus_doc_1977,paper_1977,2.2,Motivation,2,0.982755,. . Latest updates: h ps://dl.acm.org/do… §2.2 Motivation
NB-HPN-1977-q1,3,corpus_doc_0951,paper_0951,,Abstract,0,0.960047,1 PET: Multi-agent Independent PPO-based… §Abstract
NB-HPN-1977-q1,4,corpus_doc_1977,paper_1977,3.2,Design,9,0.932963,. . Latest updates: h ps://dl.acm.org/do… §3.2 Design
NB-HPN-1977-q1,5,corpus_doc_0725,paper_0725,,Abstract,0,0.923180,GraphCC: A Practical Graph Learning-base… §Abstract
NB-HPN-1977-q1,6,corpus_doc_1808,paper_1808,,Abstract,0,0.919876,Composable Architecture for Rack Scale B… §Abstract
NB-HPN-1977-q1,7,corpus_doc_0164,paper_0164,I,Introduction,2,0.899385,Received February 11 2020 accepted March… §I Introduction
NB-HPN-1977-q1,8,corpus_doc_0164,paper_0164,VIII,Conclusion,12,0.814904,Received February 11 2020 accepted March… §VIII Conclusion
NB-HPN-1977-q1,9,corpus_doc_1977,paper_1977,3.2,Design,5,0.814298,. . Latest updates: h ps://dl.acm.org/do… §3.2 Design
NB-HPN-1977-q1,10,corpus_doc_0164,paper_0164,VII,Related Work,11,0.805849,Received February 11 2020 accepted March… §VII Related Work
NB-HPN-1977-q1,11,corpus_doc_0164,paper_0164,III,Observation And Analysis,4,0.794492,Received February 11 2020 accepted March… §III Observation And Analysis
NB-HPN-1977-q1,12,corpus_doc_2025,paper_2025,5.1,Implementation,6,0.767230,. . Latest updates: h ps://dl.acm.org/do… §5.1 Implementation
NB-HPN-1977-q1,13,corpus_doc_0164,paper_0164,III,Observation And Analysis,3,0.761178,Received February 11 2020 accepted March… §III Observation And Analysis
NB-HPN-1977-q1,14,corpus_doc_2031,paper_2031,5.1,Implementation,6,0.757106,RDMA over Ethernet for Distributed AI Tr… §5.1 Implementation
NB-HPN-1977-q1,15,corpus_doc_1402,paper_1402,3.1,System Overview,5,0.713022,Journal of Information Systems Engineeri… §3.1 System Overview
NB-HPN-1977-q1,16,corpus_doc_0803,paper_0803,,,2,0.637832,Datacenter Ethernet and RDMA: Issues at … §
NB-HPN-1977-q1,17,corpus_doc_2295,paper_2295,2,Background,2,0.616830,ISSN Print: 0976-6367 ISSN Online: 0976-… §2 Background
NB-HPN-1977-q1,18,corpus_doc_0951,paper_0951,4.1,Design,2,0.554385,1 PET: Multi-agent Independent PPO-based… §4.1 Design
NB-HPN-1977-q1,19,corpus_doc_0164,paper_0164,,Abstract,0,0.433992,Received February 11 2020 accepted March… §Abstract
NB-HPN-1977-q1,20,corpus_doc_1402,paper_1402,1,Introduction,1,0.419850,Journal of Information Systems Engineeri… §1 Introduction
NB-HPN-1676-q1,1,corpus_doc_1676,paper_1676,III,System Model And Analysis,6,0.973419,IEEE/ACM TRANSACTIONS ON NETWORKING 1 Op… §III System Model And Analysis
NB-HPN-1676-q1,2,corpus_doc_1676,paper_1676,I,Introduction Alot,1,0.971206,IEEE/ACM TRANSACTIONS ON NETWORKING 1 Op… §I Introduction Alot
NB-HPN-1676-q1,3,corpus_doc_1676,paper_1676,V,Numerical Results,10,0.965070,IEEE/ACM TRANSACTIONS ON NETWORKING 1 Op… §V Numerical Results
NB-HPN-1676-q1,4,corpus_doc_1676,paper_1676,II,Related Work,3,0.958452,IEEE/ACM TRANSACTIONS ON NETWORKING 1 Op… §II Related Work
NB-HPN-1676-q1,5,corpus_doc_1676,paper_1676,VI,Conclusion A,12,0.928651,IEEE/ACM TRANSACTIONS ON NETWORKING 1 Op… §VI Conclusion A
NB-HPN-1676-q1,6,corpus_doc_1676,paper_1676,II,Related Work,2,0.927729,IEEE/ACM TRANSACTIONS ON NETWORKING 1 Op… §II Related Work
NB-HPN-1676-q1,7,corpus_doc_1676,paper_1676,V,Numerical Results,9,0.907607,IEEE/ACM TRANSACTIONS ON NETWORKING 1 Op… §V Numerical Results
NB-HPN-1676-q1,8,corpus_doc_1676,paper_1676,,Abstract,0,0.902936,IEEE/ACM TRANSACTIONS ON NETWORKING 1 Op… §Abstract
NB-HPN-1676-q1,9,corpus_doc_1676,paper_1676,III,System Model And Analysis,5,0.902550,IEEE/ACM TRANSACTIONS ON NETWORKING 1 Op… §III System Model And Analysis
NB-HPN-1676-q1,10,corpus_doc_1676,paper_1676,IV,Optimization Of Weighted Throughput,7,0.898426,IEEE/ACM TRANSACTIONS ON NETWORKING 1 Op… §IV Optimization Of Weighted Throughput
NB-HPN-1676-q1,11,corpus_doc_1676,paper_1676,V,Numerical Results,11,0.830994,IEEE/ACM TRANSACTIONS ON NETWORKING 1 Op… §V Numerical Results
NB-HPN-1676-q1,12,corpus_doc_1676,paper_1676,VI,Conclusion A,14,0.802073,IEEE/ACM TRANSACTIONS ON NETWORKING 1 Op… §VI Conclusion A
NB-HPN-1676-q1,13,corpus_doc_1676,paper_1676,IV,Optimization Of Weighted Throughput,8,0.755911,IEEE/ACM TRANSACTIONS ON NETWORKING 1 Op… §IV Optimization Of Weighted Throughput
NB-HPN-1676-q1,14,corpus_doc_1676,paper_1676,III,System Model And Analysis,4,0.721320,IEEE/ACM TRANSACTIONS ON NETWORKING 1 Op… §III System Model And Analysis
NB-HPN-1676-q1,15,corpus_doc_0671,paper_0671,IV,T He Impact Of Different Packet,12,0.663408,A Stochastic Geometry Approach to Asynch… §IV T He Impact Of Different Packet
NB-HPN-1676-q1,16,corpus_doc_1483,paper_1483,II,Model And Definitions,5,0.238675,Scheduling Stochastic Traffic With End-t… §II Model And Definitions
NB-HPN-1676-q1,17,corpus_doc_1676,paper_1676,VI,Conclusion A,15,0.163272,IEEE/ACM TRANSACTIONS ON NETWORKING 1 Op… §VI Conclusion A
NB-HPN-1676-q1,18,corpus_doc_0671,paper_0671,IV,T He Impact Of Different Packet,11,0.162610,A Stochastic Geometry Approach to Asynch… §IV T He Impact Of Different Packet
NB-HPN-1676-q1,19,corpus_doc_2245,paper_2245,3.2.1,Overview,5,0.121640,Hindawi Publishing Corporation EURASIP J… §3.2.1 Overview
NB-HPN-1676-q1,20,corpus_doc_0660,paper_0660,V,Interpretation With Respect To Traffic Theory,11,0.027858,IEEE/ACM TRANSACTIONS ON NETWOR KING VOL… §V Interpretation With Respect To Traffic Theory
NB-HPN-0684-q1,1,corpus_doc_0684,paper_0684,III,Quick Cast,5,0.959330,QuickCast: Fast and Ef cient Inter-Datac… §III Quick Cast
NB-HPN-0684-q1,2,corpus_doc_1384,paper_1384,IV,Conclusion,8,0.719695,Received April 24 2020 accepted May 4 20… §IV Conclusion
NB-HPN-0684-q1,3,corpus_doc_0684,paper_0684,IV,Evaluations,8,0.561391,QuickCast: Fast and Ef cient Inter-Datac… §IV Evaluations
NB-HPN-0684-q1,4,corpus_doc_1122,paper_1122,,Abstract,0,0.461343,This paper is included in the Proceeding… §Abstract
NB-HPN-0684-q1,5,corpus_doc_1273,paper_1273,1,Introduction,1,0.434275,SLO beyond the Hardware Isolation Limits… §1 Introduction
NB-HPN-0684-q1,6,corpus_doc_0165,paper_0165,12.1,Introduction,142,0.405540,Accept e sur proposition du jury pour l … §12.1 Introduction
NB-HPN-0684-q1,7,corpus_doc_1180,paper_1180,V,Performance And Cost Anal Ysis,11,0.326366,1666 IEEE/ACM TRANSACTIONS ON NETWOR KIN… §V Performance And Cost Anal Ysis
NB-HPN-0684-q1,8,corpus_doc_1364,paper_1364,2.3,Architecture,7,0.279980,. . Latest updates: h ps://dl.acm.org/do… §2.3 Architecture
NB-HPN-0684-q1,9,corpus_doc_2369,paper_2369,III,Analysis Of Rlnc Scoding Features,6,0.161928,Deterministic Broadcasting and Random Li… §III Analysis Of Rlnc Scoding Features
NB-HPN-0684-q1,10,corpus_doc_0381,paper_0381,6.2,Overview,73,0.135069,HAL Id: tel-02124620 Submitted on 9 May … §6.2 Overview
NB-HPN-0684-q1,11,corpus_doc_1066,paper_1066,VI,A N A L Y S,10,0.130976,08 April 2026 POLITECNICO DI TORINO Repo… §VI A N A L Y S
NB-HPN-0684-q1,12,corpus_doc_1443,paper_1443,5.4,Performance,1,0.109629,. . Latest updates: h ps://dl.acm.org/do… §5.4 Performance
NB-HPN-0684-q1,13,corpus_doc_1464,paper_1464,1,Introduction,2,0.108140,Expander Datacenters: From Theory to Pra… §1 Introduction
NB-HPN-0684-q1,14,corpus_doc_0596,paper_0596,I,Introduction,1,0.086659,Los Alamos an affirmative action/equal o… §I Introduction
NB-HPN-0684-q1,15,corpus_doc_2031,paper_2031,5.1,Implementation,6,0.052905,RDMA over Ethernet for Distributed AI Tr… §5.1 Implementation
NB-HPN-0684-q1,16,corpus_doc_1687,paper_1687,I,Introduction Ingeneral,5,0.017207,366 IEEE/ACM TRANSACTIONS ON NETWORKING … §I Introduction Ingeneral
NB-HPN-0684-q1,17,corpus_doc_0555,paper_0555,,,3,0.016849,Network-Aware End-to-End Data Throughput… §
NB-HPN-0684-q1,18,corpus_doc_2063,paper_2063,VI,Case Studies,13,0.007454,IEEE/ACM TRANSACTIONS ON NETWORKING VOL.… §VI Case Studies
NB-HPN-0684-q1,19,corpus_doc_0365,paper_0365,1,Introduction,6,0.002685,Resilient Distributed Datasets: A Fault-… §1 Introduction
NB-HPN-0684-q1,20,corpus_doc_0654,paper_0654,9,System,7,0.001908,IEEE/ACM TRANSACTIONS ON NETW ORKING VOL… §9 System
NB-HPN-2032-q3,1,corpus_doc_2032,paper_2032,II,System Model And Centralized Problems,3,0.934375,arXiv:1708.07320v1 cs. NI 24 Aug 2017 A … §II System Model And Centralized Problems
NB-HPN-2032-q3,2,corpus_doc_2032,paper_2032,VI,Performance Evaluation,14,0.876825,arXiv:1708.07320v1 cs. NI 24 Aug 2017 A … §VI Performance Evaluation
NB-HPN-2032-q3,3,corpus_doc_2032,paper_2032,III,Ssbr,17,0.875893,arXiv:1708.07320v1 cs. NI 24 Aug 2017 A … §III Ssbr
NB-HPN-2032-q3,4,corpus_doc_2032,paper_2032,II,System Model And Centralized Problems,4,0.872150,arXiv:1708.07320v1 cs. NI 24 Aug 2017 A … §II System Model And Centralized Problems
NB-HPN-2032-q3,5,corpus_doc_2032,paper_2032,V,Distributed Multi -Traffic Scheduling Framework,9,0.842856,arXiv:1708.07320v1 cs. NI 24 Aug 2017 A … §V Distributed Multi -Traffic Scheduling Framework
NB-HPN-2032-q3,6,corpus_doc_2032,paper_2032,III,Ssbr,16,0.760684,arXiv:1708.07320v1 cs. NI 24 Aug 2017 A … §III Ssbr
NB-HPN-2032-q3,7,corpus_doc_2032,paper_2032,IV,Best-Effort Traffic,8,0.670434,arXiv:1708.07320v1 cs. NI 24 Aug 2017 A … §IV Best-Effort Traffic
NB-HPN-2032-q3,8,corpus_doc_2032,paper_2032,VI,Performance Evaluation,15,0.611444,arXiv:1708.07320v1 cs. NI 24 Aug 2017 A … §VI Performance Evaluation
NB-HPN-2032-q3,9,corpus_doc_2032,paper_2032,V,Distributed Multi -Traffic Scheduling Framework,11,0.603259,arXiv:1708.07320v1 cs. NI 24 Aug 2017 A … §V Distributed Multi -Traffic Scheduling Framework
NB-HPN-2032-q3,10,corpus_doc_2032,paper_2032,III,Guaranteed Traffic,5,0.564278,arXiv:1708.07320v1 cs. NI 24 Aug 2017 A … §III Guaranteed Traffic
NB-HPN-2032-q3,11,corpus_doc_2032,paper_2032,V,Distributed Multi -Traffic Scheduling Framework,10,0.559126,arXiv:1708.07320v1 cs. NI 24 Aug 2017 A … §V Distributed Multi -Traffic Scheduling Framework
NB-HPN-2032-q3,12,corpus_doc_1590,paper_1590,1,Introduction,2,0.282363,International Journal of Automation and … §1 Introduction
NB-HPN-2032-q3,13,corpus_doc_0801,paper_0801,2.2,Motivation,6,0.182302,. . Latest updates: h ps://dl.acm.org/do… §2.2 Motivation
NB-HPN-2032-q3,14,corpus_doc_0771,paper_0771,4.1,Overview,6,0.114101,This paper is included in the Proceeding… §4.1 Overview
NB-HPN-2032-q3,15,corpus_doc_1819,paper_1819,I,Introduction,1,0.071265,FaiRTT: An Empirical Approach for Enhanc… §I Introduction
NB-HPN-2032-q3,16,corpus_doc_0672,paper_0672,2,Background,3,0.070141,. . Latest updates: h ps://dl.acm.org/do… §2 Background
NB-HPN-2032-q3,17,corpus_doc_1746,paper_1746,5.1,Experimental,14,0.041326,Bounds for two static optimization probl… §5.1 Experimental
NB-HPN-2032-q3,18,corpus_doc_0689,paper_0689,VII,Igi And Ptr Algorithm Properties,12,0.022541,IEEE JOURNAL ON SELECTED AREAS IN COMMUN… §VII Igi And Ptr Algorithm Properties
NB-HPN-2032-q3,19,corpus_doc_1379,paper_1379,IV,Experiment Setup,6,0.017905,BBR Fairness Evaluation Using NS-3 Linch… §IV Experiment Setup
NB-HPN-2032-q3,20,corpus_doc_1025,paper_1025,5.2,Analysis,14,0.012432,No Signal to Rule Them All: A Systematic… §5.2 Analysis
NB-HPN-2201-q1,1,corpus_doc_2201,paper_2201,1,Introduction,4,0.992983,HAL Id: hal-04000723 Submitted on 22 Feb… §1 Introduction
NB-HPN-2201-q1,2,corpus_doc_2201,paper_2201,1,Introduction,1,0.914809,HAL Id: hal-04000723 Submitted on 22 Feb… §1 Introduction
NB-HPN-2201-q1,3,corpus_doc_2201,paper_2201,1,Introduction,3,0.885516,HAL Id: hal-04000723 Submitted on 22 Feb… §1 Introduction
NB-HPN-2201-q1,4,corpus_doc_2201,paper_2201,1,Introduction,15,0.579708,HAL Id: hal-04000723 Submitted on 22 Feb… §1 Introduction
NB-HPN-2201-q1,5,corpus_doc_0626,paper_0626,I,Introduction,1,0.511493,1 On the Packet Allocation of Multi-Band… §I Introduction
NB-HPN-2201-q1,6,corpus_doc_2201,paper_2201,1,Introduction,2,0.507640,HAL Id: hal-04000723 Submitted on 22 Feb… §1 Introduction
NB-HPN-2201-q1,7,corpus_doc_2201,paper_2201,,Abstract,0,0.213801,HAL Id: hal-04000723 Submitted on 22 Feb… §Abstract
NB-HPN-2201-q1,8,corpus_doc_1745,paper_1745,3,Background,6,0.189072,Vol.: 0123456789 Journal of Network and … §3 Background
NB-HPN-2201-q1,9,corpus_doc_0707,paper_0707,,,4,0.084855,1 High-Performance Routing with Multipat… §
NB-HPN-2201-q1,10,corpus_doc_1090,paper_1090,I,Introduction,3,0.065881,Preemptive Switch Memory Usage to Accele… §I Introduction
NB-HPN-2201-q1,11,corpus_doc_1625,paper_1625,II,Related Work,2,0.018922,Received January 27 2021 accepted Februa… §II Related Work
NB-HPN-2201-q1,12,corpus_doc_2130,paper_2130,2,Implementation,4,0.018142,Farhadi Beldachi A. Anastasopoulos M. Ma… §2 Implementation
NB-HPN-2201-q1,13,corpus_doc_0401,paper_0401,3,Methodology,8,0.012804,. . Latest updates: h ps://dl.acm.org/do… §3 Methodology
NB-HPN-2201-q1,14,corpus_doc_0957,paper_0957,,,4,0.010533,PINT : Probabilistic In-band Network Tel… §
NB-HPN-2201-q1,15,corpus_doc_1748,paper_1748,1,Introduction,2,0.006711,HAL Id: hal-03905784 Submitted on 19 Dec… §1 Introduction
NB-HPN-2201-q1,16,corpus_doc_1730,paper_1730,6,Conclusion,15,0.006305,Journal of Network and Systems Managemen… §6 Conclusion
NB-HPN-2201-q1,17,corpus_doc_0381,paper_0381,5.1.1,Related Work,55,0.005926,HAL Id: tel-02124620 Submitted on 9 May … §5.1.1 Related Work
NB-HPN-2201-q1,18,corpus_doc_0055,paper_0055,VIII,Results,12,0.004397,1 Leveraging Physical Layer Capabilites:… §VIII Results
NB-HPN-2201-q1,19,corpus_doc_0668,paper_0668,6,Discussion,16,0.003217,This paper is included in the Proceeding… §6 Discussion
NB-HPN-2201-q1,20,corpus_doc_0401,paper_0401,3,Methodology,4,0.001410,. . Latest updates: h ps://dl.acm.org/do… §3 Methodology
NB-HPN-0185-q1,1,corpus_doc_0382,paper_0382,,Abstract,0,0.967857,Use Only What You Need: Judicious Parall… §Abstract
NB-HPN-0185-q1,2,corpus_doc_1438,paper_1438,,,1,0.937425,Online Optimization of File Transfers in… §
NB-HPN-0185-q1,3,corpus_doc_1438,paper_1438,,,5,0.933885,Online Optimization of File Transfers in… §
NB-HPN-0185-q1,4,corpus_doc_1927,paper_1927,III,Motiv Ation,7,0.931277,IEEE TRANSACTIONS ON PARALLEL AND DISTRI… §III Motiv Ation
NB-HPN-0185-q1,5,corpus_doc_1438,paper_1438,,,2,0.927374,Online Optimization of File Transfers in… §
NB-HPN-0185-q1,6,corpus_doc_1097,paper_1097,V,Concurrent Transfers,7,0.926730,Data transfer between scienti c faciliti… §V Concurrent Transfers
NB-HPN-0185-q1,7,corpus_doc_1438,paper_1438,,,11,0.854106,Online Optimization of File Transfers in… §
NB-HPN-0185-q1,8,corpus_doc_1927,paper_1927,III,Motiv Ation,5,0.825742,IEEE TRANSACTIONS ON PARALLEL AND DISTRI… §III Motiv Ation
NB-HPN-0185-q1,9,corpus_doc_1080,paper_1080,II,Answers To Formidable Questions,5,0.799738,How GridFTP Pipelining Parallelism and C… §II Answers To Formidable Questions
NB-HPN-0185-q1,10,corpus_doc_1438,paper_1438,,,9,0.789556,Online Optimization of File Transfers in… §
NB-HPN-0185-q1,11,corpus_doc_1163,paper_1163,III,Parallelism And Concurrency,5,0.569726,Modeling and Optimizing Large-Scale Wide… §III Parallelism And Concurrency
NB-HPN-0185-q1,12,corpus_doc_1927,paper_1927,V,E Va L U At I,12,0.548689,IEEE TRANSACTIONS ON PARALLEL AND DISTRI… §V E Va L U At I
NB-HPN-0185-q1,13,corpus_doc_1211,paper_1211,III,Parallelism And Concurrency,5,0.532389,Modeling and Optimizing Large-Scale Wide… §III Parallelism And Concurrency
NB-HPN-0185-q1,14,corpus_doc_2347,paper_2347,2,Background,3,0.446771,FutureGenerationComputerSystems25 2009 4… §2 Background
NB-HPN-0185-q1,15,corpus_doc_0444,paper_0444,2,Related Work,3,0.439505,Big Data Transfer Optimization Through A… §2 Related Work
NB-HPN-0185-q1,16,corpus_doc_0616,paper_0616,IV,Experimental Analysis,11,0.417518,HARP: Predictive Transfer Optimization B… §IV Experimental Analysis
NB-HPN-0185-q1,17,corpus_doc_0616,paper_0616,II,Motiv Ation,2,0.370437,HARP: Predictive Transfer Optimization B… §II Motiv Ation
NB-HPN-0185-q1,18,corpus_doc_1616,paper_1616,II,Problem Formulation,2,0.215234,2017 IEEE International Conference on Bi… §II Problem Formulation
NB-HPN-0185-q1,19,corpus_doc_1654,paper_1654,II,Problemformula Tion,2,0.201812,Big Data Transfer Optimization Based on … §II Problemformula Tion
NB-HPN-0185-q1,20,corpus_doc_0382,paper_0382,4.3,System,3,0.192659,Use Only What You Need: Judicious Parall… §4.3 System
NB-HPN-0824-q1,1,corpus_doc_0824,paper_0824,,Abstract,0,0.984224,. . Latest updates: h ps://dl.acm.org/do… §Abstract
NB-HPN-0824-q1,2,corpus_doc_0307,paper_0307,2,Background,2,0.973206,Revisiting Network Support for RDMA Exte… §2 Background
NB-HPN-0824-q1,3,corpus_doc_0824,paper_0824,6.1,Performance,5,0.961146,. . Latest updates: h ps://dl.acm.org/do… §6.1 Performance
NB-HPN-0824-q1,4,corpus_doc_0710,paper_0710,VII,Related Paradigms,28,0.949327,DATACENTER TRAFFIC CONTROL TECHNIQUES AN… §VII Related Paradigms
NB-HPN-0824-q1,5,corpus_doc_2309,paper_2309,1,Introduction,0,0.938796,Ultra Ethernet s Design Principles and A… §1 Introduction
NB-HPN-0824-q1,6,corpus_doc_0057,paper_0057,1,Introduction,1,0.935470,This paper is included in the Proceeding… §1 Introduction
NB-HPN-0824-q1,7,corpus_doc_0803,paper_0803,,,1,0.933644,Datacenter Ethernet and RDMA: Issues at … §
NB-HPN-0824-q1,8,corpus_doc_0216,paper_0216,1,Introduction,1,0.910476,STrack: A Reliable Multipath Transport f… §1 Introduction
NB-HPN-0824-q1,9,corpus_doc_0741,paper_0741,1,Experimental,4,0.885740,116 SANDIA REPORT Printed ra RoCE: Promi… §1 Experimental
NB-HPN-0824-q1,10,corpus_doc_0307,paper_0307,1,Introduction,1,0.873670,Revisiting Network Support for RDMA Exte… §1 Introduction
NB-HPN-0824-q1,11,corpus_doc_0803,paper_0803,,,2,0.872437,Datacenter Ethernet and RDMA: Issues at … §
NB-HPN-0824-q1,12,corpus_doc_0446,paper_0446,,Abstract,0,0.870850,Impact of RoCE Congestion Control Polici… §Abstract
NB-HPN-0824-q1,13,corpus_doc_0941,paper_0941,7,Discussion,16,0.805020,This paper is included in the Proceeding… §7 Discussion
NB-HPN-0824-q1,14,corpus_doc_0803,paper_0803,,,5,0.798333,Datacenter Ethernet and RDMA: Issues at … §
NB-HPN-0824-q1,15,corpus_doc_2295,paper_2295,2,Background,2,0.787723,ISSN Print: 0976-6367 ISSN Online: 0976-… §2 Background
NB-HPN-0824-q1,16,corpus_doc_1328,paper_1328,VI,Bandwidth And Latency Performance,6,0.700226,An Evaluation of Ethernet Performance fo… §VI Bandwidth And Latency Performance
NB-HPN-0824-q1,17,corpus_doc_0741,paper_0741,7,Conclusions,10,0.659458,116 SANDIA REPORT Printed ra RoCE: Promi… §7 Conclusions
NB-HPN-0824-q1,18,corpus_doc_1328,paper_1328,,Abstract,0,0.529786,An Evaluation of Ethernet Performance fo… §Abstract
NB-HPN-0824-q1,19,corpus_doc_0803,paper_0803,,Abstract,0,0.326514,Datacenter Ethernet and RDMA: Issues at … §Abstract
NB-HPN-0824-q1,20,corpus_doc_1328,paper_1328,VI,Bandwidth And Latency Performance,7,0.283976,An Evaluation of Ethernet Performance fo… §VI Bandwidth And Latency Performance
NB-HPN-1665-q3,1,corpus_doc_1665,paper_1665,I,Introduction,1,0.989866,arXiv:2505.07741v1 cs. NI 12 May 2025 BB… §I Introduction
NB-HPN-1665-q3,2,corpus_doc_1665,paper_1665,IV,Experimental Results,9,0.987051,arXiv:2505.07741v1 cs. NI 12 May 2025 BB… §IV Experimental Results
NB-HPN-1665-q3,3,corpus_doc_1665,paper_1665,IV,Experimental Results,8,0.985407,arXiv:2505.07741v1 cs. NI 12 May 2025 BB… §IV Experimental Results
NB-HPN-1665-q3,4,corpus_doc_1665,paper_1665,III,Experiment Methodology,4,0.984419,arXiv:2505.07741v1 cs. NI 12 May 2025 BB… §III Experiment Methodology
NB-HPN-1665-q3,5,corpus_doc_1665,paper_1665,I,Introduction,2,0.983375,arXiv:2505.07741v1 cs. NI 12 May 2025 BB… §I Introduction
NB-HPN-1665-q3,6,corpus_doc_1819,paper_1819,II,Related Work,2,0.975074,FaiRTT: An Empirical Approach for Enhanc… §II Related Work
NB-HPN-1665-q3,7,corpus_doc_0974,paper_0974,VIII,Conclusion,22,0.969077,IEEE TRANSACTIONS ON NETWORK AND SERVICE… §VIII Conclusion
NB-HPN-1665-q3,8,corpus_doc_1379,paper_1379,IV,Experiment Setup,6,0.968925,BBR Fairness Evaluation Using NS-3 Linch… §IV Experiment Setup
NB-HPN-1665-q3,9,corpus_doc_1367,paper_1367,3,Evaluation,7,0.968735,2BRobust - Overcoming TCP BBR Performanc… §3 Evaluation
NB-HPN-1665-q3,10,corpus_doc_1665,paper_1665,IV,Experimental Results,5,0.968286,arXiv:2505.07741v1 cs. NI 12 May 2025 BB… §IV Experimental Results
NB-HPN-1665-q3,11,corpus_doc_1665,paper_1665,IV,Experimental Results,10,0.967458,arXiv:2505.07741v1 cs. NI 12 May 2025 BB… §IV Experimental Results
NB-HPN-1665-q3,12,corpus_doc_2204,paper_2204,IV,Experimentalresults,8,0.963513,Preprint Accepted paper at IEEE HPSR 202… §IV Experimentalresults
NB-HPN-1665-q3,13,corpus_doc_1064,paper_1064,4,Experiment,21,0.947815,To Adopt or Not to Adopt L4S-Compatible … §4 Experiment
NB-HPN-1665-q3,14,corpus_doc_1367,paper_1367,1,Introduction,0,0.945343,2BRobust - Overcoming TCP BBR Performanc… §1 Introduction
NB-HPN-1665-q3,15,corpus_doc_1064,paper_1064,5,Conclusion,24,0.937537,To Adopt or Not to Adopt L4S-Compatible … §5 Conclusion
NB-HPN-1665-q3,16,corpus_doc_1665,paper_1665,V,Conclusion,11,0.905420,arXiv:2505.07741v1 cs. NI 12 May 2025 BB… §V Conclusion
NB-HPN-1665-q3,17,corpus_doc_2204,paper_2204,I,Introduction,1,0.893037,Preprint Accepted paper at IEEE HPSR 202… §I Introduction
NB-HPN-1665-q3,18,corpus_doc_2282,paper_2282,I,Introduction,2,0.882409,Received January 19 2021 accepted Februa… §I Introduction
NB-HPN-1665-q3,19,corpus_doc_1665,paper_1665,IV,Experimental Results,6,0.815564,arXiv:2505.07741v1 cs. NI 12 May 2025 BB… §IV Experimental Results
NB-HPN-1665-q3,20,corpus_doc_1665,paper_1665,,Abstract,0,0.603361,arXiv:2505.07741v1 cs. NI 12 May 2025 BB… §Abstract
NB-HPN-1919-q1,1,corpus_doc_0763,paper_0763,3.2,Implementation,19,0.996687,NAIST-IS-DD1561026 Doctoral Dissertation… §3.2 Implementation
NB-HPN-1919-q1,2,corpus_doc_0536,paper_0536,1.0,Introduction,6,0.990610,1 The End-to-End Performance Effects of … §1.0 Introduction
NB-HPN-1919-q1,3,corpus_doc_0765,paper_0765,IV,Combined Parallel Tcp Streams,4,0.987016,Improving Throughput and Maintaining Fai… §IV Combined Parallel Tcp Streams
NB-HPN-1919-q1,4,corpus_doc_0893,paper_0893,I,Introduction,0,0.985077,Improving Throughput and Maintaining Fai… §I Introduction
NB-HPN-1919-q1,5,corpus_doc_0893,paper_0893,IV,Combined Parallel Tcp Streams,3,0.980266,Improving Throughput and Maintaining Fai… §IV Combined Parallel Tcp Streams
NB-HPN-1919-q1,6,corpus_doc_2115,paper_2115,III,Proposed Approach,4,0.979222,Improving Data Transfer Throughput with … §III Proposed Approach
NB-HPN-1919-q1,7,corpus_doc_0724,paper_0724,III,Proposed Approach,4,0.976896,Improving Data Transfer Throughput with … §III Proposed Approach
NB-HPN-1919-q1,8,corpus_doc_0765,paper_0765,II,Background,2,0.975478,Improving Throughput and Maintaining Fai… §II Background
NB-HPN-1919-q1,9,corpus_doc_0536,paper_0536,1.0,Introduction,3,0.973243,1 The End-to-End Performance Effects of … §1.0 Introduction
NB-HPN-1919-q1,10,corpus_doc_0536,paper_0536,1.0,Introduction,4,0.972736,1 The End-to-End Performance Effects of … §1.0 Introduction
NB-HPN-1919-q1,11,corpus_doc_1862,paper_1862,VI,Conclusion,13,0.947154,Parallel TCP Sockets: Simple Model Throu… §VI Conclusion
NB-HPN-1919-q1,12,corpus_doc_0893,paper_0893,VI,Methodology,8,0.945985,Improving Throughput and Maintaining Fai… §VI Methodology
NB-HPN-1919-q1,13,corpus_doc_0765,paper_0765,VI,Methodology,10,0.934665,Improving Throughput and Maintaining Fai… §VI Methodology
NB-HPN-1919-q1,14,corpus_doc_1695,paper_1695,1.1,Motivation,3,0.915719,Applied Techniques for High Bandwidth Da… §1.1 Motivation
NB-HPN-1919-q1,15,corpus_doc_0536,paper_0536,5.0,Conclusion,8,0.899066,1 The End-to-End Performance Effects of … §5.0 Conclusion
NB-HPN-1919-q1,16,corpus_doc_0817,paper_0817,I,Introduction,4,0.891033,Parallel TCP Sockets: Simple Model Throu… §I Introduction
NB-HPN-1919-q1,17,corpus_doc_0817,paper_0817,,Abstract,0,0.878122,Parallel TCP Sockets: Simple Model Throu… §Abstract
NB-HPN-1919-q1,18,corpus_doc_1862,paper_1862,,Abstract,0,0.878122,Parallel TCP Sockets: Simple Model Throu… §Abstract
NB-HPN-1919-q1,19,corpus_doc_1862,paper_1862,I,Introduction,4,0.860081,Parallel TCP Sockets: Simple Model Throu… §I Introduction
NB-HPN-1919-q1,20,corpus_doc_2166,paper_2166,1.1,Motivation,3,0.852984,See discussions stats and author profile… §1.1 Motivation
NB-HPN-0897-q1,1,corpus_doc_0897,paper_0897,,Abstract,0,0.977640,. . Latest updates: h ps://dl.acm.org/do… §Abstract
NB-HPN-0897-q1,2,corpus_doc_0897,paper_0897,6.1,Experiment,11,0.958304,. . Latest updates: h ps://dl.acm.org/do… §6.1 Experiment
NB-HPN-0897-q1,3,corpus_doc_0897,paper_0897,5,Experimental,2,0.949670,. . Latest updates: h ps://dl.acm.org/do… §5 Experimental
NB-HPN-0897-q1,4,corpus_doc_0897,paper_0897,6.1,Experiment,7,0.945009,. . Latest updates: h ps://dl.acm.org/do… §6.1 Experiment
NB-HPN-0897-q1,5,corpus_doc_0897,paper_0897,6.1,Experiment,9,0.943697,. . Latest updates: h ps://dl.acm.org/do… §6.1 Experiment
NB-HPN-0897-q1,6,corpus_doc_0897,paper_0897,5,Experimental,3,0.941850,. . Latest updates: h ps://dl.acm.org/do… §5 Experimental
NB-HPN-0897-q1,7,corpus_doc_0897,paper_0897,5,Experimental,5,0.932339,. . Latest updates: h ps://dl.acm.org/do… §5 Experimental
NB-HPN-0897-q1,8,corpus_doc_0897,paper_0897,5,Experimental,4,0.923769,. . Latest updates: h ps://dl.acm.org/do… §5 Experimental
NB-HPN-0897-q1,9,corpus_doc_0897,paper_0897,5,Experimental,6,0.905951,. . Latest updates: h ps://dl.acm.org/do… §5 Experimental
NB-HPN-0897-q1,10,corpus_doc_0897,paper_0897,5,Experimental,1,0.894607,. . Latest updates: h ps://dl.acm.org/do… §5 Experimental
NB-HPN-0897-q1,11,corpus_doc_0897,paper_0897,6.1,Experiment,8,0.783678,. . Latest updates: h ps://dl.acm.org/do… §6.1 Experiment
NB-HPN-0897-q1,12,corpus_doc_0897,paper_0897,6.1,Experiment,10,0.713772,. . Latest updates: h ps://dl.acm.org/do… §6.1 Experiment
NB-HPN-0897-q1,13,corpus_doc_1515,paper_1515,4,Evaluation,6,0.411039,arXiv:2505.09222v1 cs. NI 14 May 2025 If… §4 Evaluation
NB-HPN-0897-q1,14,corpus_doc_1372,paper_1372,,,7,0.216384,. . Latest updates: h ps://dl.acm.org/do… §
NB-HPN-0897-q1,15,corpus_doc_1515,paper_1515,1,Introduction,0,0.200148,arXiv:2505.09222v1 cs. NI 14 May 2025 If… §1 Introduction
NB-HPN-0897-q1,16,corpus_doc_1515,paper_1515,2,Background,1,0.154449,arXiv:2505.09222v1 cs. NI 14 May 2025 If… §2 Background
NB-HPN-0897-q1,17,corpus_doc_0176,paper_0176,,,2,0.124502,58 COMMUNICATIONS OF THE ACM FEBRUARY 20… §
NB-HPN-0897-q1,18,corpus_doc_1910,paper_1910,III,T He Proposed Methodology,4,0.067285,IEEE/ACM TRANSACTIONS ON NETWORKING 1 En… §III T He Proposed Methodology
NB-HPN-0897-q1,19,corpus_doc_0134,paper_0134,3,Approach,14,0.036016,This paper is included in the Proceeding… §3 Approach
NB-HPN-0897-q1,20,corpus_doc_1910,paper_1910,V,Implementation And Experiments A,10,0.010719,IEEE/ACM TRANSACTIONS ON NETWORKING 1 En… §V Implementation And Experiments A
NB-HPN-1819-q1,1,corpus_doc_1819,paper_1819,I,Introduction,1,0.983772,FaiRTT: An Empirical Approach for Enhanc… §I Introduction
NB-HPN-1819-q1,2,corpus_doc_1819,paper_1819,,Abstract,0,0.982191,FaiRTT: An Empirical Approach for Enhanc… §Abstract
NB-HPN-1819-q1,3,corpus_doc_1819,paper_1819,II,Related Work,4,0.965931,FaiRTT: An Empirical Approach for Enhanc… §II Related Work
NB-HPN-1819-q1,4,corpus_doc_1819,paper_1819,II,Related Work,2,0.952268,FaiRTT: An Empirical Approach for Enhanc… §II Related Work
NB-HPN-1819-q1,5,corpus_doc_1665,paper_1665,I,Introduction,2,0.938948,arXiv:2505.07741v1 cs. NI 12 May 2025 BB… §I Introduction
NB-HPN-1819-q1,6,corpus_doc_1819,paper_1819,II,Related Work,5,0.931821,FaiRTT: An Empirical Approach for Enhanc… §II Related Work
NB-HPN-1819-q1,7,corpus_doc_1819,paper_1819,II,Related Work,3,0.927019,FaiRTT: An Empirical Approach for Enhanc… §II Related Work
NB-HPN-1819-q1,8,corpus_doc_2282,paper_2282,I,Introduction,1,0.900407,Received January 19 2021 accepted Februa… §I Introduction
NB-HPN-1819-q1,9,corpus_doc_1372,paper_1372,,,2,0.858578,. . Latest updates: h ps://dl.acm.org/do… §
NB-HPN-1819-q1,10,corpus_doc_1665,paper_1665,IV,Experimental Results,9,0.737507,arXiv:2505.07741v1 cs. NI 12 May 2025 BB… §IV Experimental Results
NB-HPN-1819-q1,11,corpus_doc_2282,paper_2282,I,Introduction,11,0.724407,Received January 19 2021 accepted Februa… §I Introduction
NB-HPN-1819-q1,12,corpus_doc_1372,paper_1372,,,5,0.716852,. . Latest updates: h ps://dl.acm.org/do… §
NB-HPN-1819-q1,13,corpus_doc_1597,paper_1597,,Abstract,0,0.692408,Computer Science & Information Technolog… §Abstract
NB-HPN-1819-q1,14,corpus_doc_1111,paper_1111,,Abstract,0,0.692408,David C. Wyld et al. Eds : NeCoM SEAS SP… §Abstract
NB-HPN-1819-q1,15,corpus_doc_2282,paper_2282,I,Introduction,10,0.680085,Received January 19 2021 accepted Februa… §I Introduction
NB-HPN-1819-q1,16,corpus_doc_1665,paper_1665,IV,Experimental Results,5,0.629922,arXiv:2505.07741v1 cs. NI 12 May 2025 BB… §IV Experimental Results
NB-HPN-1819-q1,17,corpus_doc_2282,paper_2282,,Abstract,0,0.554590,Received January 19 2021 accepted Februa… §Abstract
NB-HPN-1819-q1,18,corpus_doc_1819,paper_1819,V,Conclusion,7,0.520712,FaiRTT: An Empirical Approach for Enhanc… §V Conclusion
NB-HPN-1819-q1,19,corpus_doc_1665,paper_1665,IV,Experimental Results,6,0.482546,arXiv:2505.07741v1 cs. NI 12 May 2025 BB… §IV Experimental Results
NB-HPN-1819-q1,20,corpus_doc_1665,paper_1665,,Abstract,0,0.258049,arXiv:2505.07741v1 cs. NI 12 May 2025 BB… §Abstract
NB-HPN-1413-q3,1,corpus_doc_0172,paper_0172,1,Introduction,1,0.977496,Noisy Neighbor: Exploiting RDMA for Reso… §1 Introduction
NB-HPN-1413-q3,2,corpus_doc_1413,paper_1413,2,Background,3,0.976162,An RDMA-First Object Storage System with… §2 Background
NB-HPN-1413-q3,3,corpus_doc_0172,paper_0172,6,Related Work,11,0.963590,Noisy Neighbor: Exploiting RDMA for Reso… §6 Related Work
NB-HPN-1413-q3,4,corpus_doc_1049,paper_1049,VIII,Security,36,0.959298,IEEE COMMUNICATIONS SURVEYS & TUTORIALS … §VIII Security
NB-HPN-1413-q3,5,corpus_doc_1413,paper_1413,2,Background,2,0.957543,An RDMA-First Object Storage System with… §2 Background
NB-HPN-1413-q3,6,corpus_doc_1049,paper_1049,VIII,Security,35,0.935296,IEEE COMMUNICATIONS SURVEYS & TUTORIALS … §VIII Security
NB-HPN-1413-q3,7,corpus_doc_1413,paper_1413,1,Introduction,1,0.925369,An RDMA-First Object Storage System with… §1 Introduction
NB-HPN-1413-q3,8,corpus_doc_0674,paper_0674,2,Background,2,0.865102,RoCE BALBOA: Service-enhanced Data Cente… §2 Background
NB-HPN-1413-q3,9,corpus_doc_0172,paper_0172,2,Background,3,0.852987,Noisy Neighbor: Exploiting RDMA for Reso… §2 Background
NB-HPN-1413-q3,10,corpus_doc_1413,paper_1413,2,Background,4,0.817806,An RDMA-First Object Storage System with… §2 Background
NB-HPN-1413-q3,11,corpus_doc_0927,paper_0927,,Abstract,0,0.795452,Postprint This is the accepted version o… §Abstract
NB-HPN-1413-q3,12,corpus_doc_0674,paper_0674,1,Introduction,1,0.769104,RoCE BALBOA: Service-enhanced Data Cente… §1 Introduction
NB-HPN-1413-q3,13,corpus_doc_1355,paper_1355,3.2,Design,8,0.762746,A Comprehensive Study on Optimizing Syst… §3.2 Design
NB-HPN-1413-q3,14,corpus_doc_0160,paper_0160,2.6,Related Work,32,0.731622,Chapter 2 SmartNICs: The Next Leap in Ne… §2.6 Related Work
NB-HPN-1413-q3,15,corpus_doc_1413,paper_1413,,Abstract,0,0.647050,An RDMA-First Object Storage System with… §Abstract
NB-HPN-1413-q3,16,corpus_doc_1413,paper_1413,5,Discussion,8,0.578321,An RDMA-First Object Storage System with… §5 Discussion
NB-HPN-1413-q3,17,corpus_doc_1413,paper_1413,6,Related Work,9,0.316666,An RDMA-First Object Storage System with… §6 Related Work
NB-HPN-1413-q3,18,corpus_doc_1413,paper_1413,7,Conclusion,10,0.166608,An RDMA-First Object Storage System with… §7 Conclusion
NB-HPN-1413-q3,19,corpus_doc_2041,paper_2041,51,References,1,0.079536,and Scuola Superiore Sant Anna Master De… §51 References
NB-HPN-1413-q3,20,corpus_doc_0033,paper_0033,5,Experimental,10,0.066413,In-Network Memory Access: Bridging Smart… §5 Experimental
NB-HPN-1331-q0,1,corpus_doc_1331,paper_1331,1,Introduction,2,0.929339,H-TCP: TCP for high-speed and long-dista… §1 Introduction
NB-HPN-1331-q0,2,corpus_doc_1331,paper_1331,1,Introduction,3,0.903408,H-TCP: TCP for high-speed and long-dista… §1 Introduction
NB-HPN-1331-q0,3,corpus_doc_1331,paper_1331,1,Introduction,5,0.864863,H-TCP: TCP for high-speed and long-dista… §1 Introduction
NB-HPN-1331-q0,4,corpus_doc_1331,paper_1331,1,Introduction,1,0.708999,H-TCP: TCP for high-speed and long-dista… §1 Introduction
NB-HPN-1331-q0,5,corpus_doc_1903,paper_1903,I,Introduction,2,0.702554,1 Alleviating Congestion via Switch Desi… §I Introduction
NB-HPN-1331-q0,6,corpus_doc_0156,paper_0156,1,Introduction,1,0.697292,Don t Hate the Player Hate the Game: Saf… §1 Introduction
NB-HPN-1331-q0,7,corpus_doc_1539,paper_1539,I,Introduction,2,0.677907,1 FairQ: Fair and Fast Rate Allocation i… §I Introduction
NB-HPN-1331-q0,8,corpus_doc_1331,paper_1331,1,Introduction,6,0.563653,H-TCP: TCP for high-speed and long-dista… §1 Introduction
NB-HPN-1331-q0,9,corpus_doc_1702,paper_1702,III,Comparative Testing,3,0.535535,IEEE/ACM TRANSACTIONS ON NETWORKING VOL.… §III Comparative Testing
NB-HPN-1331-q0,10,corpus_doc_2329,paper_2329,3.6,Experimental,1,0.521192,Updating the Theory of Buffer Sizing BRU… §3.6 Experimental
NB-HPN-1331-q0,11,corpus_doc_0252,paper_0252,4,Design,3,0.489305,TCP/IPoDWDM: A Case for Adaptive Congest… §4 Design
NB-HPN-1331-q0,12,corpus_doc_1414,paper_1414,III,Comparative Testing,3,0.453398,1 Experimental Evaluation of TCP Protoco… §III Comparative Testing
NB-HPN-1331-q0,13,corpus_doc_1278,paper_1278,3,Analysis,5,0.414236,The Nucleus 58 No. 1-4 2021 1-8 www.then… §3 Analysis
NB-HPN-1331-q0,14,corpus_doc_1438,paper_1438,,,3,0.378939,Online Optimization of File Transfers in… §
NB-HPN-1331-q0,15,corpus_doc_1665,paper_1665,I,Introduction,1,0.313148,arXiv:2505.07741v1 cs. NI 12 May 2025 BB… §I Introduction
NB-HPN-1331-q0,16,corpus_doc_1278,paper_1278,3,Analysis,2,0.295682,The Nucleus 58 No. 1-4 2021 1-8 www.then… §3 Analysis
NB-HPN-1331-q0,17,corpus_doc_2028,paper_2028,III,Structural Properties,4,0.081383,1 Multipath TCP: Analysis Design and Imp… §III Structural Properties
NB-HPN-1331-q0,18,corpus_doc_1648,paper_1648,IX,Lgcc Algorithm And Implementation,20,0.026534,IEEE/ACM TRANSACTIONS ON NETWORKING 1 LG… §IX Lgcc Algorithm And Implementation
NB-HPN-1331-q0,19,corpus_doc_0732,paper_0732,6,Conclusion,65,0.018585,Flow Consolidation for Congestion Contro… §6 Conclusion
NB-HPN-1331-q0,20,corpus_doc_1910,paper_1910,IV,System Modeling And Stability,8,0.010784,IEEE/ACM TRANSACTIONS ON NETWORKING 1 En… §IV System Modeling And Stability
NB-HPN-1680-q1,1,corpus_doc_0574,paper_0574,I,Paramers Setting Summary,9,0.754959,1 Improved Utility-based Congestion Cont… §I Paramers Setting Summary
NB-HPN-1680-q1,2,corpus_doc_2050,paper_2050,1,Introduction,6,0.726641,Uno: A One-Stop Solution for Inter- and … §1 Introduction
NB-HPN-1680-q1,3,corpus_doc_1204,paper_1204,2,Background,3,0.722960,. . Latest updates: h ps://dl.acm.org/do… §2 Background
NB-HPN-1680-q1,4,corpus_doc_0893,paper_0893,I,Introduction,1,0.700884,Improving Throughput and Maintaining Fai… §I Introduction
NB-HPN-1680-q1,5,corpus_doc_0536,paper_0536,1.0,Introduction,1,0.694303,1 The End-to-End Performance Effects of … §1.0 Introduction
NB-HPN-1680-q1,6,corpus_doc_1021,paper_1021,II,Problem Statement,2,0.682244,eprints whiterose.ac.uk Universities of … §II Problem Statement
NB-HPN-1680-q1,7,corpus_doc_1152,paper_1152,3,Analysis,7,0.653440,TCP Behavior of a Busy Internet Server: … §3 Analysis
NB-HPN-1680-q1,8,corpus_doc_0765,paper_0765,III,Related Work,3,0.644633,Improving Throughput and Maintaining Fai… §III Related Work
NB-HPN-1680-q1,9,corpus_doc_1701,paper_1701,VII,Network Performance,12,0.638823,Received May 14 2021 accepted May 27 202… §VII Network Performance
NB-HPN-1680-q1,10,corpus_doc_0484,paper_0484,3.2.1,Design,13,0.604377,CONGESTION CONTROL MECHANISMS FOR INTER-… §3.2.1 Design
NB-HPN-1680-q1,11,corpus_doc_0249,paper_0249,VI,Application To Ecn,10,0.599000,HAL Id: hal-03480222 Submitted on 14 Dec… §VI Application To Ecn
NB-HPN-1680-q1,12,corpus_doc_1803,paper_1803,3,Analysis,7,0.595602,TCP Behavior of a Busy Intemet Server: A… §3 Analysis
NB-HPN-1680-q1,13,corpus_doc_0932,paper_0932,1,Introduction,1,0.579704,This paper is included in the Proceeding… §1 Introduction
NB-HPN-1680-q1,14,corpus_doc_0536,paper_0536,1.0,Introduction,3,0.572031,1 The End-to-End Performance Effects of … §1.0 Introduction
NB-HPN-1680-q1,15,corpus_doc_2329,paper_2329,3.6,Experimental,5,0.403886,Updating the Theory of Buffer Sizing BRU… §3.6 Experimental
NB-HPN-1680-q1,16,corpus_doc_0536,paper_0536,1.0,Introduction,4,0.315210,1 The End-to-End Performance Effects of … §1.0 Introduction
NB-HPN-1680-q1,17,corpus_doc_0314,paper_0314,8,Conclusion,1,0.305436,The Macroscopic Beha vior of the TCP Con… §8 Conclusion
NB-HPN-1680-q1,18,corpus_doc_0623,paper_0623,,,12,0.260471,On Dynamics of TransportP rotocols Over … §
NB-HPN-1680-q1,19,corpus_doc_1025,paper_1025,,Abstract,0,0.188592,No Signal to Rule Them All: A Systematic… §Abstract
NB-HPN-1680-q1,20,corpus_doc_0536,paper_0536,,Abstract,0,0.070141,1 The End-to-End Performance Effects of … §Abstract
NB-HPN-2153-q1,1,corpus_doc_2153,paper_2153,I,Introduction,1,0.995498,1 Utility Fair Rate Allocation in LTE/80… §I Introduction
NB-HPN-2153-q1,2,corpus_doc_1675,paper_1675,VIII,Related Work,14,0.945308,1 ORLA/OLAA: Orthogonal Coexistence of L… §VIII Related Work
NB-HPN-2153-q1,3,corpus_doc_2153,paper_2153,II,Phy,10,0.944585,1 Utility Fair Rate Allocation in LTE/80… §II Phy
NB-HPN-2153-q1,4,corpus_doc_2153,paper_2153,II,Related Work,6,0.927973,1 Utility Fair Rate Allocation in LTE/80… §II Related Work
NB-HPN-2153-q1,5,corpus_doc_2153,paper_2153,VII,Summary And Conclusion,14,0.926680,1 Utility Fair Rate Allocation in LTE/80… §VII Summary And Conclusion
NB-HPN-2153-q1,6,corpus_doc_2153,paper_2153,II,Phy,13,0.924275,1 Utility Fair Rate Allocation in LTE/80… §II Phy
NB-HPN-2153-q1,7,corpus_doc_2153,paper_2153,II,Related Work,5,0.877587,1 Utility Fair Rate Allocation in LTE/80… §II Related Work
NB-HPN-2153-q1,8,corpus_doc_2153,paper_2153,II,Related Work,2,0.872163,1 Utility Fair Rate Allocation in LTE/80… §II Related Work
NB-HPN-2153-q1,9,corpus_doc_0200,paper_0200,IV,Fair Coexistence,9,0.824287,arXiv:1605.00409v1 cs. NI 2 May 2016 1 F… §IV Fair Coexistence
NB-HPN-2153-q1,10,corpus_doc_2153,paper_2153,II,Phy,12,0.789201,1 Utility Fair Rate Allocation in LTE/80… §II Phy
NB-HPN-2153-q1,11,corpus_doc_0200,paper_0200,I,Introduction,1,0.657806,arXiv:1605.00409v1 cs. NI 2 May 2016 1 F… §I Introduction
NB-HPN-2153-q1,12,corpus_doc_2153,paper_2153,,Abstract,0,0.599268,1 Utility Fair Rate Allocation in LTE/80… §Abstract
NB-HPN-2153-q1,13,corpus_doc_0200,paper_0200,II,Related Work,2,0.547496,arXiv:1605.00409v1 cs. NI 2 May 2016 1 F… §II Related Work
NB-HPN-2153-q1,14,corpus_doc_0200,paper_0200,V,Networks With Amixture Of Unsaturated And,13,0.525773,arXiv:1605.00409v1 cs. NI 2 May 2016 1 F… §V Networks With Amixture Of Unsaturated And
NB-HPN-2153-q1,15,corpus_doc_2153,paper_2153,II,Related Work,3,0.497347,1 Utility Fair Rate Allocation in LTE/80… §II Related Work
NB-HPN-2153-q1,16,corpus_doc_0200,paper_0200,VIII,Final Remarks,18,0.428422,arXiv:1605.00409v1 cs. NI 2 May 2016 1 F… §VIII Final Remarks
NB-HPN-2153-q1,17,corpus_doc_0200,paper_0200,IV,Fair Coexistence,10,0.274656,arXiv:1605.00409v1 cs. NI 2 May 2016 1 F… §IV Fair Coexistence
NB-HPN-2153-q1,18,corpus_doc_1880,paper_1880,2,Overview,5,0.237568,Vol:. 1234567890 Journal of Network and … §2 Overview
NB-HPN-2153-q1,19,corpus_doc_0200,paper_0200,,Abstract,0,0.158618,arXiv:1605.00409v1 cs. NI 2 May 2016 1 F… §Abstract
NB-HPN-2153-q1,20,corpus_doc_2153,paper_2153,V,Motivating Example Revisited,9,0.116307,1 Utility Fair Rate Allocation in LTE/80… §V Motivating Example Revisited
NB-HPN-1927-q0,1,corpus_doc_1438,paper_1438,,,3,0.994020,Online Optimization of File Transfers in… §
NB-HPN-1927-q0,2,corpus_doc_1927,paper_1927,III,Motiv Ation,4,0.993494,IEEE TRANSACTIONS ON PARALLEL AND DISTRI… §III Motiv Ation
NB-HPN-1927-q0,3,corpus_doc_1438,paper_1438,,,2,0.987757,Online Optimization of File Transfers in… §
NB-HPN-1927-q0,4,corpus_doc_1438,paper_1438,,,5,0.981088,Online Optimization of File Transfers in… §
NB-HPN-1927-q0,5,corpus_doc_1438,paper_1438,,,4,0.979272,Online Optimization of File Transfers in… §
NB-HPN-1927-q0,6,corpus_doc_1927,paper_1927,III,Motiv Ation,7,0.974137,IEEE TRANSACTIONS ON PARALLEL AND DISTRI… §III Motiv Ation
NB-HPN-1927-q0,7,corpus_doc_1438,paper_1438,,Abstract,0,0.957559,Online Optimization of File Transfers in… §Abstract
NB-HPN-1927-q0,8,corpus_doc_1927,paper_1927,I,Introduction T He,2,0.956768,IEEE TRANSACTIONS ON PARALLEL AND DISTRI… §I Introduction T He
NB-HPN-1927-q0,9,corpus_doc_1927,paper_1927,III,Motiv Ation,5,0.950061,IEEE TRANSACTIONS ON PARALLEL AND DISTRI… §III Motiv Ation
NB-HPN-1927-q0,10,corpus_doc_1927,paper_1927,III,Motiv Ation,6,0.949312,IEEE TRANSACTIONS ON PARALLEL AND DISTRI… §III Motiv Ation
NB-HPN-1927-q0,11,corpus_doc_1927,paper_1927,V,E Va L U At I,10,0.935057,IEEE TRANSACTIONS ON PARALLEL AND DISTRI… §V E Va L U At I
NB-HPN-1927-q0,12,corpus_doc_2153,paper_2153,II,Related Work,2,0.885804,1 Utility Fair Rate Allocation in LTE/80… §II Related Work
NB-HPN-1927-q0,13,corpus_doc_0660,paper_0660,II,Background A,3,0.814040,IEEE/ACM TRANSACTIONS ON NETWOR KING VOL… §II Background A
NB-HPN-1927-q0,14,corpus_doc_1743,paper_1743,,,3,0.785197,MIT Open Access Articles NUMFabric: Fast… §
NB-HPN-1927-q0,15,corpus_doc_0660,paper_0660,V,Interpretation With Respect To Traffic Theory,11,0.736195,IEEE/ACM TRANSACTIONS ON NETWOR KING VOL… §V Interpretation With Respect To Traffic Theory
NB-HPN-1927-q0,16,corpus_doc_1446,paper_1446,IV,From Offline To Online Scheduling,9,0.608256,HAL Id: hal-04632942 Submitted on 3 Jul … §IV From Offline To Online Scheduling
NB-HPN-1927-q0,17,corpus_doc_1800,paper_1800,2,Related Work,5,0.411442,TSINGHUA SCIENCE AND TECHNOLOGY ISSNll10… §2 Related Work
NB-HPN-1927-q0,18,corpus_doc_2153,paper_2153,VII,Summary And Conclusion,14,0.320123,1 Utility Fair Rate Allocation in LTE/80… §VII Summary And Conclusion
NB-HPN-1927-q0,19,corpus_doc_2153,paper_2153,II,Related Work,6,0.316896,1 Utility Fair Rate Allocation in LTE/80… §II Related Work
NB-HPN-1927-q0,20,corpus_doc_2153,paper_2153,,Abstract,0,0.054285,1 Utility Fair Rate Allocation in LTE/80… §Abstract
NB-HPN-2351-q1,1,corpus_doc_2351,paper_2351,2,Related Work,4,0.955335,High Performance Reliable File Transfers… §2 Related Work
NB-HPN-2351-q1,2,corpus_doc_2351,paper_2351,1,Introduction,1,0.906253,High Performance Reliable File Transfers… §1 Introduction
NB-HPN-2351-q1,3,corpus_doc_0819,paper_0819,2,Related Work,3,0.869726,1 The Globus Striped GridFTP Framework a… §2 Related Work
NB-HPN-2351-q1,4,corpus_doc_0536,paper_0536,1.0,Introduction,1,0.854198,1 The End-to-End Performance Effects of … §1.0 Introduction
NB-HPN-2351-q1,5,corpus_doc_2342,paper_2342,4.3,Performance,8,0.740783,Journal Pre-proof Moving small files in … §4.3 Performance
NB-HPN-2351-q1,6,corpus_doc_1974,paper_1974,2,Related Work,4,0.715575,Using Overlays For Ef cient Data Transfe… §2 Related Work
NB-HPN-2351-q1,7,corpus_doc_1438,paper_1438,,,9,0.710062,Online Optimization of File Transfers in… §
NB-HPN-2351-q1,8,corpus_doc_2351,paper_2351,2,Related Work,5,0.596766,High Performance Reliable File Transfers… §2 Related Work
NB-HPN-2351-q1,9,corpus_doc_2370,paper_2370,,,5,0.595784,Explaining Wide Area Data Transfer Perfo… §
NB-HPN-2351-q1,10,corpus_doc_2166,paper_2166,1.1,Motivation,3,0.548095,See discussions stats and author profile… §1.1 Motivation
NB-HPN-2351-q1,11,corpus_doc_0616,paper_0616,II,Motiv Ation,2,0.544891,HARP: Predictive Transfer Optimization B… §II Motiv Ation
NB-HPN-2351-q1,12,corpus_doc_2370,paper_2370,,,12,0.498620,Explaining Wide Area Data Transfer Perfo… §
NB-HPN-2351-q1,13,corpus_doc_2342,paper_2342,1,Introduction,2,0.497799,Journal Pre-proof Moving small files in … §1 Introduction
NB-HPN-2351-q1,14,corpus_doc_2351,paper_2351,6,Conclusions,7,0.486512,High Performance Reliable File Transfers… §6 Conclusions
NB-HPN-2351-q1,15,corpus_doc_0444,paper_0444,1,Introduction,1,0.412491,Big Data Transfer Optimization Through A… §1 Introduction
NB-HPN-2351-q1,16,corpus_doc_1654,paper_1654,II,Problemformula Tion,2,0.397335,Big Data Transfer Optimization Based on … §II Problemformula Tion
NB-HPN-2351-q1,17,corpus_doc_1927,paper_1927,III,Motiv Ation,5,0.339658,IEEE TRANSACTIONS ON PARALLEL AND DISTRI… §III Motiv Ation
NB-HPN-2351-q1,18,corpus_doc_1985,paper_1985,2,Background,3,0.326883,Stork Data Scheduler: Mitigating the Dat… §2 Background
NB-HPN-2351-q1,19,corpus_doc_1927,paper_1927,V,E Va L U At I,12,0.264571,IEEE TRANSACTIONS ON PARALLEL AND DISTRI… §V E Va L U At I
NB-HPN-2351-q1,20,corpus_doc_0587,paper_0587,2,Motivation,3,0.143523,Toward a Smart Data Transfer Node Zhengc… §2 Motivation
NB-HPN-0819-q0,1,corpus_doc_0819,paper_0819,2,Related Work,2,0.981328,1 The Globus Striped GridFTP Framework a… §2 Related Work
NB-HPN-0819-q0,2,corpus_doc_0819,paper_0819,2,Related Work,3,0.801407,1 The Globus Striped GridFTP Framework a… §2 Related Work
NB-HPN-0819-q0,3,corpus_doc_1974,paper_1974,1,Introduction,1,0.684813,Using Overlays For Ef cient Data Transfe… §1 Introduction
NB-HPN-0819-q0,4,corpus_doc_1974,paper_1974,2,Related Work,3,0.544112,Using Overlays For Ef cient Data Transfe… §2 Related Work
NB-HPN-0819-q0,5,corpus_doc_0186,paper_0186,1,Introduction,1,0.405636,ACCL+: an FPGA-Based Collective Engine f… §1 Introduction
NB-HPN-0819-q0,6,corpus_doc_2280,paper_2280,2,Background,2,0.378850,Preprint April 7 2026 This is a preprint… §2 Background
NB-HPN-0819-q0,7,corpus_doc_1695,paper_1695,1.1,Motivation,2,0.364147,Applied Techniques for High Bandwidth Da… §1.1 Motivation
NB-HPN-0819-q0,8,corpus_doc_0819,paper_0819,1,Introduction,1,0.313757,1 The Globus Striped GridFTP Framework a… §1 Introduction
NB-HPN-0819-q0,9,corpus_doc_2041,paper_2041,51,References,14,0.311329,and Scuola Superiore Sant Anna Master De… §51 References
NB-HPN-0819-q0,10,corpus_doc_2280,paper_2280,1,Introduction,0,0.243336,Preprint April 7 2026 This is a preprint… §1 Introduction
NB-HPN-0819-q0,11,corpus_doc_0819,paper_0819,,Abstract,0,0.211135,1 The Globus Striped GridFTP Framework a… §Abstract
NB-HPN-0819-q0,12,corpus_doc_0186,paper_0186,3,Related Work,4,0.166528,ACCL+: an FPGA-Based Collective Engine f… §3 Related Work
NB-HPN-0819-q0,13,corpus_doc_2297,paper_2297,I,Introduction,1,0.128146,IOrchestrator: Improving the Performance… §I Introduction
NB-HPN-0819-q0,14,corpus_doc_0819,paper_0819,6,Experimental,7,0.077130,1 The Globus Striped GridFTP Framework a… §6 Experimental
NB-HPN-0819-q0,15,corpus_doc_0820,paper_0820,96,System,6,0.053078,978-1-4244-1694-3/08/$25.00 2008 IEEE Pe… §96 System
NB-HPN-0819-q0,16,corpus_doc_1657,paper_1657,III,Pipelining Da Ta Transfer And End,3,0.034988,2016 IEEE International Conference on Bi… §III Pipelining Da Ta Transfer And End
NB-HPN-0819-q0,17,corpus_doc_1695,paper_1695,1.0,Introduction,1,0.026037,Applied Techniques for High Bandwidth Da… §1.0 Introduction
NB-HPN-0819-q0,18,corpus_doc_2351,paper_2351,1,Introduction,1,0.012479,High Performance Reliable File Transfers… §1 Introduction
NB-HPN-0819-q0,19,corpus_doc_1927,paper_1927,V,E Va L U At I,12,0.003536,IEEE TRANSACTIONS ON PARALLEL AND DISTRI… §V E Va L U At I
NB-HPN-0819-q0,20,corpus_doc_1550,paper_1550,3,Design,11,0.001571,. . Latest updates: h ps://dl.acm.org/do… §3 Design
NB-HPN-1927-q2,1,corpus_doc_1927,paper_1927,I,Introduction T He,1,0.987455,IEEE TRANSACTIONS ON PARALLEL AND DISTRI… §I Introduction T He
NB-HPN-1927-q2,2,corpus_doc_1985,paper_1985,2,Background,5,0.982100,Stork Data Scheduler: Mitigating the Dat… §2 Background
NB-HPN-1927-q2,3,corpus_doc_1211,paper_1211,III,Parallelism And Concurrency,5,0.979675,Modeling and Optimizing Large-Scale Wide… §III Parallelism And Concurrency
NB-HPN-1927-q2,4,corpus_doc_0382,paper_0382,,Abstract,0,0.974803,Use Only What You Need: Judicious Parall… §Abstract
NB-HPN-1927-q2,5,corpus_doc_1438,paper_1438,,,1,0.974712,Online Optimization of File Transfers in… §
NB-HPN-1927-q2,6,corpus_doc_1183,paper_1183,III,Experimental Results,7,0.967427,Energy-Aware Data Transfer Tuning Ismail… §III Experimental Results
NB-HPN-1927-q2,7,corpus_doc_1985,paper_1985,2,Background,4,0.964495,Stork Data Scheduler: Mitigating the Dat… §2 Background
NB-HPN-1927-q2,8,corpus_doc_1438,paper_1438,,,9,0.960910,Online Optimization of File Transfers in… §
NB-HPN-1927-q2,9,corpus_doc_1163,paper_1163,III,Parallelism And Concurrency,5,0.955542,Modeling and Optimizing Large-Scale Wide… §III Parallelism And Concurrency
NB-HPN-1927-q2,10,corpus_doc_1927,paper_1927,V,E Va L U At I,11,0.933743,IEEE TRANSACTIONS ON PARALLEL AND DISTRI… §V E Va L U At I
NB-HPN-1927-q2,11,corpus_doc_0616,paper_0616,II,Motiv Ation,2,0.896186,HARP: Predictive Transfer Optimization B… §II Motiv Ation
NB-HPN-1927-q2,12,corpus_doc_1927,paper_1927,III,Motiv Ation,5,0.891201,IEEE TRANSACTIONS ON PARALLEL AND DISTRI… §III Motiv Ation
NB-HPN-1927-q2,13,corpus_doc_1887,paper_1887,,,6,0.867406,Energy-Aware Data Transfer Algorithms Is… §
NB-HPN-1927-q2,14,corpus_doc_0444,paper_0444,2,Related Work,3,0.858132,Big Data Transfer Optimization Through A… §2 Related Work
NB-HPN-1927-q2,15,corpus_doc_2370,paper_2370,,,5,0.819891,Explaining Wide Area Data Transfer Perfo… §
NB-HPN-1927-q2,16,corpus_doc_1927,paper_1927,III,Motiv Ation,7,0.813586,IEEE TRANSACTIONS ON PARALLEL AND DISTRI… §III Motiv Ation
NB-HPN-1927-q2,17,corpus_doc_1654,paper_1654,II,Problemformula Tion,2,0.780594,Big Data Transfer Optimization Based on … §II Problemformula Tion
NB-HPN-1927-q2,18,corpus_doc_1927,paper_1927,V,E Va L U At I,12,0.779237,IEEE TRANSACTIONS ON PARALLEL AND DISTRI… §V E Va L U At I
NB-HPN-1927-q2,19,corpus_doc_1438,paper_1438,,,10,0.651929,Online Optimization of File Transfers in… §
NB-HPN-1927-q2,20,corpus_doc_0382,paper_0382,4.3,System,3,0.355224,Use Only What You Need: Judicious Parall… §4.3 System
NB-HPN-1303-q2,1,corpus_doc_1303,paper_1303,II,Target System And Methodology,4,0.941537,Understanding and Improving Computationa… §II Target System And Methodology
NB-HPN-1303-q2,2,corpus_doc_1303,paper_1303,IV,Storage Utilization,9,0.880858,Understanding and Improving Computationa… §IV Storage Utilization
NB-HPN-1303-q2,3,corpus_doc_1303,paper_1303,IV,Storage Utilization,10,0.867972,Understanding and Improving Computationa… §IV Storage Utilization
NB-HPN-1303-q2,4,corpus_doc_1303,paper_1303,VIII,Conclusions,16,0.854839,Understanding and Improving Computationa… §VIII Conclusions
NB-HPN-1303-q2,5,corpus_doc_1303,paper_1303,II,Target System And Methodology,2,0.854328,Understanding and Improving Computationa… §II Target System And Methodology
NB-HPN-1303-q2,6,corpus_doc_1303,paper_1303,IV,Storage Utilization,11,0.828181,Understanding and Improving Computationa… §IV Storage Utilization
NB-HPN-1303-q2,7,corpus_doc_1303,paper_1303,IV,Storage Utilization,13,0.760920,Understanding and Improving Computationa… §IV Storage Utilization
NB-HPN-1303-q2,8,corpus_doc_1303,paper_1303,II,Target System And Methodology,3,0.753447,Understanding and Improving Computationa… §II Target System And Methodology
NB-HPN-1303-q2,9,corpus_doc_1303,paper_1303,IV,Storage Utilization,7,0.700171,Understanding and Improving Computationa… §IV Storage Utilization
NB-HPN-1303-q2,10,corpus_doc_1650,paper_1650,3.1,Overview,9,0.663566,HPC Global File System Performance Analy… §3.1 Overview
NB-HPN-1303-q2,11,corpus_doc_1969,paper_1969,II,Rela Ted Work,3,0.579600,ARGONNE NATIONAL LABORATORY 9700 South C… §II Rela Ted Work
NB-HPN-1303-q2,12,corpus_doc_2331,paper_2331,III,Background,3,0.510626,24/7 Characterization of Petascale I/O W… §III Background
NB-HPN-1303-q2,13,corpus_doc_1322,paper_1322,4.3,Experimental,40,0.493966,POUR L'OBTENTION DU GRADE DE DOCTEUR S S… §4.3 Experimental
NB-HPN-1303-q2,14,corpus_doc_0046,paper_0046,III,Performance Ensembles,8,0.454528,Parallel I/O Performance: From Events to… §III Performance Ensembles
NB-HPN-1303-q2,15,corpus_doc_1303,paper_1303,IV,Storage Utilization,12,0.433839,Understanding and Improving Computationa… §IV Storage Utilization
NB-HPN-1303-q2,16,corpus_doc_1650,paper_1650,3.1,Overview,15,0.433152,HPC Global File System Performance Analy… §3.1 Overview
NB-HPN-1303-q2,17,corpus_doc_1650,paper_1650,3.1,Overview,16,0.261928,HPC Global File System Performance Analy… §3.1 Overview
NB-HPN-1303-q2,18,corpus_doc_0555,paper_0555,,,9,0.053653,Network-Aware End-to-End Data Throughput… §
NB-HPN-1303-q2,19,corpus_doc_0187,paper_0187,7.1,Experiment,16,0.048851,Brain-on-Switch: Towards Advanced Intell… §7.1 Experiment
NB-HPN-1303-q2,20,corpus_doc_0555,paper_0555,,,3,0.022970,Network-Aware End-to-End Data Throughput… §
NB-HPN-1116-q0,1,corpus_doc_0819,paper_0819,6,Experimental,6,0.979665,1 The Globus Striped GridFTP Framework a… §6 Experimental
NB-HPN-1116-q0,2,corpus_doc_1116,paper_1116,,Abstract,0,0.964119,Balancing TCP Buffer vs Parallel Streams… §Abstract
NB-HPN-1116-q0,3,corpus_doc_0915,paper_0915,7,Experimental,14,0.924081,DotDFS: A Grid - based high - throughput… §7 Experimental
NB-HPN-1116-q0,4,corpus_doc_1803,paper_1803,1,Introduction,1,0.913121,TCP Behavior of a Busy Intemet Server: A… §1 Introduction
NB-HPN-1116-q0,5,corpus_doc_1695,paper_1695,1.1,Motivation,2,0.908315,Applied Techniques for High Bandwidth Da… §1.1 Motivation
NB-HPN-1116-q0,6,corpus_doc_1152,paper_1152,1,Introduction,1,0.895103,TCP Behavior of a Busy Internet Server: … §1 Introduction
NB-HPN-1116-q0,7,corpus_doc_2152,paper_2152,,Abstract,0,0.854720,See discussions stats and author profile… §Abstract
NB-HPN-1116-q0,8,corpus_doc_0763,paper_0763,3.2,Implementation,19,0.852561,NAIST-IS-DD1561026 Doctoral Dissertation… §3.2 Implementation
NB-HPN-1116-q0,9,corpus_doc_0387,paper_0387,I,Introduction Transmission,1,0.832002,On Parameter Tuning of Data Transfer Pro… §I Introduction Transmission
NB-HPN-1116-q0,10,corpus_doc_0763,paper_0763,2,Background,11,0.798093,NAIST-IS-DD1561026 Doctoral Dissertation… §2 Background
NB-HPN-1116-q0,11,corpus_doc_0763,paper_0763,2,Background,10,0.792748,NAIST-IS-DD1561026 Doctoral Dissertation… §2 Background
NB-HPN-1116-q0,12,corpus_doc_1116,paper_1116,4,Performance,1,0.734889,Balancing TCP Buffer vs Parallel Streams… §4 Performance
NB-HPN-1116-q0,13,corpus_doc_1354,paper_1354,2,Related Work,2,0.728184,Dynamic Adaptation of Parallelism Level … §2 Related Work
NB-HPN-1116-q0,14,corpus_doc_1116,paper_1116,4,Performance,8,0.603090,Balancing TCP Buffer vs Parallel Streams… §4 Performance
NB-HPN-1116-q0,15,corpus_doc_0484,paper_0484,4.2,Performance,3,0.596042,CONGESTION CONTROL MECHANISMS FOR INTER-… §4.2 Performance
NB-HPN-1116-q0,16,corpus_doc_1931,paper_1931,6.3.1,Motivation,78,0.477275,Dynamic Tuning of Parallel/Distributed A… §6.3.1 Motivation
NB-HPN-1116-q0,17,corpus_doc_1695,paper_1695,1.1,Motivation,3,0.472862,Applied Techniques for High Bandwidth Da… §1.1 Motivation
NB-HPN-1116-q0,18,corpus_doc_1116,paper_1116,4,Performance,9,0.386446,Balancing TCP Buffer vs Parallel Streams… §4 Performance
NB-HPN-1116-q0,19,corpus_doc_2279,paper_2279,V,Genomic Computing,20,0.264085,1 §V Genomic Computing
NB-HPN-1116-q0,20,corpus_doc_1116,paper_1116,4,Performance,10,0.039493,Balancing TCP Buffer vs Parallel Streams… §4 Performance
NB-HPN-2166-q0,1,corpus_doc_0893,paper_0893,I,Introduction,0,0.994247,Improving Throughput and Maintaining Fai… §I Introduction
NB-HPN-2166-q0,2,corpus_doc_0765,paper_0765,II,Background,2,0.987330,Improving Throughput and Maintaining Fai… §II Background
NB-HPN-2166-q0,3,corpus_doc_1116,paper_1116,4,Performance,1,0.984920,Balancing TCP Buffer vs Parallel Streams… §4 Performance
NB-HPN-2166-q0,4,corpus_doc_2152,paper_2152,,Abstract,0,0.975592,See discussions stats and author profile… §Abstract
NB-HPN-2166-q0,5,corpus_doc_0817,paper_0817,I,Introduction,2,0.962633,Parallel TCP Sockets: Simple Model Throu… §I Introduction
NB-HPN-2166-q0,6,corpus_doc_0536,paper_0536,1.0,Introduction,1,0.961683,1 The End-to-End Performance Effects of … §1.0 Introduction
NB-HPN-2166-q0,7,corpus_doc_0197,paper_0197,,Abstract,0,0.957870,Congestion Control for High Bandwidth-De… §Abstract
NB-HPN-2166-q0,8,corpus_doc_1116,paper_1116,4,Performance,2,0.955692,Balancing TCP Buffer vs Parallel Streams… §4 Performance
NB-HPN-2166-q0,9,corpus_doc_1931,paper_1931,6.3.1,Motivation,78,0.955552,Dynamic Tuning of Parallel/Distributed A… §6.3.1 Motivation
NB-HPN-2166-q0,10,corpus_doc_0763,paper_0763,2,Background,10,0.954333,NAIST-IS-DD1561026 Doctoral Dissertation… §2 Background
NB-HPN-2166-q0,11,corpus_doc_0765,paper_0765,I,Introduction,1,0.943782,Improving Throughput and Maintaining Fai… §I Introduction
NB-HPN-2166-q0,12,corpus_doc_1702,paper_1702,V,Results,10,0.927030,IEEE/ACM TRANSACTIONS ON NETWORKING VOL.… §V Results
NB-HPN-2166-q0,13,corpus_doc_0600,paper_0600,,,2,0.922220,PSockets: The Case for Application-level… §
NB-HPN-2166-q0,14,corpus_doc_1354,paper_1354,2,Related Work,2,0.918105,Dynamic Adaptation of Parallelism Level … §2 Related Work
NB-HPN-2166-q0,15,corpus_doc_1695,paper_1695,1.1,Motivation,3,0.905136,Applied Techniques for High Bandwidth Da… §1.1 Motivation
NB-HPN-2166-q0,16,corpus_doc_1702,paper_1702,I,Introduction T He Tcp,1,0.865370,IEEE/ACM TRANSACTIONS ON NETWORKING VOL.… §I Introduction T He Tcp
NB-HPN-2166-q0,17,corpus_doc_0169,paper_0169,5.2,Experimental,12,0.849601,End-to-End Available Bandwidth: Measurem… §5.2 Experimental
NB-HPN-2166-q0,18,corpus_doc_1414,paper_1414,I,Introduction,1,0.847021,1 Experimental Evaluation of TCP Protoco… §I Introduction
NB-HPN-2166-q0,19,corpus_doc_0536,paper_0536,,Abstract,0,0.745683,1 The End-to-End Performance Effects of … §Abstract
NB-HPN-2166-q0,20,corpus_doc_2166,paper_2166,1.1,Motivation,3,0.697387,See discussions stats and author profile… §1.1 Motivation
NB-HPN-1183-q3,1,corpus_doc_1927,paper_1927,II,Rela Tedwork,3,0.974264,IEEE TRANSACTIONS ON PARALLEL AND DISTRI… §II Rela Tedwork
NB-HPN-1183-q3,2,corpus_doc_1695,paper_1695,1.1,Motivation,2,0.934446,Applied Techniques for High Bandwidth Da… §1.1 Motivation
NB-HPN-1183-q3,3,corpus_doc_2166,paper_2166,1.1,Motivation,2,0.914877,See discussions stats and author profile… §1.1 Motivation
NB-HPN-1183-q3,4,corpus_doc_2115,paper_2115,I,Introduction,1,0.912981,Improving Data Transfer Throughput with … §I Introduction
NB-HPN-1183-q3,5,corpus_doc_1183,paper_1183,III,Experimental Results,6,0.909834,Energy-Aware Data Transfer Tuning Ismail… §III Experimental Results
NB-HPN-1183-q3,6,corpus_doc_0724,paper_0724,I,Introduction,1,0.890971,Improving Data Transfer Throughput with … §I Introduction
NB-HPN-1183-q3,7,corpus_doc_1116,paper_1116,4,Performance,1,0.863339,Balancing TCP Buffer vs Parallel Streams… §4 Performance
NB-HPN-1183-q3,8,corpus_doc_2152,paper_2152,,Abstract,0,0.858820,See discussions stats and author profile… §Abstract
NB-HPN-1183-q3,9,corpus_doc_1028,paper_1028,,,2,0.719843,Time Series Analysis for Efficient Sampl… §
NB-HPN-1183-q3,10,corpus_doc_1097,paper_1097,VII,Rela Ted Work,10,0.715789,Data transfer between scienti c faciliti… §VII Rela Ted Work
NB-HPN-1183-q3,11,corpus_doc_1695,paper_1695,1.1,Motivation,3,0.694908,Applied Techniques for High Bandwidth Da… §1.1 Motivation
NB-HPN-1183-q3,12,corpus_doc_0763,paper_0763,2,Background,11,0.615915,NAIST-IS-DD1561026 Doctoral Dissertation… §2 Background
NB-HPN-1183-q3,13,corpus_doc_2166,paper_2166,1.1,Motivation,3,0.581919,See discussions stats and author profile… §1.1 Motivation
NB-HPN-1183-q3,14,corpus_doc_1729,paper_1729,,,1,0.512273,Hysteresis-based Optimization of Data Tr… §
NB-HPN-1183-q3,15,corpus_doc_1654,paper_1654,II,Problemformula Tion,2,0.505301,Big Data Transfer Optimization Based on … §II Problemformula Tion
NB-HPN-1183-q3,16,corpus_doc_1616,paper_1616,II,Problem Formulation,2,0.498764,2017 IEEE International Conference on Bi… §II Problem Formulation
NB-HPN-1183-q3,17,corpus_doc_1211,paper_1211,VI,Related Work,12,0.477953,Modeling and Optimizing Large-Scale Wide… §VI Related Work
NB-HPN-1183-q3,18,corpus_doc_1163,paper_1163,VI,Related Work,12,0.437381,Modeling and Optimizing Large-Scale Wide… §VI Related Work
NB-HPN-1183-q3,19,corpus_doc_0819,paper_0819,2,Related Work,3,0.428808,1 The Globus Striped GridFTP Framework a… §2 Related Work
NB-HPN-1183-q3,20,corpus_doc_0433,paper_0433,I,Introduction,1,0.072840,1 LSQ: Load Balancing in Large-Scale Het… §I Introduction
NB-HPN-0348-q1,1,corpus_doc_1898,paper_1898,II,Related Work,2,0.942738,Early Experiences Co-Scheduling Work and… §II Related Work
NB-HPN-0348-q1,2,corpus_doc_1772,paper_1772,1,Introduction,1,0.908207,Translational Research in the MPICH Proj… §1 Introduction
NB-HPN-0348-q1,3,corpus_doc_1493,paper_1493,9,Overview,15,0.877093,The ExaNeSt Prototype: Evaluation of Eff… §9 Overview
NB-HPN-0348-q1,4,corpus_doc_0934,paper_0934,3,Analysis,16,0.851021,Vol:. 1234567890 The Journal of Supercom… §3 Analysis
NB-HPN-0348-q1,5,corpus_doc_0934,paper_0934,3,Analysis,13,0.831809,Vol:. 1234567890 The Journal of Supercom… §3 Analysis
NB-HPN-0348-q1,6,corpus_doc_0440,paper_0440,1,Introduction,8,0.798465,0 Hierarchy-Aware Message-Passing in the… §1 Introduction
NB-HPN-0348-q1,7,corpus_doc_1898,paper_1898,IV,Performance Evaluation A,9,0.770284,Early Experiences Co-Scheduling Work and… §IV Performance Evaluation A
NB-HPN-0348-q1,8,corpus_doc_0440,paper_0440,1,Introduction,4,0.761109,0 Hierarchy-Aware Message-Passing in the… §1 Introduction
NB-HPN-0348-q1,9,corpus_doc_0186,paper_0186,3,Related Work,4,0.714440,ACCL+: an FPGA-Based Collective Engine f… §3 Related Work
NB-HPN-0348-q1,10,corpus_doc_0440,paper_0440,1,Introduction,13,0.707801,0 Hierarchy-Aware Message-Passing in the… §1 Introduction
NB-HPN-0348-q1,11,corpus_doc_1592,paper_1592,I,Introduction,1,0.659892,A Survey of Potential MPI Complex Collec… §I Introduction
NB-HPN-0348-q1,12,corpus_doc_1817,paper_1817,,,1,0.637849,arXiv:2001.07747v2 cs. DC 30 Jun 2020 En… §
NB-HPN-0348-q1,13,corpus_doc_2319,paper_2319,4.1,Motivation,16,0.597421,ADVERTIMENT . La consulta d aquesta tesi… §4.1 Motivation
NB-HPN-0348-q1,14,corpus_doc_0046,paper_0046,III,Performance Ensembles,8,0.574748,Parallel I/O Performance: From Events to… §III Performance Ensembles
NB-HPN-0348-q1,15,corpus_doc_0440,paper_0440,1,Introduction,12,0.574295,0 Hierarchy-Aware Message-Passing in the… §1 Introduction
NB-HPN-0348-q1,16,corpus_doc_0440,paper_0440,7,References,19,0.517181,0 Hierarchy-Aware Message-Passing in the… §7 References
NB-HPN-0348-q1,17,corpus_doc_0934,paper_0934,3,Analysis,12,0.501210,Vol:. 1234567890 The Journal of Supercom… §3 Analysis
NB-HPN-0348-q1,18,corpus_doc_0440,paper_0440,1,Introduction,11,0.494564,0 Hierarchy-Aware Message-Passing in the… §1 Introduction
NB-HPN-0348-q1,19,corpus_doc_1817,paper_1817,,,12,0.480976,arXiv:2001.07747v2 cs. DC 30 Jun 2020 En… §
NB-HPN-0348-q1,20,corpus_doc_1817,paper_1817,,,13,0.329633,arXiv:2001.07747v2 cs. DC 30 Jun 2020 En… §
NB-HPN-0104-q2,1,corpus_doc_0104,paper_0104,V,Deploying Rl-Cc,7,0.980282,Implementing Reinforcement Learning Data… §V Deploying Rl-Cc
NB-HPN-0104-q2,2,corpus_doc_0104,paper_0104,I,Introduction,0,0.976931,Implementing Reinforcement Learning Data… §I Introduction
NB-HPN-0104-q2,3,corpus_doc_0104,paper_0104,V,Deploying Rl-Cc,6,0.976518,Implementing Reinforcement Learning Data… §V Deploying Rl-Cc
NB-HPN-0104-q2,4,corpus_doc_0104,paper_0104,VII,Conclusion And Future Directions,11,0.950532,Implementing Reinforcement Learning Data… §VII Conclusion And Future Directions
NB-HPN-0104-q2,5,corpus_doc_0104,paper_0104,II,Background And Problem Setup,2,0.788784,Implementing Reinforcement Learning Data… §II Background And Problem Setup
NB-HPN-0104-q2,6,corpus_doc_1872,paper_1872,7.5,Evaluation,10,0.704364,. . Latest updates: h ps://dl.acm.org/do… §7.5 Evaluation
NB-HPN-0104-q2,7,corpus_doc_0625,paper_0625,2.1,Background,5,0.608816,. . Latest updates: h ps://dl.acm.org/do… §2.1 Background
NB-HPN-0104-q2,8,corpus_doc_0342,paper_0342,VII,Simulations,18,0.590719,When Machine Learning Meets Congestion C… §VII Simulations
NB-HPN-0104-q2,9,corpus_doc_2217,paper_2217,,Abstract,0,0.580612,Toward Fair and Efficient Congestion Con… §Abstract
NB-HPN-0104-q2,10,corpus_doc_1621,paper_1621,VI,Related Work,11,0.565501,Simpson K. A. and Pezaros D. P. 2022 Rev… §VI Related Work
NB-HPN-0104-q2,11,corpus_doc_1872,paper_1872,,Abstract,0,0.534661,. . Latest updates: h ps://dl.acm.org/do… §Abstract
NB-HPN-0104-q2,12,corpus_doc_1610,paper_1610,7.2,Experiment,11,0.507271,Towards Practical and Usable In-network … §7.2 Experiment
NB-HPN-0104-q2,13,corpus_doc_0764,paper_0764,2.3,Design,10,0.484322,Multi-Objective Congestion Control Yiqin… §2.3 Design
NB-HPN-0104-q2,14,corpus_doc_1872,paper_1872,7.5,Evaluation,11,0.463508,. . Latest updates: h ps://dl.acm.org/do… §7.5 Evaluation
NB-HPN-0104-q2,15,corpus_doc_0104,paper_0104,III,Rl For Cc,4,0.290952,Implementing Reinforcement Learning Data… §III Rl For Cc
NB-HPN-0104-q2,16,corpus_doc_1872,paper_1872,3.1,Overview,5,0.147380,. . Latest updates: h ps://dl.acm.org/do… §3.1 Overview
NB-HPN-0104-q2,17,corpus_doc_1308,paper_1308,2,Background,4,0.136966,. . Latest updates: h ps://dl.acm.org/do… §2 Background
NB-HPN-0104-q2,18,corpus_doc_2217,paper_2217,3.1,Background,4,0.116630,Toward Fair and Efficient Congestion Con… §3.1 Background
NB-HPN-0104-q2,19,corpus_doc_0364,paper_0364,,Abstract,0,0.037565,DACC: Data Augmentation for Learning-bas… §Abstract
NB-HPN-0104-q2,20,corpus_doc_0342,paper_0342,IX,Conclusion,20,0.008014,When Machine Learning Meets Congestion C… §IX Conclusion
NB-HPN-0824-q0,1,corpus_doc_0824,paper_0824,,Abstract,0,0.940692,. . Latest updates: h ps://dl.acm.org/do… §Abstract
NB-HPN-0824-q0,2,corpus_doc_0824,paper_0824,6.1,Performance,5,0.852952,. . Latest updates: h ps://dl.acm.org/do… §6.1 Performance
NB-HPN-0824-q0,3,corpus_doc_1081,paper_1081,6,Evaluation,16,0.837685,. . Latest updates: h ps://dl.acm.org/do… §6 Evaluation
NB-HPN-0824-q0,4,corpus_doc_2353,paper_2353,1,Introduction,1,0.742833,OPTINIC: A Resilient and Tail-Optimal RD… §1 Introduction
NB-HPN-0824-q0,5,corpus_doc_0824,paper_0824,6.1,Performance,2,0.702872,. . Latest updates: h ps://dl.acm.org/do… §6.1 Performance
NB-HPN-0824-q0,6,corpus_doc_1661,paper_1661,III,Problem And Motivation,7,0.633083,1 T-RACKs: A Faster Recovery Mechanism f… §III Problem And Motivation
NB-HPN-0824-q0,7,corpus_doc_2353,paper_2353,2,Background,4,0.447137,OPTINIC: A Resilient and Tail-Optimal RD… §2 Background
NB-HPN-0824-q0,8,corpus_doc_0159,paper_0159,3,Evaluation,1,0.368164,arXiv:2506.08132v1 cs. NI 9 Jun 2025 Pre… §3 Evaluation
NB-HPN-0824-q0,9,corpus_doc_1081,paper_1081,6,Evaluation,17,0.285408,. . Latest updates: h ps://dl.acm.org/do… §6 Evaluation
NB-HPN-0824-q0,10,corpus_doc_1275,paper_1275,II,Related Work,2,0.239475,Network Coding for Critical Infrastructu… §II Related Work
NB-HPN-0824-q0,11,corpus_doc_2353,paper_2353,3,Design,5,0.157798,OPTINIC: A Resilient and Tail-Optimal RD… §3 Design
NB-HPN-0824-q0,12,corpus_doc_1661,paper_1661,III,Problem And Motivation,11,0.137532,1 T-RACKs: A Faster Recovery Mechanism f… §III Problem And Motivation
NB-HPN-0824-q0,13,corpus_doc_2306,paper_2306,2,Motivation,2,0.128937,PL2: Towards Predictable Low Latency in … §2 Motivation
NB-HPN-0824-q0,14,corpus_doc_0457,paper_0457,,Abstract,0,0.049985,1074 IEEE/ACM TRANSACTIONS ON NETWORKING… §Abstract
NB-HPN-0824-q0,15,corpus_doc_1661,paper_1661,,Abstract,0,0.037508,1 T-RACKs: A Faster Recovery Mechanism f… §Abstract
NB-HPN-0824-q0,16,corpus_doc_2306,paper_2306,3,Related Work,7,0.029525,PL2: Towards Predictable Low Latency in … §3 Related Work
NB-HPN-0824-q0,17,corpus_doc_0457,paper_0457,VII,Conclusion And Future Work,17,0.026793,1074 IEEE/ACM TRANSACTIONS ON NETWORKING… §VII Conclusion And Future Work
NB-HPN-0824-q0,18,corpus_doc_1661,paper_1661,I,Introduction,2,0.013116,1 T-RACKs: A Faster Recovery Mechanism f… §I Introduction
NB-HPN-0824-q0,19,corpus_doc_1661,paper_1661,III,Problem And Motivation,4,0.012489,1 T-RACKs: A Faster Recovery Mechanism f… §III Problem And Motivation
NB-HPN-0824-q0,20,corpus_doc_1661,paper_1661,VII,Conclusion And Future Work,19,0.012254,1 T-RACKs: A Faster Recovery Mechanism f… §VII Conclusion And Future Work
NB-HPN-1594-q0,1,corpus_doc_1594,paper_1594,II,Related Work,2,0.953160,arXiv:1804.04921v2 cs. NI 14 Dec 2018 1 … §II Related Work
NB-HPN-1594-q0,2,corpus_doc_1594,paper_1594,II,Related Work,3,0.940277,arXiv:1804.04921v2 cs. NI 14 Dec 2018 1 … §II Related Work
NB-HPN-1594-q0,3,corpus_doc_1594,paper_1594,II,Related Work,10,0.919750,arXiv:1804.04921v2 cs. NI 14 Dec 2018 1 … §II Related Work
NB-HPN-1594-q0,4,corpus_doc_1594,paper_1594,I,Introduction,1,0.849455,arXiv:1804.04921v2 cs. NI 14 Dec 2018 1 … §I Introduction
NB-HPN-1594-q0,5,corpus_doc_2041,paper_2041,51,References,16,0.754820,and Scuola Superiore Sant Anna Master De… §51 References
NB-HPN-1594-q0,6,corpus_doc_1594,paper_1594,II,Related Work,4,0.717863,arXiv:1804.04921v2 cs. NI 14 Dec 2018 1 … §II Related Work
NB-HPN-1594-q0,7,corpus_doc_1594,paper_1594,,Abstract,0,0.536469,arXiv:1804.04921v2 cs. NI 14 Dec 2018 1 … §Abstract
NB-HPN-1594-q0,8,corpus_doc_1114,paper_1114,II,Forward Erasure Correction,2,0.496836,QUIC-FEC: Bringing the bene ts of Forwar… §II Forward Erasure Correction
NB-HPN-1594-q0,9,corpus_doc_1275,paper_1275,VI,Evaluation,6,0.477992,Network Coding for Critical Infrastructu… §VI Evaluation
NB-HPN-1594-q0,10,corpus_doc_2125,paper_2125,II,Raptor Qencoding And Decoding,4,0.351508,ACCEPTED FOR PUBLICATION AT IEEE/ACM TRA… §II Raptor Qencoding And Decoding
NB-HPN-1594-q0,11,corpus_doc_1250,paper_1250,1,Introduction,8,0.339435,. . Latest updates: h ps://dl.acm.org/do… §1 Introduction
NB-HPN-1594-q0,12,corpus_doc_1594,paper_1594,II,Related Work,11,0.283976,arXiv:1804.04921v2 cs. NI 14 Dec 2018 1 … §II Related Work
NB-HPN-1594-q0,13,corpus_doc_1594,paper_1594,VI,Conclusions,16,0.132189,arXiv:1804.04921v2 cs. NI 14 Dec 2018 1 … §VI Conclusions
NB-HPN-1594-q0,14,corpus_doc_2125,paper_2125,II,Raptor Qencoding And Decoding,3,0.131040,ACCEPTED FOR PUBLICATION AT IEEE/ACM TRA… §II Raptor Qencoding And Decoding
NB-HPN-1594-q0,15,corpus_doc_2041,paper_2041,51,References,13,0.129581,and Scuola Superiore Sant Anna Master De… §51 References
NB-HPN-1594-q0,16,corpus_doc_1685,paper_1685,III,Problem Formulation And Preliminaries,4,0.079200,arXiv:1907.06801v2 cs. IT 18 Jun 2020 1 … §III Problem Formulation And Preliminaries
NB-HPN-1594-q0,17,corpus_doc_0957,paper_0957,,,8,0.025212,PINT : Probabilistic In-band Network Tel… §
NB-HPN-1594-q0,18,corpus_doc_1314,paper_1314,IV,Read Algorithms,8,0.018426,1 Coding for Improved Throughput Perform… §IV Read Algorithms
NB-HPN-1594-q0,19,corpus_doc_1685,paper_1685,II,Background Related Work And Summary Of,3,0.012347,arXiv:1907.06801v2 cs. IT 18 Jun 2020 1 … §II Background Related Work And Summary Of
NB-HPN-1594-q0,20,corpus_doc_1685,paper_1685,VI,Simulation Results And Comparisons With Prior,15,0.008447,arXiv:1907.06801v2 cs. IT 18 Jun 2020 1 … §VI Simulation Results And Comparisons With Prior
NB-HPN-0885-q1,1,corpus_doc_0885,paper_0885,1,Introduction,1,0.995191,TSINGHUA SCIENCE AND TECHNOLOGY IS SNll1… §1 Introduction
NB-HPN-0885-q1,2,corpus_doc_0885,paper_0885,5,Performance,10,0.989064,TSINGHUA SCIENCE AND TECHNOLOGY IS SNll1… §5 Performance
NB-HPN-0885-q1,3,corpus_doc_0885,paper_0885,5,Performance,9,0.978625,TSINGHUA SCIENCE AND TECHNOLOGY IS SNll1… §5 Performance
NB-HPN-0885-q1,4,corpus_doc_2171,paper_2171,V,Orca Implementation And Evaluation Setup,15,0.967467,ORCA: A Network and Architecture Co-desi… §V Orca Implementation And Evaluation Setup
NB-HPN-0885-q1,5,corpus_doc_0533,paper_0533,8,Evaluation,16,0.930224,DSig: Breaking the Barrier of Signatures… §8 Evaluation
NB-HPN-0885-q1,6,corpus_doc_1485,paper_1485,2,Background,4,0.910448,Research Society and Development v. 11 n… §2 Background
NB-HPN-0885-q1,7,corpus_doc_1263,paper_1263,3.1,Implementation,1,0.902384,This is the published version of a paper… §3.1 Implementation
NB-HPN-0885-q1,8,corpus_doc_0867,paper_0867,3.1,Architecture,6,0.858397,User Space Network Drivers Paul Emmerich… §3.1 Architecture
NB-HPN-0885-q1,9,corpus_doc_1955,paper_1955,3,Related Work,4,0.857769,Takeaways from an Experimental Evaluatio… §3 Related Work
NB-HPN-0885-q1,10,corpus_doc_2068,paper_2068,2,Background,3,0.802841,Parallel Architectures for Large - Scale… §2 Background
NB-HPN-0885-q1,11,corpus_doc_0885,paper_0885,5,Performance,11,0.790160,TSINGHUA SCIENCE AND TECHNOLOGY IS SNll1… §5 Performance
NB-HPN-0885-q1,12,corpus_doc_1911,paper_1911,4.1,Experiment,10,0.763352,Laconic: Streamlined Load Balancers for … §4.1 Experiment
NB-HPN-0885-q1,13,corpus_doc_1864,paper_1864,3.4.3,Results,13,0.714314,PRIORITISING INTERACTIVE FLOWS IN DATA C… §3.4.3 Results
NB-HPN-0885-q1,14,corpus_doc_1398,paper_1398,5,Evaluation,11,0.630410,Protected Data Plane OS Using Memory Pro… §5 Evaluation
NB-HPN-0885-q1,15,corpus_doc_0463,paper_0463,5,Evaluation,10,0.546376,Journal of Information Processing Vol.30… §5 Evaluation
NB-HPN-0885-q1,16,corpus_doc_0640,paper_0640,6.1,Methodology,3,0.438618,. . Latest updates: h ps://dl.acm.org/do… §6.1 Methodology
NB-HPN-0885-q1,17,corpus_doc_0667,paper_0667,3.3,Results,47,0.369534,CERN-THESIS-2017-132 28/04/2017 Software… §3.3 Results
NB-HPN-0885-q1,18,corpus_doc_0153,paper_0153,1,Performance,17,0.361976,TYPE Original Research PUBLISHED 17 Sept… §1 Performance
NB-HPN-0885-q1,19,corpus_doc_0885,paper_0885,,Abstract,0,0.155406,TSINGHUA SCIENCE AND TECHNOLOGY IS SNll1… §Abstract
NB-HPN-0885-q1,20,corpus_doc_0637,paper_0637,,,9,0.056603,Memento: Making Sliding Windows Efficien… §
NB-HPN-2151-q1,1,corpus_doc_2151,paper_2151,2023,Evaluation,2,0.910003,Towards a Real-Time IoT: Approaches for … §2023 Evaluation
NB-HPN-2151-q1,2,corpus_doc_2151,paper_2151,5.2,Overview,8,0.905294,Towards a Real-Time IoT: Approaches for … §5.2 Overview
NB-HPN-2151-q1,3,corpus_doc_2151,paper_2151,3,Related Work,5,0.891451,Towards a Real-Time IoT: Approaches for … §3 Related Work
NB-HPN-2151-q1,4,corpus_doc_2151,paper_2151,5.2,Overview,9,0.843456,Towards a Real-Time IoT: Approaches for … §5.2 Overview
NB-HPN-2151-q1,5,corpus_doc_2151,paper_2151,10,Conclusion,23,0.791926,Towards a Real-Time IoT: Approaches for … §10 Conclusion
NB-HPN-2151-q1,6,corpus_doc_2151,paper_2151,,Abstract,0,0.709421,Towards a Real-Time IoT: Approaches for … §Abstract
NB-HPN-2151-q1,7,corpus_doc_2151,paper_2151,6.4,Experiment,14,0.704610,Towards a Real-Time IoT: Approaches for … §6.4 Experiment
NB-HPN-2151-q1,8,corpus_doc_2301,paper_2301,1,Introduction,6,0.673238,Toward integrating software defined netw… §1 Introduction
NB-HPN-2151-q1,9,corpus_doc_0749,paper_0749,I,Introduction,1,0.554992,Synecdoche: Efficient and Accurate In-Ne… §I Introduction
NB-HPN-2151-q1,10,corpus_doc_2079,paper_2079,5,Evaluation,9,0.532911,This paper is included in the Proceeding… §5 Evaluation
NB-HPN-2151-q1,11,corpus_doc_0502,paper_0502,2,Background,2,0.517217,Virtuoso: High Resource Utilization and … §2 Background
NB-HPN-2151-q1,12,corpus_doc_0451,paper_0451,I,Introduction Ecause,1,0.478608,1 > REPLACE THIS LINE WITH YOUR MANUSCRI… §I Introduction Ecause
NB-HPN-2151-q1,13,corpus_doc_2151,paper_2151,5.2,Overview,10,0.471127,Towards a Real-Time IoT: Approaches for … §5.2 Overview
NB-HPN-2151-q1,14,corpus_doc_2151,paper_2151,9.2,Overview,22,0.350241,Towards a Real-Time IoT: Approaches for … §9.2 Overview
NB-HPN-2151-q1,15,corpus_doc_0528,paper_0528,1,Introduction,1,0.267435,Error Detection and Error Classification… §1 Introduction
NB-HPN-2151-q1,16,corpus_doc_1880,paper_1880,5.2,Discussion,10,0.245094,Vol:. 1234567890 Journal of Network and … §5.2 Discussion
NB-HPN-2151-q1,17,corpus_doc_2079,paper_2079,2,Background,3,0.195829,This paper is included in the Proceeding… §2 Background
NB-HPN-2151-q1,18,corpus_doc_0957,paper_0957,,,1,0.103882,PINT : Probabilistic In-band Network Tel… §
NB-HPN-2151-q1,19,corpus_doc_0939,paper_0939,5,Discussion,23,0.079546,Intelligent Adaptive Service Grid Archit… §5 Discussion
NB-HPN-2151-q1,20,corpus_doc_2151,paper_2151,6.3,Experiment,13,0.012223,Towards a Real-Time IoT: Approaches for … §6.3 Experiment
NB-HPN-1054-q0,1,corpus_doc_1054,paper_1054,1,Introduction,2,0.985937,SFC: Near-Source Congestion Signaling an… §1 Introduction
NB-HPN-1054-q0,2,corpus_doc_1054,paper_1054,1,Introduction,1,0.985810,SFC: Near-Source Congestion Signaling an… §1 Introduction
NB-HPN-1054-q0,3,corpus_doc_1054,paper_1054,1,Introduction,3,0.974744,SFC: Near-Source Congestion Signaling an… §1 Introduction
NB-HPN-1054-q0,4,corpus_doc_1054,paper_1054,1,Introduction,5,0.956314,SFC: Near-Source Congestion Signaling an… §1 Introduction
NB-HPN-1054-q0,5,corpus_doc_1054,paper_1054,6,Conclusion,17,0.928684,SFC: Near-Source Congestion Signaling an… §6 Conclusion
NB-HPN-1054-q0,6,corpus_doc_1054,paper_1054,1,Introduction,4,0.926114,SFC: Near-Source Congestion Signaling an… §1 Introduction
NB-HPN-1054-q0,7,corpus_doc_1054,paper_1054,5.3.1,Performance,14,0.925251,SFC: Near-Source Congestion Signaling an… §5.3.1 Performance
NB-HPN-1054-q0,8,corpus_doc_1054,paper_1054,1,Introduction,6,0.925170,SFC: Near-Source Congestion Signaling an… §1 Introduction
NB-HPN-1054-q0,9,corpus_doc_1054,paper_1054,1,Introduction,7,0.921531,SFC: Near-Source Congestion Signaling an… §1 Introduction
NB-HPN-1054-q0,10,corpus_doc_1054,paper_1054,1,Introduction,8,0.908904,SFC: Near-Source Congestion Signaling an… §1 Introduction
NB-HPN-1054-q0,11,corpus_doc_1054,paper_1054,,Abstract,0,0.886055,SFC: Near-Source Congestion Signaling an… §Abstract
NB-HPN-1054-q0,12,corpus_doc_0754,paper_0754,2,Background,4,0.880040,This paper is included in the Proceeding… §2 Background
NB-HPN-1054-q0,13,corpus_doc_1054,paper_1054,4,System,9,0.861867,SFC: Near-Source Congestion Signaling an… §4 System
NB-HPN-1054-q0,14,corpus_doc_1054,paper_1054,5.2,System,12,0.772817,SFC: Near-Source Congestion Signaling an… §5.2 System
NB-HPN-1054-q0,15,corpus_doc_1054,paper_1054,5.3.1,Performance,16,0.769249,SFC: Near-Source Congestion Signaling an… §5.3.1 Performance
NB-HPN-1054-q0,16,corpus_doc_1563,paper_1563,1,Introduction,3,0.738790,Computer Networks 216 2022 109227 Availa… §1 Introduction
NB-HPN-1054-q0,17,corpus_doc_1054,paper_1054,5.2,System,13,0.721845,SFC: Near-Source Congestion Signaling an… §5.2 System
NB-HPN-1054-q0,18,corpus_doc_1563,paper_1563,1,Introduction,1,0.607058,Computer Networks 216 2022 109227 Availa… §1 Introduction
NB-HPN-1054-q0,19,corpus_doc_1563,paper_1563,1,Introduction,2,0.465699,Computer Networks 216 2022 109227 Availa… §1 Introduction
NB-HPN-1054-q0,20,corpus_doc_1054,paper_1054,5,Evaluation,10,0.194630,SFC: Near-Source Congestion Signaling an… §5 Evaluation
NB-HPN-0412-q1,1,corpus_doc_0185,paper_0185,2,Related Work,3,0.966476,Dynamic Protocol Tuning Algorithms for H… §2 Related Work
NB-HPN-0412-q1,2,corpus_doc_1080,paper_1080,II,Answers To Formidable Questions,2,0.955434,How GridFTP Pipelining Parallelism and C… §II Answers To Formidable Questions
NB-HPN-0412-q1,3,corpus_doc_1080,paper_1080,II,Answers To Formidable Questions,3,0.951940,How GridFTP Pipelining Parallelism and C… §II Answers To Formidable Questions
NB-HPN-0412-q1,4,corpus_doc_1080,paper_1080,IV,Proposed Algorithms,8,0.902216,How GridFTP Pipelining Parallelism and C… §IV Proposed Algorithms
NB-HPN-0412-q1,5,corpus_doc_1080,paper_1080,II,Answers To Formidable Questions,4,0.875860,How GridFTP Pipelining Parallelism and C… §II Answers To Formidable Questions
NB-HPN-0412-q1,6,corpus_doc_0185,paper_0185,2,Related Work,2,0.823518,Dynamic Protocol Tuning Algorithms for H… §2 Related Work
NB-HPN-0412-q1,7,corpus_doc_1919,paper_1919,,Abstract,0,0.803267,1 Application-Level Optimization of Big … §Abstract
NB-HPN-0412-q1,8,corpus_doc_1080,paper_1080,IV,Proposed Algorithms,9,0.801657,How GridFTP Pipelining Parallelism and C… §IV Proposed Algorithms
NB-HPN-0412-q1,9,corpus_doc_1887,paper_1887,,,3,0.758904,Energy-Aware Data Transfer Algorithms Is… §
NB-HPN-0412-q1,10,corpus_doc_0444,paper_0444,2,Related Work,4,0.750606,Big Data Transfer Optimization Through A… §2 Related Work
NB-HPN-0412-q1,11,corpus_doc_0616,paper_0616,III,Overview Of Harp Harp,4,0.708872,HARP: Predictive Transfer Optimization B… §III Overview Of Harp Harp
NB-HPN-0412-q1,12,corpus_doc_2283,paper_2283,III,Overview Of Harp Harp,7,0.683320,HARP: Predictive Transfer Optimization B… §III Overview Of Harp Harp
NB-HPN-0412-q1,13,corpus_doc_0839,paper_0839,,,5,0.581932,F e B R u A RY 2 0 1 2 V o L . 5 5 N o. … §
NB-HPN-0412-q1,14,corpus_doc_1080,paper_1080,III,Rules Of Thumb,7,0.550928,How GridFTP Pipelining Parallelism and C… §III Rules Of Thumb
NB-HPN-0412-q1,15,corpus_doc_0444,paper_0444,2,Related Work,3,0.482648,Big Data Transfer Optimization Through A… §2 Related Work
NB-HPN-0412-q1,16,corpus_doc_1657,paper_1657,III,Pipelining Da Ta Transfer And End,3,0.477966,2016 IEEE International Conference on Bi… §III Pipelining Da Ta Transfer And End
NB-HPN-0412-q1,17,corpus_doc_2342,paper_2342,2.2,Motivation,7,0.418859,Journal Pre-proof Moving small files in … §2.2 Motivation
NB-HPN-0412-q1,18,corpus_doc_1897,paper_1897,1,Introduction,3,0.296213,Future Generation Computer Systems 29 20… §1 Introduction
NB-HPN-0412-q1,19,corpus_doc_1919,paper_1919,18,Experimental,1,0.193994,1 Application-Level Optimization of Big … §18 Experimental
NB-HPN-0412-q1,20,corpus_doc_2007,paper_2007,,,11,0.013716,. . Latest updates: h ps://dl.acm.org/do… §
NB-HPN-1242-q1,1,corpus_doc_0876,paper_0876,,,0,0.985323,International Journal of Computer Networ… §
NB-HPN-1242-q1,2,corpus_doc_2339,paper_2339,II,Data Centre Communica Tion And Incast,3,0.981169,eprints whiterose.ac.uk Universities of … §II Data Centre Communica Tion And Incast
NB-HPN-1242-q1,3,corpus_doc_1242,paper_1242,3,Analysis,4,0.977824,KSII TRANSACTIONS ON INTERNET AND INFORM… §3 Analysis
NB-HPN-1242-q1,4,corpus_doc_1304,paper_1304,1,Introduction,1,0.965379,KSII TRANSACTIONS ON INTERNET AND INFORM… §1 Introduction
NB-HPN-1242-q1,5,corpus_doc_0876,paper_0876,,,1,0.952635,International Journal of Computer Networ… §
NB-HPN-1242-q1,6,corpus_doc_1242,paper_1242,3,Analysis,3,0.926429,KSII TRANSACTIONS ON INTERNET AND INFORM… §3 Analysis
NB-HPN-1242-q1,7,corpus_doc_1903,paper_1903,I,Introduction,1,0.916136,1 Alleviating Congestion via Switch Desi… §I Introduction
NB-HPN-1242-q1,8,corpus_doc_0591,paper_0591,1,Introduction,1,0.898162,Copyright 2024 The Authors. Published by… §1 Introduction
NB-HPN-1242-q1,9,corpus_doc_1380,paper_1380,1,Introduction,1,0.870979,Improving dynamic congestion isolation i… §1 Introduction
NB-HPN-1242-q1,10,corpus_doc_0790,paper_0790,I,Introduction,1,0.862557,CASH: Class-aware AQM via in-Switch Hyst… §I Introduction
NB-HPN-1242-q1,11,corpus_doc_1910,paper_1910,III,T He Proposed Methodology,5,0.858941,IEEE/ACM TRANSACTIONS ON NETWORKING 1 En… §III T He Proposed Methodology
NB-HPN-1242-q1,12,corpus_doc_0840,paper_0840,I,Introduction,1,0.748326,Received February 27 2019 accepted Febru… §I Introduction
NB-HPN-1242-q1,13,corpus_doc_1661,paper_1661,III,Problem And Motivation,7,0.698026,1 T-RACKs: A Faster Recovery Mechanism f… §III Problem And Motivation
NB-HPN-1242-q1,14,corpus_doc_0457,paper_0457,II,Problem And Motiv Ation,5,0.659376,1074 IEEE/ACM TRANSACTIONS ON NETWORKING… §II Problem And Motiv Ation
NB-HPN-1242-q1,15,corpus_doc_1242,paper_1242,,Abstract,0,0.410964,KSII TRANSACTIONS ON INTERNET AND INFORM… §Abstract
NB-HPN-1242-q1,16,corpus_doc_0924,paper_0924,1,Introduction,1,0.361611,Occamy: A Preemptive Buffer Management f… §1 Introduction
NB-HPN-1242-q1,17,corpus_doc_1903,paper_1903,,Abstract,0,0.300292,1 Alleviating Congestion via Switch Desi… §Abstract
NB-HPN-1242-q1,18,corpus_doc_1376,paper_1376,4.2,Results,13,0.196418,Credence: Augmenting Datacenter Switch B… §4.2 Results
NB-HPN-1242-q1,19,corpus_doc_2262,paper_2262,,Abstract,0,0.162687,. . Latest updates: h ps://dl.acm.org/do… §Abstract
NB-HPN-1242-q1,20,corpus_doc_0790,paper_0790,II,Motivation,2,0.148727,CASH: Class-aware AQM via in-Switch Hyst… §II Motivation
NB-HPN-1887-q1,1,corpus_doc_1183,paper_1183,III,Experimental Results,6,0.959511,Energy-Aware Data Transfer Tuning Ismail… §III Experimental Results
NB-HPN-1887-q1,2,corpus_doc_1183,paper_1183,III,Experimental Results,7,0.951633,Energy-Aware Data Transfer Tuning Ismail… §III Experimental Results
NB-HPN-1887-q1,3,corpus_doc_1080,paper_1080,II,Answers To Formidable Questions,3,0.923495,How GridFTP Pipelining Parallelism and C… §II Answers To Formidable Questions
NB-HPN-1887-q1,4,corpus_doc_1887,paper_1887,,,6,0.865318,Energy-Aware Data Transfer Algorithms Is… §
NB-HPN-1887-q1,5,corpus_doc_1887,paper_1887,,,2,0.860289,Energy-Aware Data Transfer Algorithms Is… §
NB-HPN-1887-q1,6,corpus_doc_1080,paper_1080,II,Answers To Formidable Questions,2,0.826090,How GridFTP Pipelining Parallelism and C… §II Answers To Formidable Questions
NB-HPN-1887-q1,7,corpus_doc_1046,paper_1046,,,7,0.805282,1 High-Speed T ransfer Optimization Base… §
NB-HPN-1887-q1,8,corpus_doc_1887,paper_1887,,,1,0.779267,Energy-Aware Data Transfer Algorithms Is… §
NB-HPN-1887-q1,9,corpus_doc_1183,paper_1183,V,Conclusion,9,0.766222,Energy-Aware Data Transfer Tuning Ismail… §V Conclusion
NB-HPN-1887-q1,10,corpus_doc_1887,paper_1887,,,3,0.757359,Energy-Aware Data Transfer Algorithms Is… §
NB-HPN-1887-q1,11,corpus_doc_1438,paper_1438,,,10,0.736218,Online Optimization of File Transfers in… §
NB-HPN-1887-q1,12,corpus_doc_1887,paper_1887,,,9,0.702274,Energy-Aware Data Transfer Algorithms Is… §
NB-HPN-1887-q1,13,corpus_doc_1887,paper_1887,,,8,0.386308,Energy-Aware Data Transfer Algorithms Is… §
NB-HPN-1887-q1,14,corpus_doc_1046,paper_1046,,,8,0.291362,1 High-Speed T ransfer Optimization Base… §
NB-HPN-1887-q1,15,corpus_doc_0555,paper_0555,,,3,0.166005,Network-Aware End-to-End Data Throughput… §
NB-HPN-1887-q1,16,corpus_doc_1115,paper_1115,4,Evaluation,2,0.133319,Transitioning from file-based HPC workfl… §4 Evaluation
NB-HPN-1887-q1,17,corpus_doc_2007,paper_2007,,,10,0.121593,. . Latest updates: h ps://dl.acm.org/do… §
NB-HPN-1887-q1,18,corpus_doc_2209,paper_2209,5,Results,6,0.120197,See discussions stats and author profile… §5 Results
NB-HPN-1887-q1,19,corpus_doc_2280,paper_2280,19,Appendix,12,0.073759,Preprint April 7 2026 This is a preprint… §19 Appendix
NB-HPN-1887-q1,20,corpus_doc_0374,paper_0374,4.5.1,Results,17,0.005576,On the Power Saving in High-Speed Ethern… §4.5.1 Results
NB-HPN-1568-q1,1,corpus_doc_1568,paper_1568,V,Experimental Results,8,0.902742,CLARISSE: a middleware for data-staging … §V Experimental Results
NB-HPN-1568-q1,2,corpus_doc_0155,paper_0155,II,T He Problem And Setup,2,0.882016,Collective I/O tuning using analytical a… §II T He Problem And Setup
NB-HPN-1568-q1,3,corpus_doc_1568,paper_1568,IV,Clarisse Policies,5,0.838012,CLARISSE: a middleware for data-staging … §IV Clarisse Policies
NB-HPN-1568-q1,4,corpus_doc_0155,paper_0155,I,Introduction,1,0.832635,Collective I/O tuning using analytical a… §I Introduction
NB-HPN-1568-q1,5,corpus_doc_0155,paper_0155,V,Hybrid Modeling,6,0.812980,Collective I/O tuning using analytical a… §V Hybrid Modeling
NB-HPN-1568-q1,6,corpus_doc_1568,paper_1568,V,Experimental Results,9,0.739487,CLARISSE: a middleware for data-staging … §V Experimental Results
NB-HPN-1568-q1,7,corpus_doc_1568,paper_1568,I,Introduction,1,0.699704,CLARISSE: a middleware for data-staging … §I Introduction
NB-HPN-1568-q1,8,corpus_doc_1568,paper_1568,VII,Conclusions,12,0.696683,CLARISSE: a middleware for data-staging … §VII Conclusions
NB-HPN-1568-q1,9,corpus_doc_2297,paper_2297,II,Related Work,3,0.668029,IOrchestrator: Improving the Performance… §II Related Work
NB-HPN-1568-q1,10,corpus_doc_1932,paper_1932,2.2,System,8,0.640867,This is a repository copy of Parallel fi… §2.2 System
NB-HPN-1568-q1,11,corpus_doc_1932,paper_1932,2.2,System,1,0.609194,This is a repository copy of Parallel fi… §2.2 System
NB-HPN-1568-q1,12,corpus_doc_0046,paper_0046,III,Performance Ensembles,8,0.396154,Parallel I/O Performance: From Events to… §III Performance Ensembles
NB-HPN-1568-q1,13,corpus_doc_1932,paper_1932,2.2,System,6,0.393908,This is a repository copy of Parallel fi… §2.2 System
NB-HPN-1568-q1,14,corpus_doc_0155,paper_0155,V,Hybrid Modeling,8,0.383833,Collective I/O tuning using analytical a… §V Hybrid Modeling
NB-HPN-1568-q1,15,corpus_doc_0155,paper_0155,VIII,Conclusion,14,0.283022,Collective I/O tuning using analytical a… §VIII Conclusion
NB-HPN-1568-q1,16,corpus_doc_0046,paper_0046,III,Performance Ensembles,4,0.186062,Parallel I/O Performance: From Events to… §III Performance Ensembles
NB-HPN-1568-q1,17,corpus_doc_1568,paper_1568,III,Design And Implementa Tion,4,0.181642,CLARISSE: a middleware for data-staging … §III Design And Implementa Tion
NB-HPN-1568-q1,18,corpus_doc_1623,paper_1623,1,Introduction,6,0.094034,Journal of Physics: Conference Series OP… §1 Introduction
NB-HPN-1568-q1,19,corpus_doc_0113,paper_0113,II,Problem And Motiv Ation V,4,0.056805,Managing V ariability in the IO Performa… §II Problem And Motiv Ation V
NB-HPN-1568-q1,20,corpus_doc_0683,paper_0683,5.2,Analysis,2,0.036276,Dynamic Model-driven Parallel I/O Perfor… §5.2 Analysis
NB-HPN-2175-q3,1,corpus_doc_2175,paper_2175,1,Introduction,1,0.990071,Towards Stability Analysis of Data Trans… §1 Introduction
NB-HPN-2175-q3,2,corpus_doc_2175,paper_2175,4,Analysis,12,0.983969,Towards Stability Analysis of Data Trans… §4 Analysis
NB-HPN-2175-q3,3,corpus_doc_2175,paper_2175,4,Analysis,4,0.975213,Towards Stability Analysis of Data Trans… §4 Analysis
NB-HPN-2175-q3,4,corpus_doc_2175,paper_2175,2,Background,2,0.969061,Towards Stability Analysis of Data Trans… §2 Background
NB-HPN-2175-q3,5,corpus_doc_1665,paper_1665,I,Introduction,1,0.957086,arXiv:2505.07741v1 cs. NI 12 May 2025 BB… §I Introduction
NB-HPN-2175-q3,6,corpus_doc_0369,paper_0369,2,Motivation,4,0.911149,This paper is included in the Proceeding… §2 Motivation
NB-HPN-2175-q3,7,corpus_doc_1801,paper_1801,2,Motivation,4,0.905874,POWER TCP: Pushing the Performance Limit… §2 Motivation
NB-HPN-2175-q3,8,corpus_doc_2028,paper_2028,I,Introduction,1,0.886496,1 Multipath TCP: Analysis Design and Imp… §I Introduction
NB-HPN-2175-q3,9,corpus_doc_0623,paper_0623,,,5,0.873123,On Dynamics of TransportP rotocols Over … §
NB-HPN-2175-q3,10,corpus_doc_0369,paper_0369,2,Motivation,3,0.824982,This paper is included in the Proceeding… §2 Motivation
NB-HPN-2175-q3,11,corpus_doc_0730,paper_0730,1,Introduction,1,0.806370,This paper is included in the Proceeding… §1 Introduction
NB-HPN-2175-q3,12,corpus_doc_0369,paper_0369,1,Introduction,1,0.801861,This paper is included in the Proceeding… §1 Introduction
NB-HPN-2175-q3,13,corpus_doc_1779,paper_1779,1,Performance,2,0.787462,This paper is included in the Proceeding… §1 Performance
NB-HPN-2175-q3,14,corpus_doc_0623,paper_0623,,,12,0.753531,On Dynamics of TransportP rotocols Over … §
NB-HPN-2175-q3,15,corpus_doc_1801,paper_1801,2,Motivation,5,0.746590,POWER TCP: Pushing the Performance Limit… §2 Motivation
NB-HPN-2175-q3,16,corpus_doc_1801,paper_1801,2,Motivation,3,0.731057,POWER TCP: Pushing the Performance Limit… §2 Motivation
NB-HPN-2175-q3,17,corpus_doc_2175,paper_2175,,Abstract,0,0.603334,Towards Stability Analysis of Data Trans… §Abstract
NB-HPN-2175-q3,18,corpus_doc_0104,paper_0104,II,Background And Problem Setup,1,0.579924,Implementing Reinforcement Learning Data… §II Background And Problem Setup
NB-HPN-2175-q3,19,corpus_doc_1093,paper_1093,VIII,Appendix,10,0.565656,Accelerating End-host Congestion Respons… §VIII Appendix
NB-HPN-2175-q3,20,corpus_doc_0623,paper_0623,,,18,0.481361,On Dynamics of TransportP rotocols Over … §
NB-HPN-0476-q3,1,corpus_doc_0641,paper_0641,5.1,Methodology,7,0.961184,. . Latest updates: h ps://dl.acm.org/do… §5.1 Methodology
NB-HPN-0476-q3,2,corpus_doc_0476,paper_0476,I,Introduction,2,0.931171,Learning to Accelerate Traffic Allocatio… §I Introduction
NB-HPN-0476-q3,3,corpus_doc_0641,paper_0641,5.1,Methodology,8,0.815724,. . Latest updates: h ps://dl.acm.org/do… §5.1 Methodology
NB-HPN-0476-q3,4,corpus_doc_2070,paper_2070,,,5,0.784337,HAL Id: hal-04905667 Preprint submitted … §
NB-HPN-0476-q3,5,corpus_doc_0021,paper_0021,2,Motivation,4,0.741051,This paper is included in the Proceeding… §2 Motivation
NB-HPN-0476-q3,6,corpus_doc_1178,paper_1178,1,Architecture,5,0.740372,Generative Spatiotemporal Image Exploita… §1 Architecture
NB-HPN-0476-q3,7,corpus_doc_1960,paper_1960,1,Introduction,1,0.727170,D3: An Adaptive Reconfigurable Datacente… §1 Introduction
NB-HPN-0476-q3,8,corpus_doc_0641,paper_0641,5.1,Methodology,5,0.704492,. . Latest updates: h ps://dl.acm.org/do… §5.1 Methodology
NB-HPN-0476-q3,9,corpus_doc_0550,paper_0550,,,0,0.649790,Revolutionizing Datacenter Networks via … §
NB-HPN-0476-q3,10,corpus_doc_1520,paper_1520,,,1,0.566954,The Case for Model-Driven Interpretabili… §
NB-HPN-0476-q3,11,corpus_doc_1520,paper_1520,,,2,0.453576,The Case for Model-Driven Interpretabili… §
NB-HPN-0476-q3,12,corpus_doc_0228,paper_0228,I,Introduction Internet,1,0.357211,1 On User Availability Prediction and Ne… §I Introduction Internet
NB-HPN-0476-q3,13,corpus_doc_0550,paper_0550,,,7,0.300945,Revolutionizing Datacenter Networks via … §
NB-HPN-0476-q3,14,corpus_doc_0513,paper_0513,II,Related Work,2,0.195081,A Deep Reinforcement Learning Framework … §II Related Work
NB-HPN-0476-q3,15,corpus_doc_1990,paper_1990,X,Model Validation,17,0.172328,arXiv:1303.3796v1 cs. NI 15 Mar 2013 1 T… §X Model Validation
NB-HPN-0476-q3,16,corpus_doc_0169,paper_0169,5.2,Experimental,9,0.128183,End-to-End Available Bandwidth: Measurem… §5.2 Experimental
NB-HPN-0476-q3,17,corpus_doc_1990,paper_1990,VIII,General Network Model,12,0.121902,arXiv:1303.3796v1 cs. NI 15 Mar 2013 1 T… §VIII General Network Model
NB-HPN-0476-q3,18,corpus_doc_2020,paper_2020,6.1,Results,13,0.080213,On the Predictability of Large Transfer … §6.1 Results
NB-HPN-0476-q3,19,corpus_doc_0402,paper_0402,1,Introduction,10,0.047200,Heat-Di usion: Pareto Optimal Dynamic Ro… §1 Introduction
NB-HPN-0476-q3,20,corpus_doc_1520,paper_1520,,Abstract,0,0.017416,The Case for Model-Driven Interpretabili… §Abstract
NB-HPN-0094-q3,1,corpus_doc_0094,paper_0094,II,System Model,2,0.848094,Network Slicing for Edge-Cloud Orchestra… §II System Model
NB-HPN-0094-q3,2,corpus_doc_2076,paper_2076,I,Introduction And Background,1,0.842118,DRL for Network Slicing: Resource Effici… §I Introduction And Background
NB-HPN-0094-q3,3,corpus_doc_0094,paper_0094,III,Cost Function,4,0.751607,Network Slicing for Edge-Cloud Orchestra… §III Cost Function
NB-HPN-0094-q3,4,corpus_doc_0094,paper_0094,I,Introduction,1,0.749281,Network Slicing for Edge-Cloud Orchestra… §I Introduction
NB-HPN-0094-q3,5,corpus_doc_2002,paper_2002,II,Related Work,2,0.656934,A Hierarchical Optimization Framework Us… §II Related Work
NB-HPN-0094-q3,6,corpus_doc_1541,paper_1541,I,Introduction,1,0.627030,1 Augmenting Max-Weight with Explicit Le… §I Introduction
NB-HPN-0094-q3,7,corpus_doc_2076,paper_2076,I,Table Ippo-Drl Hyper -Parameters,5,0.605391,DRL for Network Slicing: Resource Effici… §I Table Ippo-Drl Hyper -Parameters
NB-HPN-0094-q3,8,corpus_doc_2076,paper_2076,II,Problem Formulation And Ppo-Drl Algorithm,3,0.600312,DRL for Network Slicing: Resource Effici… §II Problem Formulation And Ppo-Drl Algorithm
NB-HPN-0094-q3,9,corpus_doc_0654,paper_0654,,Abstract,0,0.578848,IEEE/ACM TRANSACTIONS ON NETW ORKING VOL… §Abstract
NB-HPN-0094-q3,10,corpus_doc_0654,paper_0654,5,System,3,0.455040,IEEE/ACM TRANSACTIONS ON NETW ORKING VOL… §5 System
NB-HPN-0094-q3,11,corpus_doc_0401,paper_0401,1,Introduction,1,0.315981,. . Latest updates: h ps://dl.acm.org/do… §1 Introduction
NB-HPN-0094-q3,12,corpus_doc_0474,paper_0474,I,Introduction,1,0.274657,1 Reducing Service Deployment Cost Throu… §I Introduction
NB-HPN-0094-q3,13,corpus_doc_1236,paper_1236,1,Introduction,3,0.232955,SDN-Based Band-Adaptive Quality Assuranc… §1 Introduction
NB-HPN-0094-q3,14,corpus_doc_2201,paper_2201,1,Introduction,1,0.224500,HAL Id: hal-04000723 Submitted on 22 Feb… §1 Introduction
NB-HPN-0094-q3,15,corpus_doc_2076,paper_2076,,Abstract,0,0.147290,DRL for Network Slicing: Resource Effici… §Abstract
NB-HPN-0094-q3,16,corpus_doc_0360,paper_0360,IV,Network Slice Orchestration And Edge Resource,7,0.081468,IEEE/ACM TRANSACTIONS ON NETW ORKING VOL… §IV Network Slice Orchestration And Edge Resource
NB-HPN-0094-q3,17,corpus_doc_0451,paper_0451,I,Introduction Ecause,1,0.068147,1 > REPLACE THIS LINE WITH YOUR MANUSCRI… §I Introduction Ecause
NB-HPN-0094-q3,18,corpus_doc_0073,paper_0073,6,Appendix,6,0.055570,NISTIR 8177 Metrics and Key Performance … §6 Appendix
NB-HPN-0094-q3,19,corpus_doc_1516,paper_1516,V,Conclusion,5,0.041890,XLIII BRAZILIAN SYMPOSIUM ON TELECOMMUNI… §V Conclusion
NB-HPN-0094-q3,20,corpus_doc_0073,paper_0073,6,Appendix,2,0.033382,NISTIR 8177 Metrics and Key Performance … §6 Appendix
NB-HPN-0170-q3,1,corpus_doc_0170,paper_0170,2,Related Work,3,0.919339,Measurement-Driven Design and Runtime Op… §2 Related Work
NB-HPN-0170-q3,2,corpus_doc_0170,paper_0170,6,Background,12,0.918682,Measurement-Driven Design and Runtime Op… §6 Background
NB-HPN-0170-q3,3,corpus_doc_0170,paper_0170,1,Introduction,1,0.905864,Measurement-Driven Design and Runtime Op… §1 Introduction
NB-HPN-0170-q3,4,corpus_doc_0170,paper_0170,6,Experiments,9,0.862885,Measurement-Driven Design and Runtime Op… §6 Experiments
NB-HPN-0170-q3,5,corpus_doc_0170,paper_0170,2,Related Work,4,0.849624,Measurement-Driven Design and Runtime Op… §2 Related Work
NB-HPN-0170-q3,6,corpus_doc_0170,paper_0170,4.1,Architecture,6,0.838918,Measurement-Driven Design and Runtime Op… §4.1 Architecture
NB-HPN-0170-q3,7,corpus_doc_0170,paper_0170,4.1,Architecture,5,0.829970,Measurement-Driven Design and Runtime Op… §4.1 Architecture
NB-HPN-0170-q3,8,corpus_doc_0170,paper_0170,6,Experiments,10,0.788226,Measurement-Driven Design and Runtime Op… §6 Experiments
NB-HPN-0170-q3,9,corpus_doc_1748,paper_1748,5.2,Experiment,17,0.622025,HAL Id: hal-03905784 Submitted on 19 Dec… §5.2 Experiment
NB-HPN-0170-q3,10,corpus_doc_0170,paper_0170,8,Conclusion,13,0.564073,Measurement-Driven Design and Runtime Op… §8 Conclusion
NB-HPN-0170-q3,11,corpus_doc_0170,paper_0170,,Abstract,0,0.371979,Measurement-Driven Design and Runtime Op… §Abstract
NB-HPN-0170-q3,12,corpus_doc_1367,paper_1367,3,Evaluation,4,0.322625,2BRobust - Overcoming TCP BBR Performanc… §3 Evaluation
NB-HPN-0170-q3,13,corpus_doc_0614,paper_0614,II,Latency And Measurements,2,0.286270,Latency Prediction for Delay-sensitive V… §II Latency And Measurements
NB-HPN-0170-q3,14,corpus_doc_0170,paper_0170,4.1,Architecture,7,0.278327,Measurement-Driven Design and Runtime Op… §4.1 Architecture
NB-HPN-0170-q3,15,corpus_doc_2041,paper_2041,51,References,8,0.264100,and Scuola Superiore Sant Anna Master De… §51 References
NB-HPN-0170-q3,16,corpus_doc_0485,paper_0485,3,System Design,10,0.218209,Volume 5 Issue 3 1 J Sen Net Data Comm 2… §3 System Design
NB-HPN-0170-q3,17,corpus_doc_1331,paper_1331,1,Introduction,1,0.179034,H-TCP: TCP for high-speed and long-dista… §1 Introduction
NB-HPN-0170-q3,18,corpus_doc_1146,paper_1146,2.2.2,Related Work,15,0.064742,The Computing Continuum: Past Present an… §2.2.2 Related Work
NB-HPN-0170-q3,19,corpus_doc_0026,paper_0026,2,Motivation,2,0.059011,Towards a Smart Data Transfer Node Zheng… §2 Motivation
NB-HPN-0170-q3,20,corpus_doc_0702,paper_0702,7.1,Discussion,11,0.011594,. . Latest updates: h ps://dl.acm.org/do… §7.1 Discussion
NB-HPN-0027-q3,1,corpus_doc_0027,paper_0027,2,Background,2,0.875390,HAL Id: cea-04672564 Submitted on 19 Aug… §2 Background
NB-HPN-0027-q3,2,corpus_doc_0027,paper_0027,3,Performance,4,0.868619,HAL Id: cea-04672564 Submitted on 19 Aug… §3 Performance
NB-HPN-0027-q3,3,corpus_doc_1166,paper_1166,I,Introduction,1,0.360799,UCR CSE NETWORKING GROUP TECHNICAL REPOR… §I Introduction
NB-HPN-0027-q3,4,corpus_doc_2166,paper_2166,1.1,Motivation,2,0.178857,See discussions stats and author profile… §1.1 Motivation
NB-HPN-0027-q3,5,corpus_doc_1695,paper_1695,1.1,Motivation,2,0.117702,Applied Techniques for High Bandwidth Da… §1.1 Motivation
NB-HPN-0027-q3,6,corpus_doc_1816,paper_1816,14,Appendix,3,0.095201,This is the published version of a paper… §14 Appendix
NB-HPN-0027-q3,7,corpus_doc_0934,paper_0934,3,Analysis,16,0.094996,Vol:. 1234567890 The Journal of Supercom… §3 Analysis
NB-HPN-0027-q3,8,corpus_doc_1166,paper_1166,IX,Conclusion,23,0.091843,UCR CSE NETWORKING GROUP TECHNICAL REPOR… §IX Conclusion
NB-HPN-0027-q3,9,corpus_doc_1310,paper_1310,1,Introduction,4,0.086561,Journal of Real-Time Image Processing ma… §1 Introduction
NB-HPN-0027-q3,10,corpus_doc_0807,paper_0807,1,Introduction,1,0.074548,Journal of Computer and Communications 2… §1 Introduction
NB-HPN-0027-q3,11,corpus_doc_1131,paper_1131,5,System,6,0.062213,Corresponding author: Santhosh Katragadd… §5 System
NB-HPN-0027-q3,12,corpus_doc_1560,paper_1560,,,0,0.043020,Introduction Jesper Larsson Tr a Brice G… §
NB-HPN-0027-q3,13,corpus_doc_2280,paper_2280,2,Background,2,0.029704,Preprint April 7 2026 This is a preprint… §2 Background
NB-HPN-0027-q3,14,corpus_doc_1006,paper_1006,4,Design,8,0.021872,Remote Procedure Call as a Managed Syste… §4 Design
NB-HPN-0027-q3,15,corpus_doc_0027,paper_0027,6,Conclusion,7,0.014418,HAL Id: cea-04672564 Submitted on 19 Aug… §6 Conclusion
NB-HPN-0027-q3,16,corpus_doc_2113,paper_2113,1,Introduction,6,0.012416,TENT: A Declarative Slice Spraying Engin… §1 Introduction
NB-HPN-0027-q3,17,corpus_doc_1376,paper_1376,2,Motivation,3,0.010130,Credence: Augmenting Datacenter Switch B… §2 Motivation
NB-HPN-0027-q3,18,corpus_doc_0858,paper_0858,10.0,Introduction,325,0.009688,Sample page from NUMERICAL RECIPES IN C:… §10.0 Introduction
NB-HPN-0027-q3,19,corpus_doc_1750,paper_1750,5,Design,7,0.006056,. . Latest updates: h ps://dl.acm.org/do… §5 Design
NB-HPN-0027-q3,20,corpus_doc_1927,paper_1927,III,Motiv Ation,5,0.003909,IEEE TRANSACTIONS ON PARALLEL AND DISTRI… §III Motiv Ation
NB-HPN-1539-q3,1,corpus_doc_1331,paper_1331,1,Introduction,6,0.976716,H-TCP: TCP for high-speed and long-dista… §1 Introduction
NB-HPN-1539-q3,2,corpus_doc_1702,paper_1702,III,Comparative Testing,3,0.929163,IEEE/ACM TRANSACTIONS ON NETWORKING VOL.… §III Comparative Testing
NB-HPN-1539-q3,3,corpus_doc_1910,paper_1910,II,Background,3,0.898040,IEEE/ACM TRANSACTIONS ON NETWORKING 1 En… §II Background
NB-HPN-1539-q3,4,corpus_doc_0817,paper_0817,I,Introduction,2,0.889407,Parallel TCP Sockets: Simple Model Throu… §I Introduction
NB-HPN-1539-q3,5,corpus_doc_2265,paper_2265,II,Socket Buffer Size And Tcp Throughput,3,0.887508,1 Socket Buffer Auto-Sizing for High-Per… §II Socket Buffer Size And Tcp Throughput
NB-HPN-1539-q3,6,corpus_doc_1414,paper_1414,III,Comparative Testing,3,0.880643,1 Experimental Evaluation of TCP Protoco… §III Comparative Testing
NB-HPN-1539-q3,7,corpus_doc_1021,paper_1021,II,Problem Statement,2,0.873508,eprints whiterose.ac.uk Universities of … §II Problem Statement
NB-HPN-1539-q3,8,corpus_doc_0732,paper_0732,2,Background,14,0.855697,Flow Consolidation for Congestion Contro… §2 Background
NB-HPN-1539-q3,9,corpus_doc_1539,paper_1539,I,Introduction,2,0.848725,1 FairQ: Fair and Fast Rate Allocation i… §I Introduction
NB-HPN-1539-q3,10,corpus_doc_1702,paper_1702,I,Introduction T He Tcp,1,0.846696,IEEE/ACM TRANSACTIONS ON NETWORKING VOL.… §I Introduction T He Tcp
NB-HPN-1539-q3,11,corpus_doc_1414,paper_1414,I,Introduction,1,0.835757,1 Experimental Evaluation of TCP Protoco… §I Introduction
NB-HPN-1539-q3,12,corpus_doc_0596,paper_0596,III,Dynamic Right -Sizing,3,0.829987,Los Alamos an affirmative action/equal o… §III Dynamic Right -Sizing
NB-HPN-1539-q3,13,corpus_doc_0596,paper_0596,IV,Implementation,5,0.828979,Los Alamos an affirmative action/equal o… §IV Implementation
NB-HPN-1539-q3,14,corpus_doc_1414,paper_1414,VII,Summary And Conclusions,14,0.778552,1 Experimental Evaluation of TCP Protoco… §VII Summary And Conclusions
NB-HPN-1539-q3,15,corpus_doc_1702,paper_1702,V,Results,9,0.778447,IEEE/ACM TRANSACTIONS ON NETWORKING VOL.… §V Results
NB-HPN-1539-q3,16,corpus_doc_1414,paper_1414,III,Comparative Testing,4,0.715431,1 Experimental Evaluation of TCP Protoco… §III Comparative Testing
NB-HPN-1539-q3,17,corpus_doc_1931,paper_1931,6.3.1,Motivation,78,0.668747,Dynamic Tuning of Parallel/Distributed A… §6.3.1 Motivation
NB-HPN-1539-q3,18,corpus_doc_1622,paper_1622,I,Introduction,1,0.607664,Detecting Anomalous Packets in Network T… §I Introduction
NB-HPN-1539-q3,19,corpus_doc_1990,paper_1990,VII,Complete User Model - Window Control,11,0.576328,arXiv:1303.3796v1 cs. NI 15 Mar 2013 1 T… §VII Complete User Model - Window Control
NB-HPN-1539-q3,20,corpus_doc_1414,paper_1414,VI,Related Work,13,0.562529,1 Experimental Evaluation of TCP Protoco… §VI Related Work
NB-HPN-1109-q3,1,corpus_doc_1109,paper_1109,2.3,Discussion,4,0.913741,High-Speed Query Processing over High-Sp… §2.3 Discussion
NB-HPN-1109-q3,2,corpus_doc_1297,paper_1297,5.1,Performance,6,0.722577,Corresponding author: Oluwatosin Oladayo… §5.1 Performance
NB-HPN-1109-q3,3,corpus_doc_1316,paper_1316,2,Performance,4,0.694135,RDMA Performance Isolation With Justitia… §2 Performance
NB-HPN-1109-q3,4,corpus_doc_0450,paper_0450,II,Motivation,3,0.650962,LibPreemptible: Enabling Fast Adaptive a… §II Motivation
NB-HPN-1109-q3,5,corpus_doc_2143,paper_2143,2020,Framework,2,0.462626,Optimized Page Fault Handling During RDM… §2020 Framework
NB-HPN-1109-q3,6,corpus_doc_1109,paper_1109,2.3,Discussion,1,0.401922,High-Speed Query Processing over High-Sp… §2.3 Discussion
NB-HPN-1109-q3,7,corpus_doc_2143,paper_2143,1,Method,15,0.344987,Optimized Page Fault Handling During RDM… §1 Method
NB-HPN-1109-q3,8,corpus_doc_0382,paper_0382,,Abstract,0,0.340702,Use Only What You Need: Judicious Parall… §Abstract
NB-HPN-1109-q3,9,corpus_doc_2166,paper_2166,1.1,Motivation,2,0.281738,See discussions stats and author profile… §1.1 Motivation
NB-HPN-1109-q3,10,corpus_doc_1695,paper_1695,1.1,Motivation,2,0.246455,Applied Techniques for High Bandwidth Da… §1.1 Motivation
NB-HPN-1109-q3,11,corpus_doc_0985,paper_0985,,,1,0.214565,Faster Offloads by Unloading them The RD… §
NB-HPN-1109-q3,12,corpus_doc_2279,paper_2279,V,Genomic Computing,13,0.212298,1 §V Genomic Computing
NB-HPN-1109-q3,13,corpus_doc_2143,paper_2143,,Abstract,0,0.212250,Optimized Page Fault Handling During RDM… §Abstract
NB-HPN-1109-q3,14,corpus_doc_1239,paper_1239,,,2,0.209153,Re-architecting datacenter networks and … §
NB-HPN-1109-q3,15,corpus_doc_0807,paper_0807,1,Introduction,1,0.134420,Journal of Computer and Communications 2… §1 Introduction
NB-HPN-1109-q3,16,corpus_doc_0067,paper_0067,3,Overview,9,0.094710,. . Latest updates: h ps://dl.acm.org/do… §3 Overview
NB-HPN-1109-q3,17,corpus_doc_2163,paper_2163,,Abstract,0,0.058536,UNIVERSITY OF CRETE SCHOOL OF SCIENCES A… §Abstract
NB-HPN-1109-q3,18,corpus_doc_0264,paper_0264,,,2,0.012448,Accelerating Implementation of Virtual C… §
NB-HPN-1109-q3,19,corpus_doc_0885,paper_0885,,Abstract,0,0.010176,TSINGHUA SCIENCE AND TECHNOLOGY IS SNll1… §Abstract
NB-HPN-1109-q3,20,corpus_doc_0117,paper_0117,3,Design,4,0.009800,This paper is included in the Proceeding… §3 Design
NB-HPN-0369-q3,1,corpus_doc_1801,paper_1801,,Abstract,0,0.998891,POWER TCP: Pushing the Performance Limit… §Abstract
NB-HPN-0369-q3,2,corpus_doc_0369,paper_0369,,Abstract,0,0.998891,This paper is included in the Proceeding… §Abstract
NB-HPN-0369-q3,3,corpus_doc_1801,paper_1801,1,Introduction,2,0.997452,POWER TCP: Pushing the Performance Limit… §1 Introduction
NB-HPN-0369-q3,4,corpus_doc_0369,paper_0369,4,Evaluation,9,0.995485,This paper is included in the Proceeding… §4 Evaluation
NB-HPN-0369-q3,5,corpus_doc_0369,paper_0369,1,Introduction,2,0.994848,This paper is included in the Proceeding… §1 Introduction
NB-HPN-0369-q3,6,corpus_doc_0369,paper_0369,4.2,Results,12,0.992642,This paper is included in the Proceeding… §4.2 Results
NB-HPN-0369-q3,7,corpus_doc_1801,paper_1801,4.2,Results,11,0.992279,POWER TCP: Pushing the Performance Limit… §4.2 Results
NB-HPN-0369-q3,8,corpus_doc_0369,paper_0369,4.2,Results,11,0.988259,This paper is included in the Proceeding… §4.2 Results
NB-HPN-0369-q3,9,corpus_doc_0369,paper_0369,4.2,Results,10,0.987571,This paper is included in the Proceeding… §4.2 Results
NB-HPN-0369-q3,10,corpus_doc_1801,paper_1801,4.2,Results,10,0.987503,POWER TCP: Pushing the Performance Limit… §4.2 Results
NB-HPN-0369-q3,11,corpus_doc_1801,paper_1801,4.2,Results,12,0.983924,POWER TCP: Pushing the Performance Limit… §4.2 Results
NB-HPN-0369-q3,12,corpus_doc_0369,paper_0369,1,Introduction,1,0.977608,This paper is included in the Proceeding… §1 Introduction
NB-HPN-0369-q3,13,corpus_doc_0369,paper_0369,2,Appendix,8,0.969175,This paper is included in the Proceeding… §2 Appendix
NB-HPN-0369-q3,14,corpus_doc_1801,paper_1801,1,Introduction,1,0.967122,POWER TCP: Pushing the Performance Limit… §1 Introduction
NB-HPN-0369-q3,15,corpus_doc_1801,paper_1801,2,Motivation,3,0.939029,POWER TCP: Pushing the Performance Limit… §2 Motivation
NB-HPN-0369-q3,16,corpus_doc_0369,paper_0369,2,Motivation,6,0.936997,This paper is included in the Proceeding… §2 Motivation
NB-HPN-0369-q3,17,corpus_doc_1801,paper_1801,6,Related Work,14,0.926136,POWER TCP: Pushing the Performance Limit… §6 Related Work
NB-HPN-0369-q3,18,corpus_doc_1801,paper_1801,2,Motivation,6,0.920700,POWER TCP: Pushing the Performance Limit… §2 Motivation
NB-HPN-0369-q3,19,corpus_doc_1801,paper_1801,7,Conclusion,15,0.873127,POWER TCP: Pushing the Performance Limit… §7 Conclusion
NB-HPN-0369-q3,20,corpus_doc_1977,paper_1977,,Abstract,0,0.844321,. . Latest updates: h ps://dl.acm.org/do… §Abstract
NB-HPN-0187-q3,1,corpus_doc_0187,paper_0187,3,Design,4,0.938505,Brain-on-Switch: Towards Advanced Intell… §3 Design
NB-HPN-0187-q3,2,corpus_doc_0583,paper_0583,3,Design,5,0.936134,This paper is included in the Proceeding… §3 Design
NB-HPN-0187-q3,3,corpus_doc_0187,paper_0187,3,Design,5,0.928156,Brain-on-Switch: Towards Advanced Intell… §3 Design
NB-HPN-0187-q3,4,corpus_doc_0583,paper_0583,3,Design,4,0.922178,This paper is included in the Proceeding… §3 Design
NB-HPN-0187-q3,5,corpus_doc_0583,paper_0583,1,Introduction,1,0.888641,This paper is included in the Proceeding… §1 Introduction
NB-HPN-0187-q3,6,corpus_doc_0583,paper_0583,6,Implementation,10,0.888008,This paper is included in the Proceeding… §6 Implementation
NB-HPN-0187-q3,7,corpus_doc_0187,paper_0187,6,Implementation,10,0.888008,Brain-on-Switch: Towards Advanced Intell… §6 Implementation
NB-HPN-0187-q3,8,corpus_doc_0187,paper_0187,1,Introduction,1,0.870941,Brain-on-Switch: Towards Advanced Intell… §1 Introduction
NB-HPN-0187-q3,9,corpus_doc_0187,paper_0187,2,Background,2,0.616716,Brain-on-Switch: Towards Advanced Intell… §2 Background
NB-HPN-0187-q3,10,corpus_doc_0583,paper_0583,2,Background,2,0.556599,This paper is included in the Proceeding… §2 Background
NB-HPN-0187-q3,11,corpus_doc_0187,paper_0187,8,Discussion,17,0.519677,Brain-on-Switch: Towards Advanced Intell… §8 Discussion
NB-HPN-0187-q3,12,corpus_doc_0583,paper_0583,2,Background,3,0.355036,This paper is included in the Proceeding… §2 Background
NB-HPN-0187-q3,13,corpus_doc_0187,paper_0187,2,Background,3,0.355036,Brain-on-Switch: Towards Advanced Intell… §2 Background
NB-HPN-0187-q3,14,corpus_doc_0187,paper_0187,,Abstract,0,0.270491,Brain-on-Switch: Towards Advanced Intell… §Abstract
NB-HPN-0187-q3,15,corpus_doc_0583,paper_0583,,Abstract,0,0.270491,This paper is included in the Proceeding… §Abstract
NB-HPN-0187-q3,16,corpus_doc_0928,paper_0928,I,Introduction,2,0.106170,Date of publication xxxx yyyy 2023 date … §I Introduction
NB-HPN-0187-q3,17,corpus_doc_0807,paper_0807,1,Introduction,1,0.082396,Journal of Computer and Communications 2… §1 Introduction
NB-HPN-0187-q3,18,corpus_doc_1695,paper_1695,1.1,Motivation,3,0.075317,Applied Techniques for High Bandwidth Da… §1.1 Motivation
NB-HPN-0187-q3,19,corpus_doc_0102,paper_0102,,Abstract,0,0.043733,A Three Layer Lossless and Low Latency N… §Abstract
NB-HPN-0187-q3,20,corpus_doc_2166,paper_2166,1.1,Motivation,3,0.040559,See discussions stats and author profile… §1.1 Motivation
NB-HPN-1425-q3,1,corpus_doc_1425,paper_1425,VI,Experimental Ev Alua Tion,11,0.911525,Server-side Log Data Analytics for I/O W… §VI Experimental Ev Alua Tion
NB-HPN-1425-q3,2,corpus_doc_1425,paper_1425,II,Background,5,0.882392,Server-side Log Data Analytics for I/O W… §II Background
NB-HPN-1425-q3,3,corpus_doc_2136,paper_2136,I,Introduction,2,0.873405,I/O Performance Characterization of Lust… §I Introduction
NB-HPN-1425-q3,4,corpus_doc_0698,paper_0698,4.1,Experimental,11,0.859400,This paper is included in the Proceeding… §4.1 Experimental
NB-HPN-1425-q3,5,corpus_doc_0820,paper_0820,1,Introduction,2,0.841997,978-1-4244-1694-3/08/$25.00 2008 IEEE Pe… §1 Introduction
NB-HPN-1425-q3,6,corpus_doc_1425,paper_1425,II,Background,8,0.834069,Server-side Log Data Analytics for I/O W… §II Background
NB-HPN-1425-q3,7,corpus_doc_0698,paper_0698,2,Background,4,0.810838,This paper is included in the Proceeding… §2 Background
NB-HPN-1425-q3,8,corpus_doc_1425,paper_1425,I,Introduction Hpc,1,0.797982,Server-side Log Data Analytics for I/O W… §I Introduction Hpc
NB-HPN-1425-q3,9,corpus_doc_1650,paper_1650,3.1,Overview,7,0.781949,HPC Global File System Performance Analy… §3.1 Overview
NB-HPN-1425-q3,10,corpus_doc_2136,paper_2136,VI,Methodology,4,0.764500,I/O Performance Characterization of Lust… §VI Methodology
NB-HPN-1425-q3,11,corpus_doc_1425,paper_1425,VI,Experimental Ev Alua Tion,12,0.755093,Server-side Log Data Analytics for I/O W… §VI Experimental Ev Alua Tion
NB-HPN-1425-q3,12,corpus_doc_1425,paper_1425,II,Background,9,0.736640,Server-side Log Data Analytics for I/O W… §II Background
NB-HPN-1425-q3,13,corpus_doc_2136,paper_2136,VIII,Results,10,0.735583,I/O Performance Characterization of Lust… §VIII Results
NB-HPN-1425-q3,14,corpus_doc_1425,paper_1425,II,Background,2,0.724154,Server-side Log Data Analytics for I/O W… §II Background
NB-HPN-1425-q3,15,corpus_doc_0113,paper_0113,II,Problem And Motiv Ation V,3,0.607026,Managing V ariability in the IO Performa… §II Problem And Motiv Ation V
NB-HPN-1425-q3,16,corpus_doc_0820,paper_0820,96,System,5,0.462587,978-1-4244-1694-3/08/$25.00 2008 IEEE Pe… §96 System
NB-HPN-1425-q3,17,corpus_doc_0635,paper_0635,III,Problem Definition,3,0.385699,Swift and Accurate End-to-End Throughput… §III Problem Definition
NB-HPN-1425-q3,18,corpus_doc_0698,paper_0698,2,Background,5,0.160581,This paper is included in the Proceeding… §2 Background
NB-HPN-1425-q3,19,corpus_doc_0046,paper_0046,III,Performance Ensembles,7,0.133058,Parallel I/O Performance: From Events to… §III Performance Ensembles
NB-HPN-1425-q3,20,corpus_doc_2136,paper_2136,VI,Methodology,5,0.100760,I/O Performance Characterization of Lust… §VI Methodology
NB-HPN-1811-q3,1,corpus_doc_0540,paper_0540,I,Introduction,1,0.984975,arXiv:0901.2333v4 cs. NI 16 Dec 2009 Q-C… §I Introduction
NB-HPN-1811-q3,2,corpus_doc_1811,paper_1811,I,Introduction,4,0.978227,arXiv:1011.3594v1 cs. NI 16 Nov 2010 1 A… §I Introduction
NB-HPN-1811-q3,3,corpus_doc_1811,paper_1811,VI,Conclusion,13,0.973354,arXiv:1011.3594v1 cs. NI 16 Nov 2010 1 A… §VI Conclusion
NB-HPN-1811-q3,4,corpus_doc_1811,paper_1811,I,Introduction,1,0.966115,arXiv:1011.3594v1 cs. NI 16 Nov 2010 1 A… §I Introduction
NB-HPN-1811-q3,5,corpus_doc_1811,paper_1811,I,Introduction,2,0.953283,arXiv:1011.3594v1 cs. NI 16 Nov 2010 1 A… §I Introduction
NB-HPN-1811-q3,6,corpus_doc_1435,paper_1435,I,Introduction,1,0.930055,1 Explicit back-off rates for achieving … §I Introduction
NB-HPN-1811-q3,7,corpus_doc_0540,paper_0540,VII,Conclusion,13,0.899316,arXiv:0901.2333v4 cs. NI 16 Dec 2009 Q-C… §VII Conclusion
NB-HPN-1811-q3,8,corpus_doc_1811,paper_1811,I,Introduction,3,0.881231,arXiv:1011.3594v1 cs. NI 16 Nov 2010 1 A… §I Introduction
NB-HPN-1811-q3,9,corpus_doc_1359,paper_1359,II,Background And Overview,2,0.877302,arXiv:0909.3356v4 cs. NI 17 May 2010 1 C… §II Background And Overview
NB-HPN-1811-q3,10,corpus_doc_0540,paper_0540,I,Introduction,2,0.860942,arXiv:0901.2333v4 cs. NI 16 Dec 2009 Q-C… §I Introduction
NB-HPN-1811-q3,11,corpus_doc_0540,paper_0540,III,T He Basic Scheduling Algorithm,6,0.855403,arXiv:0901.2333v4 cs. NI 16 Dec 2009 Q-C… §III T He Basic Scheduling Algorithm
NB-HPN-1811-q3,12,corpus_doc_1435,paper_1435,VII,Related Work,13,0.836503,1 Explicit back-off rates for achieving … §VII Related Work
NB-HPN-1811-q3,13,corpus_doc_1811,paper_1811,I,Introduction,5,0.835516,arXiv:1011.3594v1 cs. NI 16 Nov 2010 1 A… §I Introduction
NB-HPN-1811-q3,14,corpus_doc_0540,paper_0540,III,T He Basic Scheduling Algorithm,7,0.831540,arXiv:0901.2333v4 cs. NI 16 Dec 2009 Q-C… §III T He Basic Scheduling Algorithm
NB-HPN-1811-q3,15,corpus_doc_1968,paper_1968,IV,Simulation Scenario,12,0.780859,1 A High Ef ciency MAC Protocol for WLAN… §IV Simulation Scenario
NB-HPN-1811-q3,16,corpus_doc_0540,paper_0540,VII,Conclusion,15,0.585010,arXiv:0901.2333v4 cs. NI 16 Dec 2009 Q-C… §VII Conclusion
NB-HPN-1811-q3,17,corpus_doc_1676,paper_1676,II,Related Work,3,0.582716,IEEE/ACM TRANSACTIONS ON NETWORKING 1 Op… §II Related Work
NB-HPN-1811-q3,18,corpus_doc_0540,paper_0540,,Abstract,0,0.574328,arXiv:0901.2333v4 cs. NI 16 Dec 2009 Q-C… §Abstract
NB-HPN-1811-q3,19,corpus_doc_1811,paper_1811,,Abstract,0,0.408563,arXiv:1011.3594v1 cs. NI 16 Nov 2010 1 A… §Abstract
NB-HPN-1811-q3,20,corpus_doc_1968,paper_1968,II,Related Work,10,0.057560,1 A High Ef ciency MAC Protocol for WLAN… §II Related Work
NB-HPN-1913-q3,1,corpus_doc_1913,paper_1913,IV,Discussions Of Experimental Results,5,0.967950,HAL Id: hal-01270630 Submitted on 8 Feb … §IV Discussions Of Experimental Results
NB-HPN-1913-q3,2,corpus_doc_1913,paper_1913,IV,Discussions Of Experimental Results,4,0.967720,HAL Id: hal-01270630 Submitted on 8 Feb … §IV Discussions Of Experimental Results
NB-HPN-1913-q3,3,corpus_doc_1913,paper_1913,III,Methodology,2,0.965779,HAL Id: hal-01270630 Submitted on 8 Feb … §III Methodology
NB-HPN-1913-q3,4,corpus_doc_1913,paper_1913,IV,Discussions Of Experimental Results,3,0.960881,HAL Id: hal-01270630 Submitted on 8 Feb … §IV Discussions Of Experimental Results
NB-HPN-1913-q3,5,corpus_doc_1913,paper_1913,IV,Discussions Of Experimental Results,6,0.890945,HAL Id: hal-01270630 Submitted on 8 Feb … §IV Discussions Of Experimental Results
NB-HPN-1913-q3,6,corpus_doc_1913,paper_1913,IV,Discussions Of Experimental Results,7,0.876175,HAL Id: hal-01270630 Submitted on 8 Feb … §IV Discussions Of Experimental Results
NB-HPN-1913-q3,7,corpus_doc_1913,paper_1913,,Abstract,0,0.791767,HAL Id: hal-01270630 Submitted on 8 Feb … §Abstract
NB-HPN-1913-q3,8,corpus_doc_1913,paper_1913,II,Background,1,0.667233,HAL Id: hal-01270630 Submitted on 8 Feb … §II Background
NB-HPN-1913-q3,9,corpus_doc_0113,paper_0113,II,Problem And Motiv Ation V,3,0.479747,Managing V ariability in the IO Performa… §II Problem And Motiv Ation V
NB-HPN-1913-q3,10,corpus_doc_2166,paper_2166,1.1,Motivation,3,0.281084,See discussions stats and author profile… §1.1 Motivation
NB-HPN-1913-q3,11,corpus_doc_2109,paper_2109,10,Experiments,11,0.239388,HAL Id: hal-00916091 Submitted on 9 Apr … §10 Experiments
NB-HPN-1913-q3,12,corpus_doc_1695,paper_1695,1.1,Motivation,3,0.201837,Applied Techniques for High Bandwidth Da… §1.1 Motivation
NB-HPN-1913-q3,13,corpus_doc_0665,paper_0665,6.2,Experimental,11,0.184528,End-to-End Online Performance Data Captu… §6.2 Experimental
NB-HPN-1913-q3,14,corpus_doc_0698,paper_0698,2,Background,3,0.129847,This paper is included in the Proceeding… §2 Background
NB-HPN-1913-q3,15,corpus_doc_0165,paper_0165,3.1,System Model,48,0.107578,Accept e sur proposition du jury pour l … §3.1 System Model
NB-HPN-1913-q3,16,corpus_doc_1588,paper_1588,,Abstract,0,0.079149,. . Latest updates: h ps://dl.acm.org/do… §Abstract
NB-HPN-1913-q3,17,corpus_doc_1913,paper_1913,VI,Conclusion And Future Work,10,0.031792,HAL Id: hal-01270630 Submitted on 8 Feb … §VI Conclusion And Future Work
NB-HPN-1913-q3,18,corpus_doc_2109,paper_2109,7,Experiments,7,0.028087,HAL Id: hal-00916091 Submitted on 9 Apr … §7 Experiments
NB-HPN-1913-q3,19,corpus_doc_2109,paper_2109,4,Experiments,5,0.020904,HAL Id: hal-00916091 Submitted on 9 Apr … §4 Experiments
NB-HPN-1913-q3,20,corpus_doc_0113,paper_0113,,Abstract,0,0.005927,Managing V ariability in the IO Performa… §Abstract
NB-HPN-0513-q3,1,corpus_doc_0513,paper_0513,III,System Architecture,3,0.995703,A Deep Reinforcement Learning Framework … §III System Architecture
NB-HPN-0513-q3,2,corpus_doc_2241,paper_2241,,Abstract,0,0.962361,Multi-Task Reinforcement Learning For Co… §Abstract
NB-HPN-0513-q3,3,corpus_doc_1298,paper_1298,1,Introduction,0,0.961875,Reinforcement Learning for Datacenter Co… §1 Introduction
NB-HPN-0513-q3,4,corpus_doc_0189,paper_0189,1,Introduction,1,0.959602,A New Intelligent Cross-Domain Routing M… §1 Introduction
NB-HPN-0513-q3,5,corpus_doc_0725,paper_0725,3.1,Background,3,0.949593,GraphCC: A Practical Graph Learning-base… §3.1 Background
NB-HPN-0513-q3,6,corpus_doc_0189,paper_0189,1,Design,4,0.944938,A New Intelligent Cross-Domain Routing M… §1 Design
NB-HPN-0513-q3,7,corpus_doc_0949,paper_0949,IV,Taxonomy Of Te Works Leveraging Rl,10,0.927441,HAL Id: hal-05398965 Submitted on 4 Dec … §IV Taxonomy Of Te Works Leveraging Rl
NB-HPN-0513-q3,8,corpus_doc_0513,paper_0513,I,Introduction,1,0.916678,A Deep Reinforcement Learning Framework … §I Introduction
NB-HPN-0513-q3,9,corpus_doc_2070,paper_2070,,,7,0.911702,HAL Id: hal-04905667 Preprint submitted … §
NB-HPN-0513-q3,10,corpus_doc_1482,paper_1482,IV,Learning Strategy,6,0.902962,Using Distributed Reinforcement Learning… §IV Learning Strategy
NB-HPN-0513-q3,11,corpus_doc_1880,paper_1880,3.2,Discussion,8,0.901987,Vol:. 1234567890 Journal of Network and … §3.2 Discussion
NB-HPN-0513-q3,12,corpus_doc_0762,paper_0762,I,Introduction,1,0.900381,Distributed Deep Q-Learning Hao Yi Ong 1… §I Introduction
NB-HPN-0513-q3,13,corpus_doc_0407,paper_0407,VI,Conclusion And Future Works,12,0.889310,1 Learning-based Two-tiered Online Optim… §VI Conclusion And Future Works
NB-HPN-0513-q3,14,corpus_doc_1780,paper_1780,1,Introduction,1,0.859818,Iroko: A Framework to Prototype Reinforc… §1 Introduction
NB-HPN-0513-q3,15,corpus_doc_0949,paper_0949,VI,Discussion,32,0.834483,HAL Id: hal-05398965 Submitted on 4 Dec … §VI Discussion
NB-HPN-0513-q3,16,corpus_doc_0407,paper_0407,,Abstract,0,0.818293,1 Learning-based Two-tiered Online Optim… §Abstract
NB-HPN-0513-q3,17,corpus_doc_1482,paper_1482,IV,Learning Strategy,7,0.749079,Using Distributed Reinforcement Learning… §IV Learning Strategy
NB-HPN-0513-q3,18,corpus_doc_1343,paper_1343,7.2,Results,6,0.528271,. . Latest updates: h ps://dl.acm.org/do… §7.2 Results
NB-HPN-0513-q3,19,corpus_doc_1482,paper_1482,VII,Conclusion,13,0.088572,Using Distributed Reinforcement Learning… §VII Conclusion
NB-HPN-0513-q3,20,corpus_doc_1482,paper_1482,,Abstract,0,0.069593,Using Distributed Reinforcement Learning… §Abstract
NB-HPN-2155-q3,1,corpus_doc_0282,paper_0282,I,Introduction,1,0.886492,Received January 6 2020 accepted January… §I Introduction
NB-HPN-2155-q3,2,corpus_doc_1680,paper_1680,5.4,Performance,9,0.860331,A Two-Phase Dynamic Throughput Optimizat… §5.4 Performance
NB-HPN-2155-q3,3,corpus_doc_2155,paper_2155,,,4,0.846464,. . Latest updates: h ps://dl.acm.org/do… §
NB-HPN-2155-q3,4,corpus_doc_0269,paper_0269,II,Related Work A,2,0.806083,Modeling Inter-DC Bulk Data Transfer in … §II Related Work A
NB-HPN-2155-q3,5,corpus_doc_0947,paper_0947,2,Related Work,2,0.795284,KSII TRANSACTIONS ON INTERNET AND INFORM… §2 Related Work
NB-HPN-2155-q3,6,corpus_doc_2155,paper_2155,,,1,0.787377,. . Latest updates: h ps://dl.acm.org/do… §
NB-HPN-2155-q3,7,corpus_doc_2155,paper_2155,,,3,0.765974,. . Latest updates: h ps://dl.acm.org/do… §
NB-HPN-2155-q3,8,corpus_doc_0412,paper_0412,,Abstract,0,0.735039,See discussions stats and author profile… §Abstract
NB-HPN-2155-q3,9,corpus_doc_2155,paper_2155,,,5,0.665477,. . Latest updates: h ps://dl.acm.org/do… §
NB-HPN-2155-q3,10,corpus_doc_2155,paper_2155,,,8,0.636181,. . Latest updates: h ps://dl.acm.org/do… §
NB-HPN-2155-q3,11,corpus_doc_2155,paper_2155,,,7,0.627599,. . Latest updates: h ps://dl.acm.org/do… §
NB-HPN-2155-q3,12,corpus_doc_0684,paper_0684,II,Assumptions And Problem Statement,3,0.618378,QuickCast: Fast and Ef cient Inter-Datac… §II Assumptions And Problem Statement
NB-HPN-2155-q3,13,corpus_doc_0947,paper_0947,2,Related Work,3,0.611711,KSII TRANSACTIONS ON INTERNET AND INFORM… §2 Related Work
NB-HPN-2155-q3,14,corpus_doc_1438,paper_1438,,,9,0.585518,Online Optimization of File Transfers in… §
NB-HPN-2155-q3,15,corpus_doc_0947,paper_0947,2,Related Work,4,0.487342,KSII TRANSACTIONS ON INTERNET AND INFORM… §2 Related Work
NB-HPN-2155-q3,16,corpus_doc_2155,paper_2155,,,12,0.364510,. . Latest updates: h ps://dl.acm.org/do… §
NB-HPN-2155-q3,17,corpus_doc_0444,paper_0444,1,Introduction,1,0.243568,Big Data Transfer Optimization Through A… §1 Introduction
NB-HPN-2155-q3,18,corpus_doc_1163,paper_1163,V,Applying Models To Control Transfer Bandwidths,10,0.203434,Modeling and Optimizing Large-Scale Wide… §V Applying Models To Control Transfer Bandwidths
NB-HPN-2155-q3,19,corpus_doc_1211,paper_1211,V,Applying Models To Control Transfer Bandwidths,10,0.118693,Modeling and Optimizing Large-Scale Wide… §V Applying Models To Control Transfer Bandwidths
NB-HPN-2155-q3,20,corpus_doc_1929,paper_1929,6,Experimental,10,0.085243,Elastic Provisioning of Cloud Caches: a … §6 Experimental
NB-HPN-2291-q3,1,corpus_doc_2291,paper_2291,VII,Experiments,14,0.974584,1 Multi-user Communication Networks: A C… §VII Experiments
NB-HPN-2291-q3,2,corpus_doc_2291,paper_2291,II,Model And Formulation,3,0.929754,1 Multi-user Communication Networks: A C… §II Model And Formulation
NB-HPN-2291-q3,3,corpus_doc_2291,paper_2291,IV,Analysis Of Csm-Mab,7,0.920657,1 Multi-user Communication Networks: A C… §IV Analysis Of Csm-Mab
NB-HPN-2291-q3,4,corpus_doc_2291,paper_2291,VIII,Discussion,16,0.782354,1 Multi-user Communication Networks: A C… §VIII Discussion
NB-HPN-2291-q3,5,corpus_doc_2291,paper_2291,III,Csm-Mab Algorithm,4,0.656995,1 Multi-user Communication Networks: A C… §III Csm-Mab Algorithm
NB-HPN-2291-q3,6,corpus_doc_2291,paper_2291,III,Csm-Mab Algorithm,5,0.650254,1 Multi-user Communication Networks: A C… §III Csm-Mab Algorithm
NB-HPN-2291-q3,7,corpus_doc_2291,paper_2291,V,D-Csm-Mab Algorithm,10,0.568121,1 Multi-user Communication Networks: A C… §V D-Csm-Mab Algorithm
NB-HPN-2291-q3,8,corpus_doc_2291,paper_2291,VI,D-Csm-Mab Analysis,11,0.474699,1 Multi-user Communication Networks: A C… §VI D-Csm-Mab Analysis
NB-HPN-2291-q3,9,corpus_doc_2097,paper_2097,V,Experimental Evaluation,9,0.463973,Downlink Multi-user sub-THz Communicatio… §V Experimental Evaluation
NB-HPN-2291-q3,10,corpus_doc_0218,paper_0218,4.3,System,6,0.295922,. . Latest updates: h ps://dl.acm.org/do… §4.3 System
NB-HPN-2291-q3,11,corpus_doc_0436,paper_0436,IV,Most Preferred Protocols,9,0.206779,arXiv:0906.0531v2 cs. NI 8 Jan 2010 1 Me… §IV Most Preferred Protocols
NB-HPN-2291-q3,12,corpus_doc_0477,paper_0477,I,Introduction T O,3,0.093681,1 Throughput Maximization in Uncooperati… §I Introduction T O
NB-HPN-2291-q3,13,corpus_doc_0477,paper_0477,III,T Wo User Network With One,8,0.093404,1 Throughput Maximization in Uncooperati… §III T Wo User Network With One
NB-HPN-2291-q3,14,corpus_doc_1593,paper_1593,6.1,Implementation,9,0.058195,. . Latest updates: h ps://dl.acm.org/do… §6.1 Implementation
NB-HPN-2291-q3,15,corpus_doc_2291,paper_2291,VIII,Discussion,17,0.050488,1 Multi-user Communication Networks: A C… §VIII Discussion
NB-HPN-2291-q3,16,corpus_doc_2291,paper_2291,III,Csm-Mab Algorithm,6,0.043309,1 Multi-user Communication Networks: A C… §III Csm-Mab Algorithm
NB-HPN-2291-q3,17,corpus_doc_0559,paper_0559,I,Introduction,1,0.038664,Mitigating Timing Side Channel in Shared… §I Introduction
NB-HPN-2291-q3,18,corpus_doc_0477,paper_0477,V,Assigning Uncooperative Users To Channel Resources,12,0.026348,1 Throughput Maximization in Uncooperati… §V Assigning Uncooperative Users To Channel Resources
NB-HPN-2291-q3,19,corpus_doc_0487,paper_0487,VII,Theoretical Analysis,12,0.009872,IEEE/ACM TRANSACTIONS ON NETWORKING 1 A … §VII Theoretical Analysis
NB-HPN-2291-q3,20,corpus_doc_0226,paper_0226,15,Appendix,4,0.002455,1 Modeling the Dynamics of Network Techn… §15 Appendix
NB-HPN-1648-q1,1,corpus_doc_1648,paper_1648,I,Introduction Inthe,1,0.979893,IEEE/ACM TRANSACTIONS ON NETWORKING 1 LG… §I Introduction Inthe
NB-HPN-1648-q1,2,corpus_doc_1648,paper_1648,II,Related Work,3,0.963634,IEEE/ACM TRANSACTIONS ON NETWORKING 1 LG… §II Related Work
NB-HPN-1648-q1,3,corpus_doc_0743,paper_0743,1,Introduction,0,0.947561,D O I : 1 0 . 1 5 8 7 / t r a n s i n f … §1 Introduction
NB-HPN-1648-q1,4,corpus_doc_1648,paper_1648,III,Motivation,4,0.942635,IEEE/ACM TRANSACTIONS ON NETWORKING 1 LG… §III Motivation
NB-HPN-1648-q1,5,corpus_doc_0974,paper_0974,I,Introduction Afundamental,2,0.893656,IEEE TRANSACTIONS ON NETWORK AND SERVICE… §I Introduction Afundamental
NB-HPN-1648-q1,6,corpus_doc_1681,paper_1681,1,Introduction,1,0.794280,A Multilevel Network-assisted Congestion… §1 Introduction
NB-HPN-1648-q1,7,corpus_doc_0197,paper_0197,3.1,Framework,11,0.786928,Congestion Control for High Bandwidth-De… §3.1 Framework
NB-HPN-1648-q1,8,corpus_doc_1974,paper_1974,2,Related Work,3,0.786829,Using Overlays For Ef cient Data Transfe… §2 Related Work
NB-HPN-1648-q1,9,corpus_doc_0197,paper_0197,3.1,Framework,10,0.783141,Congestion Control for High Bandwidth-De… §3.1 Framework
NB-HPN-1648-q1,10,corpus_doc_0047,paper_0047,5.4,Implementation,21,0.741908,UDT: UDP-based data transfer for high-sp… §5.4 Implementation
NB-HPN-1648-q1,11,corpus_doc_0743,paper_0743,3.1,Overview,2,0.738098,D O I : 1 0 . 1 5 8 7 / t r a n s i n f … §3.1 Overview
NB-HPN-1648-q1,12,corpus_doc_0331,paper_0331,I,Introduction,3,0.614017,LoRDMA: A New Low-Rate DoS Attack in RDM… §I Introduction
NB-HPN-1648-q1,13,corpus_doc_1612,paper_1612,7,Overview,4,0.547597,International Journal of Computer Networ… §7 Overview
NB-HPN-1648-q1,14,corpus_doc_1974,paper_1974,2,Related Work,4,0.522845,Using Overlays For Ef cient Data Transfe… §2 Related Work
NB-HPN-1648-q1,15,corpus_doc_0197,paper_0197,,Abstract,0,0.480685,Congestion Control for High Bandwidth-De… §Abstract
NB-HPN-1648-q1,16,corpus_doc_0932,paper_0932,1,Introduction,1,0.288401,This paper is included in the Proceeding… §1 Introduction
NB-HPN-1648-q1,17,corpus_doc_0817,paper_0817,I,Introduction,3,0.240241,Parallel TCP Sockets: Simple Model Throu… §I Introduction
NB-HPN-1648-q1,18,corpus_doc_1862,paper_1862,I,Introduction,3,0.144536,Parallel TCP Sockets: Simple Model Throu… §I Introduction
NB-HPN-1648-q1,19,corpus_doc_0743,paper_0743,5,Conclusion,13,0.077297,D O I : 1 0 . 1 5 8 7 / t r a n s i n f … §5 Conclusion
NB-HPN-1648-q1,20,corpus_doc_0428,paper_0428,3,Approach,3,0.004308,Journal of Information Processing Vol.25… §3 Approach
NB-HPN-2204-q1,1,corpus_doc_2204,paper_2204,,Abstract,0,0.972292,Preprint Accepted paper at IEEE HPSR 202… §Abstract
NB-HPN-2204-q1,2,corpus_doc_0803,paper_0803,,,1,0.971564,Datacenter Ethernet and RDMA: Issues at … §
NB-HPN-2204-q1,3,corpus_doc_2204,paper_2204,I,Introduction,1,0.964093,Preprint Accepted paper at IEEE HPSR 202… §I Introduction
NB-HPN-2204-q1,4,corpus_doc_2204,paper_2204,I,Introduction,2,0.953539,Preprint Accepted paper at IEEE HPSR 202… §I Introduction
NB-HPN-2204-q1,5,corpus_doc_1049,paper_1049,III,Network Acceleration,12,0.927588,IEEE COMMUNICATIONS SURVEYS & TUTORIALS … §III Network Acceleration
NB-HPN-2204-q1,6,corpus_doc_1137,paper_1137,1,Introduction,1,0.900516,FEROCE: Front-End RDMA Over Converged Et… §1 Introduction
NB-HPN-2204-q1,7,corpus_doc_0159,paper_0159,3,Evaluation,1,0.899934,arXiv:2506.08132v1 cs. NI 9 Jun 2025 Pre… §3 Evaluation
NB-HPN-2204-q1,8,corpus_doc_0745,paper_0745,,Abstract,0,0.883702,INSERT: In-Network Stateful End-to-End R… §Abstract
NB-HPN-2204-q1,9,corpus_doc_1559,paper_1559,III,Link Layer,5,0.841071,Received February 16 2021 accepted March… §III Link Layer
NB-HPN-2204-q1,10,corpus_doc_1131,paper_1131,2,Background,2,0.839348,Corresponding author: Santhosh Katragadd… §2 Background
NB-HPN-2204-q1,11,corpus_doc_0441,paper_0441,I,Introduction,1,0.837804,Bifrost: Extending RoCE for Long Distanc… §I Introduction
NB-HPN-2204-q1,12,corpus_doc_1131,paper_1131,1,Introduction,1,0.818323,Corresponding author: Santhosh Katragadd… §1 Introduction
NB-HPN-2204-q1,13,corpus_doc_2295,paper_2295,2,Background,2,0.794248,ISSN Print: 0976-6367 ISSN Online: 0976-… §2 Background
NB-HPN-2204-q1,14,corpus_doc_0941,paper_0941,2,Background,3,0.789218,This paper is included in the Proceeding… §2 Background
NB-HPN-2204-q1,15,corpus_doc_2055,paper_2055,2,Background,3,0.781600,This paper is included in the Proceeding… §2 Background
NB-HPN-2204-q1,16,corpus_doc_1137,paper_1137,,Abstract,0,0.716566,FEROCE: Front-End RDMA Over Converged Et… §Abstract
NB-HPN-2204-q1,17,corpus_doc_0803,paper_0803,,Abstract,0,0.704729,Datacenter Ethernet and RDMA: Issues at … §Abstract
NB-HPN-2204-q1,18,corpus_doc_0307,paper_0307,1,Introduction,1,0.651067,Revisiting Network Support for RDMA Exte… §1 Introduction
NB-HPN-2204-q1,19,corpus_doc_0331,paper_0331,I,Introduction,1,0.644720,LoRDMA: A New Low-Rate DoS Attack in RDM… §I Introduction
NB-HPN-2204-q1,20,corpus_doc_0941,paper_0941,,Abstract,0,0.331322,This paper is included in the Proceeding… §Abstract
NB-HPN-1594-q3,1,corpus_doc_1594,paper_1594,I,Introduction,1,0.960648,arXiv:1804.04921v2 cs. NI 14 Dec 2018 1 … §I Introduction
NB-HPN-1594-q3,2,corpus_doc_1594,paper_1594,II,Related Work,3,0.926782,arXiv:1804.04921v2 cs. NI 14 Dec 2018 1 … §II Related Work
NB-HPN-1594-q3,3,corpus_doc_0966,paper_0966,VII,Buffer -Limited File Transfers,11,0.905000,FlEC: Enhancing QUIC with application-ta… §VII Buffer -Limited File Transfers
NB-HPN-1594-q3,4,corpus_doc_1594,paper_1594,II,Related Work,2,0.787811,arXiv:1804.04921v2 cs. NI 14 Dec 2018 1 … §II Related Work
NB-HPN-1594-q3,5,corpus_doc_0117,paper_0117,3,Implementation,2,0.693024,This paper is included in the Proceeding… §3 Implementation
NB-HPN-1594-q3,6,corpus_doc_0197,paper_0197,3.1,Framework,2,0.665766,Congestion Control for High Bandwidth-De… §3.1 Framework
NB-HPN-1594-q3,7,corpus_doc_0197,paper_0197,3.1,Framework,1,0.663095,Congestion Control for High Bandwidth-De… §3.1 Framework
NB-HPN-1594-q3,8,corpus_doc_0199,paper_0199,4,Design,8,0.604065,. . Latest updates: h ps://dl.acm.org/do… §4 Design
NB-HPN-1594-q3,9,corpus_doc_0596,paper_0596,IV,Implementation,5,0.491456,Los Alamos an affirmative action/equal o… §IV Implementation
NB-HPN-1594-q3,10,corpus_doc_0176,paper_0176,,,0,0.424142,58 COMMUNICATIONS OF THE ACM FEBRUARY 20… §
NB-HPN-1594-q3,11,corpus_doc_0197,paper_0197,3.1,Framework,3,0.282666,Congestion Control for High Bandwidth-De… §3.1 Framework
NB-HPN-1594-q3,12,corpus_doc_0732,paper_0732,2,Background,14,0.250792,Flow Consolidation for Congestion Contro… §2 Background
NB-HPN-1594-q3,13,corpus_doc_0447,paper_0447,,,14,0.235787,Continuous In-Network Round-Trip Time Mo… §
NB-HPN-1594-q3,14,corpus_doc_0197,paper_0197,3.1,Framework,14,0.204950,Congestion Control for High Bandwidth-De… §3.1 Framework
NB-HPN-1594-q3,15,corpus_doc_0174,paper_0174,3.2,Implementation,3,0.164716,AMERICAN ACADEMIC PUBLISHER 1 INTERNATIO… §3.2 Implementation
NB-HPN-1594-q3,16,corpus_doc_1379,paper_1379,III,Bbr Overview,3,0.129461,BBR Fairness Evaluation Using NS-3 Linch… §III Bbr Overview
NB-HPN-1594-q3,17,corpus_doc_1204,paper_1204,7.2,Experimental,21,0.105823,. . Latest updates: h ps://dl.acm.org/do… §7.2 Experimental
NB-HPN-1594-q3,18,corpus_doc_1594,paper_1594,II,Related Work,11,0.079117,arXiv:1804.04921v2 cs. NI 14 Dec 2018 1 … §II Related Work
NB-HPN-1594-q3,19,corpus_doc_0966,paper_0966,III,Tunable Reliability Mechanisms,4,0.058328,FlEC: Enhancing QUIC with application-ta… §III Tunable Reliability Mechanisms
NB-HPN-1594-q3,20,corpus_doc_1594,paper_1594,,Abstract,0,0.045668,arXiv:1804.04921v2 cs. NI 14 Dec 2018 1 … §Abstract
NB-HPN-0404-q3,1,corpus_doc_0404,paper_0404,,Abstract,0,0.952583,. . Latest updates: h ps://dl.acm.org/do… §Abstract
NB-HPN-0404-q3,2,corpus_doc_0404,paper_0404,5.4,Performance,8,0.938097,. . Latest updates: h ps://dl.acm.org/do… §5.4 Performance
NB-HPN-0404-q3,3,corpus_doc_0974,paper_0974,I,Introduction Afundamental,1,0.844980,IEEE TRANSACTIONS ON NETWORK AND SERVICE… §I Introduction Afundamental
NB-HPN-0404-q3,4,corpus_doc_0404,paper_0404,5.3,Performance,4,0.844780,. . Latest updates: h ps://dl.acm.org/do… §5.3 Performance
NB-HPN-0404-q3,5,corpus_doc_1872,paper_1872,7.5,Evaluation,7,0.775385,. . Latest updates: h ps://dl.acm.org/do… §7.5 Evaluation
NB-HPN-0404-q3,6,corpus_doc_2282,paper_2282,I,Introduction,3,0.720136,Received January 19 2021 accepted Februa… §I Introduction
NB-HPN-0404-q3,7,corpus_doc_1748,paper_1748,4.5,Discussion,14,0.719951,HAL Id: hal-03905784 Submitted on 19 Dec… §4.5 Discussion
NB-HPN-0404-q3,8,corpus_doc_0404,paper_0404,5.4,Performance,7,0.682074,. . Latest updates: h ps://dl.acm.org/do… §5.4 Performance
NB-HPN-0404-q3,9,corpus_doc_0342,paper_0342,I,Introduction A S,2,0.646903,When Machine Learning Meets Congestion C… §I Introduction A S
NB-HPN-0404-q3,10,corpus_doc_2282,paper_2282,I,Introduction,1,0.629646,Received January 19 2021 accepted Februa… §I Introduction
NB-HPN-0404-q3,11,corpus_doc_1459,paper_1459,1,Introduction,1,0.621572,Robustifying Measurement-Based Congestio… §1 Introduction
NB-HPN-0404-q3,12,corpus_doc_1372,paper_1372,,Abstract,0,0.577184,. . Latest updates: h ps://dl.acm.org/do… §Abstract
NB-HPN-0404-q3,13,corpus_doc_0342,paper_0342,I,Introduction A S,3,0.349378,When Machine Learning Meets Congestion C… §I Introduction A S
NB-HPN-0404-q3,14,corpus_doc_0513,paper_0513,I,Introduction,1,0.348243,A Deep Reinforcement Learning Framework … §I Introduction
NB-HPN-0404-q3,15,corpus_doc_2255,paper_2255,2,Background,4,0.342907,This paper is included in the Proceeding… §2 Background
NB-HPN-0404-q3,16,corpus_doc_1025,paper_1025,1,Introduction,2,0.327838,No Signal to Rule Them All: A Systematic… §1 Introduction
NB-HPN-0404-q3,17,corpus_doc_2166,paper_2166,1.1,Motivation,2,0.165138,See discussions stats and author profile… §1.1 Motivation
NB-HPN-0404-q3,18,corpus_doc_1695,paper_1695,1.1,Motivation,2,0.127067,Applied Techniques for High Bandwidth Da… §1.1 Motivation
NB-HPN-0404-q3,19,corpus_doc_0342,paper_0342,,Abstract,0,0.045078,When Machine Learning Meets Congestion C… §Abstract
NB-HPN-0404-q3,20,corpus_doc_0342,paper_0342,IX,Conclusion,20,0.010650,When Machine Learning Meets Congestion C… §IX Conclusion
NB-HPN-1109-q0,1,corpus_doc_0510,paper_0510,,Abstract,0,0.974814,IJACSA International Journal of Advanced… §Abstract
NB-HPN-1109-q0,2,corpus_doc_1151,paper_1151,9,Architecture,3,0.968254,The American Journal of Interdisciplinar… §9 Architecture
NB-HPN-1109-q0,3,corpus_doc_0510,paper_0510,III,Asurvey Of Infiniband And Ipoib,3,0.968207,IJACSA International Journal of Advanced… §III Asurvey Of Infiniband And Ipoib
NB-HPN-1109-q0,4,corpus_doc_0510,paper_0510,I,Introduction,1,0.965639,IJACSA International Journal of Advanced… §I Introduction
NB-HPN-1109-q0,5,corpus_doc_1049,paper_1049,III,Network Acceleration,12,0.922224,IEEE COMMUNICATIONS SURVEYS & TUTORIALS … §III Network Acceleration
NB-HPN-1109-q0,6,corpus_doc_0510,paper_0510,VII,Conclusions And Future Work,11,0.921754,IJACSA International Journal of Advanced… §VII Conclusions And Future Work
NB-HPN-1109-q0,7,corpus_doc_1297,paper_1297,4,Results,5,0.897813,Corresponding author: Oluwatosin Oladayo… §4 Results
NB-HPN-1109-q0,8,corpus_doc_1131,paper_1131,1,Introduction,1,0.892760,Corresponding author: Santhosh Katragadd… §1 Introduction
NB-HPN-1109-q0,9,corpus_doc_1358,paper_1358,2,Background,3,0.884143,OnePiece: A Large-Scale Distributed Infe… §2 Background
NB-HPN-1109-q0,10,corpus_doc_1817,paper_1817,,,1,0.863792,arXiv:2001.07747v2 cs. DC 30 Jun 2020 En… §
NB-HPN-1109-q0,11,corpus_doc_1297,paper_1297,6,Conclusion,7,0.786615,Corresponding author: Oluwatosin Oladayo… §6 Conclusion
NB-HPN-1109-q0,12,corpus_doc_1297,paper_1297,,Abstract,0,0.786416,Corresponding author: Oluwatosin Oladayo… §Abstract
NB-HPN-1109-q0,13,corpus_doc_1385,paper_1385,1.1,Overview,2,0.778663,NeVerMore: Exploiting RDMA Mistakes in N… §1.1 Overview
NB-HPN-1109-q0,14,corpus_doc_1385,paper_1385,4.4.2,Implementation,11,0.735342,NeVerMore: Exploiting RDMA Mistakes in N… §4.4.2 Implementation
NB-HPN-1109-q0,15,corpus_doc_1753,paper_1753,1.1,Introduction,2,0.724803,A RoCE-based network framework for scien… §1.1 Introduction
NB-HPN-1109-q0,16,corpus_doc_2338,paper_2338,1,Introduction,18,0.694436,Lehigh Preserve Institutional Repository… §1 Introduction
NB-HPN-1109-q0,17,corpus_doc_0752,paper_0752,II,Background,2,0.666000,HAL Id: hal-04895326 Submitted on 17 Jan… §II Background
NB-HPN-1109-q0,18,corpus_doc_1186,paper_1186,30,Background,25,0.623519,Techniques for low-latency and high-band… §30 Background
NB-HPN-1109-q0,19,corpus_doc_2123,paper_2123,5,Evaluation,5,0.554347,CoRD: Converged RDMA Dataplane for High-… §5 Evaluation
NB-HPN-1109-q0,20,corpus_doc_0311,paper_0311,,Abstract,0,0.541416,SCHWERPUNKTBEITRAG Datenbank Spektrum 20… §Abstract
NB-HPN-2175-q0,1,corpus_doc_2175,paper_2175,,Abstract,0,0.993814,Towards Stability Analysis of Data Trans… §Abstract
NB-HPN-2175-q0,2,corpus_doc_2175,paper_2175,1,Introduction,1,0.958680,Towards Stability Analysis of Data Trans… §1 Introduction
NB-HPN-2175-q0,3,corpus_doc_2175,paper_2175,2,Background,2,0.875982,Towards Stability Analysis of Data Trans… §2 Background
NB-HPN-2175-q0,4,corpus_doc_0197,paper_0197,3.1,Framework,11,0.806470,Congestion Control for High Bandwidth-De… §3.1 Framework
NB-HPN-2175-q0,5,corpus_doc_2194,paper_2194,II,Asimplified Model Of Tcp Traffic,2,0.803669,HAL Id: inria-00633195 Submitted on 22 O… §II Asimplified Model Of Tcp Traffic
NB-HPN-2175-q0,6,corpus_doc_1910,paper_1910,IV,System Modeling And Stability,7,0.780292,IEEE/ACM TRANSACTIONS ON NETWORKING 1 En… §IV System Modeling And Stability
NB-HPN-2175-q0,7,corpus_doc_0623,paper_0623,,,5,0.762881,On Dynamics of TransportP rotocols Over … §
NB-HPN-2175-q0,8,corpus_doc_1665,paper_1665,I,Introduction,2,0.628019,arXiv:2505.07741v1 cs. NI 12 May 2025 BB… §I Introduction
NB-HPN-2175-q0,9,corpus_doc_1520,paper_1520,,,1,0.604211,The Case for Model-Driven Interpretabili… §
NB-HPN-2175-q0,10,corpus_doc_1990,paper_1990,VII,Complete User Model - Window Control,9,0.565592,arXiv:1303.3796v1 cs. NI 15 Mar 2013 1 T… §VII Complete User Model - Window Control
NB-HPN-2175-q0,11,corpus_doc_1990,paper_1990,,Abstract,0,0.559772,arXiv:1303.3796v1 cs. NI 15 Mar 2013 1 T… §Abstract
NB-HPN-2175-q0,12,corpus_doc_1990,paper_1990,VIII,General Network Model,12,0.548392,arXiv:1303.3796v1 cs. NI 15 Mar 2013 1 T… §VIII General Network Model
NB-HPN-2175-q0,13,corpus_doc_2175,paper_2175,4,Analysis,4,0.487871,Towards Stability Analysis of Data Trans… §4 Analysis
NB-HPN-2175-q0,14,corpus_doc_2107,paper_2107,2.3,Related Work,21,0.477228,LOSSLESS ETHERNET AND ITS APPLICA TIONS … §2.3 Related Work
NB-HPN-2175-q0,15,corpus_doc_1990,paper_1990,III,Fluid -Flow Idealization,2,0.324313,arXiv:1303.3796v1 cs. NI 15 Mar 2013 1 T… §III Fluid -Flow Idealization
NB-HPN-2175-q0,16,corpus_doc_2107,paper_2107,4.7,Conclusion,48,0.226714,LOSSLESS ETHERNET AND ITS APPLICA TIONS … §4.7 Conclusion
NB-HPN-2175-q0,17,corpus_doc_1990,paper_1990,VIII,General Network Model,13,0.170165,arXiv:1303.3796v1 cs. NI 15 Mar 2013 1 T… §VIII General Network Model
NB-HPN-2175-q0,18,corpus_doc_1520,paper_1520,,Abstract,0,0.149264,The Case for Model-Driven Interpretabili… §Abstract
NB-HPN-2175-q0,19,corpus_doc_1520,paper_1520,,,7,0.093571,The Case for Model-Driven Interpretabili… §
NB-HPN-2175-q0,20,corpus_doc_0866,paper_0866,1,Introduction,10,0.036238,Dynamic Games and Applications 2022 12:7… §1 Introduction
NB-HPN-2323-q0,1,corpus_doc_2323,paper_2323,1,Introduction,0,0.982799,Future Generation Computer Systems Conte… §1 Introduction
NB-HPN-2323-q0,2,corpus_doc_2323,paper_2323,2,Background,1,0.951226,Future Generation Computer Systems Conte… §2 Background
NB-HPN-2323-q0,3,corpus_doc_2323,paper_2323,9,Conclusions,12,0.826159,Future Generation Computer Systems Conte… §9 Conclusions
NB-HPN-2323-q0,4,corpus_doc_2323,paper_2323,3.1,Background,2,0.700685,Future Generation Computer Systems Conte… §3.1 Background
NB-HPN-2323-q0,5,corpus_doc_2323,paper_2323,6.3,Experiment,10,0.692125,Future Generation Computer Systems Conte… §6.3 Experiment
NB-HPN-2323-q0,6,corpus_doc_1927,paper_1927,I,Introduction T He,1,0.462999,IEEE TRANSACTIONS ON PARALLEL AND DISTRI… §I Introduction T He
NB-HPN-2323-q0,7,corpus_doc_0733,paper_0733,I,Introduction,1,0.384837,Machine Learning for Data Transfer Anoma… §I Introduction
NB-HPN-2323-q0,8,corpus_doc_2024,paper_2024,9,References,4,0.365803,DOE Network 2025: Network Research Probl… §9 References
NB-HPN-2323-q0,9,corpus_doc_0382,paper_0382,,Abstract,0,0.364633,Use Only What You Need: Judicious Parall… §Abstract
NB-HPN-2323-q0,10,corpus_doc_1363,paper_1363,1,Introduction,1,0.182486,Calibers: A Bandwidth Calendaring Paradi… §1 Introduction
NB-HPN-2323-q0,11,corpus_doc_2323,paper_2323,7,Discussion,11,0.175347,Future Generation Computer Systems Conte… §7 Discussion
NB-HPN-2323-q0,12,corpus_doc_2024,paper_2024,3,Design,9,0.159273,DOE Network 2025: Network Research Probl… §3 Design
NB-HPN-2323-q0,13,corpus_doc_1927,paper_1927,,Abstract,0,0.151672,IEEE TRANSACTIONS ON PARALLEL AND DISTRI… §Abstract
NB-HPN-2323-q0,14,corpus_doc_1102,paper_1102,,,0,0.095664,Project Title: ESnet On-demand Secure Ci… §
NB-HPN-2323-q0,15,corpus_doc_1639,paper_1639,I,Introduction,1,0.031291,Towards On-Demand Metaverse Service Depl… §I Introduction
NB-HPN-2323-q0,16,corpus_doc_0026,paper_0026,1,Introduction,1,0.022717,Towards a Smart Data Transfer Node Zheng… §1 Introduction
NB-HPN-2323-q0,17,corpus_doc_0587,paper_0587,1,Introduction,1,0.018539,Toward a Smart Data Transfer Node Zhengc… §1 Introduction
NB-HPN-2323-q0,18,corpus_doc_0269,paper_0269,II,Related Work A,2,0.012716,Modeling Inter-DC Bulk Data Transfer in … §II Related Work A
NB-HPN-2323-q0,19,corpus_doc_0175,paper_0175,3.2,Performance,3,0.007047,. . Latest updates: h ps://dl.acm.org/do… §3.2 Performance
NB-HPN-2323-q0,20,corpus_doc_1860,paper_1860,III,Network Model And Definitions,9,0.003997,IEEE TRANSACTIONS ON EMERGING TOPICS IN … §III Network Model And Definitions
NB-HPN-1303-q0,1,corpus_doc_1303,paper_1303,I,Introduction,1,0.990576,Understanding and Improving Computationa… §I Introduction
NB-HPN-1303-q0,2,corpus_doc_1303,paper_1303,II,Target System And Methodology,2,0.951688,Understanding and Improving Computationa… §II Target System And Methodology
NB-HPN-1303-q0,3,corpus_doc_2331,paper_2331,I,Introduction,1,0.950513,24/7 Characterization of Petascale I/O W… §I Introduction
NB-HPN-1303-q0,4,corpus_doc_1425,paper_1425,VII,Rela Ted Work,13,0.923251,Server-side Log Data Analytics for I/O W… §VII Rela Ted Work
NB-HPN-1303-q0,5,corpus_doc_2331,paper_2331,IV,Darshan,4,0.909647,24/7 Characterization of Petascale I/O W… §IV Darshan
NB-HPN-1303-q0,6,corpus_doc_1969,paper_1969,II,Rela Ted Work,2,0.892571,ARGONNE NATIONAL LABORATORY 9700 South C… §II Rela Ted Work
NB-HPN-1303-q0,7,corpus_doc_0665,paper_0665,3.1,System,3,0.848932,End-to-End Online Performance Data Captu… §3.1 System
NB-HPN-1303-q0,8,corpus_doc_2331,paper_2331,IV,Darshan,5,0.847385,24/7 Characterization of Petascale I/O W… §IV Darshan
NB-HPN-1303-q0,9,corpus_doc_2331,paper_2331,V,Case Studies,8,0.823476,24/7 Characterization of Petascale I/O W… §V Case Studies
NB-HPN-1303-q0,10,corpus_doc_2331,paper_2331,VI,Darshan Scalability Analysis,12,0.774347,24/7 Characterization of Petascale I/O W… §VI Darshan Scalability Analysis
NB-HPN-1303-q0,11,corpus_doc_2331,paper_2331,,Abstract,0,0.750340,24/7 Characterization of Petascale I/O W… §Abstract
NB-HPN-1303-q0,12,corpus_doc_2331,paper_2331,IV,Darshan,6,0.742161,24/7 Characterization of Petascale I/O W… §IV Darshan
NB-HPN-1303-q0,13,corpus_doc_1303,paper_1303,II,Target System And Methodology,4,0.725287,Understanding and Improving Computationa… §II Target System And Methodology
NB-HPN-1303-q0,14,corpus_doc_1452,paper_1452,III,U Se Cases Llnl,6,0.696884,LLNL-CONF-866116 Evolving Large Scale HP… §III U Se Cases Llnl
NB-HPN-1303-q0,15,corpus_doc_2331,paper_2331,VII,Conclusions And Future Directions,13,0.680540,24/7 Characterization of Petascale I/O W… §VII Conclusions And Future Directions
NB-HPN-1303-q0,16,corpus_doc_1303,paper_1303,II,Target System And Methodology,3,0.680238,Understanding and Improving Computationa… §II Target System And Methodology
NB-HPN-1303-q0,17,corpus_doc_1932,paper_1932,2.2,System,0,0.657402,This is a repository copy of Parallel fi… §2.2 System
NB-HPN-1303-q0,18,corpus_doc_2093,paper_2093,2.4.1,Overview,26,0.470448,Title Improving TCP Throughput for Cloud… §2.4.1 Overview
NB-HPN-1303-q0,19,corpus_doc_2331,paper_2331,IV,Darshan,7,0.454032,24/7 Characterization of Petascale I/O W… §IV Darshan
NB-HPN-1303-q0,20,corpus_doc_1303,paper_1303,,Abstract,0,0.309443,Understanding and Improving Computationa… §Abstract
NB-HPN-1897-q0,1,corpus_doc_1897,paper_1897,1,Introduction,1,0.932911,Future Generation Computer Systems 29 20… §1 Introduction
NB-HPN-1897-q0,2,corpus_doc_2075,paper_2075,2,Experimental,5,0.868503,Characterizing and Predicting TCP Throug… §2 Experimental
NB-HPN-1897-q0,3,corpus_doc_1897,paper_1897,1,Introduction,2,0.836411,Future Generation Computer Systems 29 20… §1 Introduction
NB-HPN-1897-q0,4,corpus_doc_1765,paper_1765,II,General Approach To Probing,2,0.819910,Active Probing Approach for Fault Locali… §II General Approach To Probing
NB-HPN-1897-q0,5,corpus_doc_1028,paper_1028,,,2,0.703657,Time Series Analysis for Efficient Sampl… §
NB-HPN-1897-q0,6,corpus_doc_0430,paper_0430,4,Performance,1,0.660803,On Optimal Probing for Delay and Loss Me… §4 Performance
NB-HPN-1897-q0,7,corpus_doc_0430,paper_0430,4,Performance,2,0.624789,On Optimal Probing for Delay and Loss Me… §4 Performance
NB-HPN-1897-q0,8,corpus_doc_1897,paper_1897,7,Conclusion,12,0.624029,Future Generation Computer Systems 29 20… §7 Conclusion
NB-HPN-1897-q0,9,corpus_doc_0430,paper_0430,4,Performance,3,0.602942,On Optimal Probing for Delay and Loss Me… §4 Performance
NB-HPN-1897-q0,10,corpus_doc_0635,paper_0635,I,Introduction,1,0.567544,Swift and Accurate End-to-End Throughput… §I Introduction
NB-HPN-1897-q0,11,corpus_doc_0739,paper_0739,,,1,0.561892,arXiv:1801.02123v1 cs. NI 7 Jan 2018 Tim… §
NB-HPN-1897-q0,12,corpus_doc_0650,paper_0650,VI,Related Work,10,0.543776,UvA-DARE is a service provided by the li… §VI Related Work
NB-HPN-1897-q0,13,corpus_doc_2362,paper_2362,VI,Related Work,10,0.451197,1 Deterministic and Probabilistic P4-Ena… §VI Related Work
NB-HPN-1897-q0,14,corpus_doc_0635,paper_0635,II,Related Work,2,0.438455,Swift and Accurate End-to-End Throughput… §II Related Work
NB-HPN-1897-q0,15,corpus_doc_1721,paper_1721,I,Introduction,1,0.334456,1 Multi-objective Monitoring for SLA Com… §I Introduction
NB-HPN-1897-q0,16,corpus_doc_0430,paper_0430,192,Experiment,12,0.243309,On Optimal Probing for Delay and Loss Me… §192 Experiment
NB-HPN-1897-q0,17,corpus_doc_0430,paper_0430,192,Experiment,13,0.142014,On Optimal Probing for Delay and Loss Me… §192 Experiment
NB-HPN-1897-q0,18,corpus_doc_0143,paper_0143,2,Background,2,0.120402,One Sketch to Rule Them All: Rethinking … §2 Background
NB-HPN-1897-q0,19,corpus_doc_0009,paper_0009,IV,Subpa Thbandwidth Measurement Using Cartouche Probing,9,0.103445,80 IEEE/ACM TRANSACTIONS ON NETWORKING V… §IV Subpa Thbandwidth Measurement Using Cartouche Probing
NB-HPN-1897-q0,20,corpus_doc_1179,paper_1179,7.7,Related Work,82,0.057524,Alma Mater Studiorum Alma Mater Studioru… §7.7 Related Work
NB-HPN-1483-q0,1,corpus_doc_1483,paper_1483,II,Model And Definitions,3,0.979092,Scheduling Stochastic Traffic With End-t… §II Model And Definitions
NB-HPN-1483-q0,2,corpus_doc_0402,paper_0402,1,Introduction,2,0.933742,Heat-Di usion: Pareto Optimal Dynamic Ro… §1 Introduction
NB-HPN-1483-q0,3,corpus_doc_1483,paper_1483,II,Model And Definitions,4,0.918987,Scheduling Stochastic Traffic With End-t… §II Model And Definitions
NB-HPN-1483-q0,4,corpus_doc_1483,paper_1483,II,Model And Definitions,5,0.918066,Scheduling Stochastic Traffic With End-t… §II Model And Definitions
NB-HPN-1483-q0,5,corpus_doc_1483,paper_1483,II,Model And Definitions,6,0.887469,Scheduling Stochastic Traffic With End-t… §II Model And Definitions
NB-HPN-1483-q0,6,corpus_doc_1811,paper_1811,I,Introduction,1,0.880601,arXiv:1011.3594v1 cs. NI 16 Nov 2010 1 A… §I Introduction
NB-HPN-1483-q0,7,corpus_doc_0603,paper_0603,II,Contribution And Past Works,2,0.870883,1224 IEEE/ACM TRANSACTIONS ON NETWORKING… §II Contribution And Past Works
NB-HPN-1483-q0,8,corpus_doc_0055,paper_0055,II,Related Work,3,0.861959,1 Leveraging Physical Layer Capabilites:… §II Related Work
NB-HPN-1483-q0,9,corpus_doc_0055,paper_0055,IV,S Ub-Network Scheduling,5,0.851546,1 Leveraging Physical Layer Capabilites:… §IV S Ub-Network Scheduling
NB-HPN-1483-q0,10,corpus_doc_1483,paper_1483,I,Introduction,2,0.846069,Scheduling Stochastic Traffic With End-t… §I Introduction
NB-HPN-1483-q0,11,corpus_doc_0603,paper_0603,III,System Description,4,0.790431,1224 IEEE/ACM TRANSACTIONS ON NETWORKING… §III System Description
NB-HPN-1483-q0,12,corpus_doc_2314,paper_2314,2,Related Work,8,0.749989,arXiv:1810.04109v3 cs. IT 18 Feb 2020 Pe… §2 Related Work
NB-HPN-1483-q0,13,corpus_doc_0055,paper_0055,VIII,Results,13,0.738491,1 Leveraging Physical Layer Capabilites:… §VIII Results
NB-HPN-1483-q0,14,corpus_doc_1153,paper_1153,VIII,Related Work,20,0.690658,1 Integrated Topology and Traffic Engine… §VIII Related Work
NB-HPN-1483-q0,15,corpus_doc_1909,paper_1909,I,Introduction T He,1,0.645379,1 On Characterizing the Local Pooling Fa… §I Introduction T He
NB-HPN-1483-q0,16,corpus_doc_1556,paper_1556,X,Conclusion,23,0.346263,1 Optimal and Approximation Algorithms f… §X Conclusion
NB-HPN-1483-q0,17,corpus_doc_0279,paper_0279,III,Minimizing Age With Active Sources,6,0.338103,Optimizing Information Freshness in Wire… §III Minimizing Age With Active Sources
NB-HPN-1483-q0,18,corpus_doc_1399,paper_1399,V,Protocol Details,7,0.156293,This is a postprint version of the follo… §V Protocol Details
NB-HPN-1483-q0,19,corpus_doc_1483,paper_1483,V,Proof Techniques,9,0.036708,Scheduling Stochastic Traffic With End-t… §V Proof Techniques
NB-HPN-1483-q0,20,corpus_doc_1940,paper_1940,II,T He Wireless Network Model,3,0.007770,1 Throughput-Optimal Multihop Broadcast … §II T He Wireless Network Model
NB-HPN-1298-q0,1,corpus_doc_1298,paper_1298,1,Introduction,0,0.947395,Reinforcement Learning for Datacenter Co… §1 Introduction
NB-HPN-1298-q0,2,corpus_doc_0104,paper_0104,III,Rl For Cc,3,0.778835,Implementing Reinforcement Learning Data… §III Rl For Cc
NB-HPN-1298-q0,3,corpus_doc_1298,paper_1298,2,Related Work,2,0.778052,Reinforcement Learning for Datacenter Co… §2 Related Work
NB-HPN-1298-q0,4,corpus_doc_1780,paper_1780,1,Introduction,1,0.770661,Iroko: A Framework to Prototype Reinforc… §1 Introduction
NB-HPN-1298-q0,5,corpus_doc_0513,paper_0513,III,System Architecture,3,0.764767,A Deep Reinforcement Learning Framework … §III System Architecture
NB-HPN-1298-q0,6,corpus_doc_1298,paper_1298,2,Related Work,1,0.757047,Reinforcement Learning for Datacenter Co… §2 Related Work
NB-HPN-1298-q0,7,corpus_doc_1629,paper_1629,I,Introduction T Cp,2,0.624444,1460 IEEE TRANSACTIONS ON SIGNAL PROCESS… §I Introduction T Cp
NB-HPN-1298-q0,8,corpus_doc_0513,paper_0513,I,Introduction,1,0.563891,A Deep Reinforcement Learning Framework … §I Introduction
NB-HPN-1298-q0,9,corpus_doc_0730,paper_0730,1,Introduction,1,0.533375,This paper is included in the Proceeding… §1 Introduction
NB-HPN-1298-q0,10,corpus_doc_0919,paper_0919,I,Introduction Adata,3,0.465610,IEEE TRANSACTIONS ON NETWORK AND SERVICE… §I Introduction Adata
NB-HPN-1298-q0,11,corpus_doc_1298,paper_1298,2,Related Work,3,0.432548,Reinforcement Learning for Datacenter Co… §2 Related Work
NB-HPN-1298-q0,12,corpus_doc_0152,paper_0152,,Abstract,0,0.379840,. . Latest updates: h ps://dl.acm.org/do… §Abstract
NB-HPN-1298-q0,13,corpus_doc_1872,paper_1872,7.5,Evaluation,11,0.339790,. . Latest updates: h ps://dl.acm.org/do… §7.5 Evaluation
NB-HPN-1298-q0,14,corpus_doc_1621,paper_1621,I,Introduction,1,0.310535,Simpson K. A. and Pezaros D. P. 2022 Rev… §I Introduction
NB-HPN-1298-q0,15,corpus_doc_0104,paper_0104,III,Rl For Cc,4,0.300191,Implementing Reinforcement Learning Data… §III Rl For Cc
NB-HPN-1298-q0,16,corpus_doc_2119,paper_2119,3.2,Overview,4,0.223527,P4eBalancer: Leveraging P4 and eBPF for … §3.2 Overview
NB-HPN-1298-q0,17,corpus_doc_0891,paper_0891,2.2,Architecture,5,0.102938,IBNS-Based Pattern-Based DDoS Detection … §2.2 Architecture
NB-HPN-1298-q0,18,corpus_doc_1631,paper_1631,I,Introduction,2,0.100108,Received March 5 2021 accepted March 19 … §I Introduction
NB-HPN-1298-q0,19,corpus_doc_0342,paper_0342,,Abstract,0,0.056815,When Machine Learning Meets Congestion C… §Abstract
NB-HPN-1298-q0,20,corpus_doc_0513,paper_0513,,Abstract,0,0.021105,A Deep Reinforcement Learning Framework … §Abstract
NB-HPN-1695-q0,1,corpus_doc_1695,paper_1695,1.1,Motivation,2,0.984266,Applied Techniques for High Bandwidth Da… §1.1 Motivation
NB-HPN-1695-q0,2,corpus_doc_2166,paper_2166,1.1,Motivation,2,0.984249,See discussions stats and author profile… §1.1 Motivation
NB-HPN-1695-q0,3,corpus_doc_1539,paper_1539,I,Introduction,2,0.977369,1 FairQ: Fair and Fast Rate Allocation i… §I Introduction
NB-HPN-1695-q0,4,corpus_doc_1702,paper_1702,I,Introduction T He Tcp,1,0.974782,IEEE/ACM TRANSACTIONS ON NETWORKING VOL.… §I Introduction T He Tcp
NB-HPN-1695-q0,5,corpus_doc_1139,paper_1139,I,Introduction,1,0.972019,Received September 9 2020 accepted Septe… §I Introduction
NB-HPN-1695-q0,6,corpus_doc_1414,paper_1414,I,Introduction,1,0.963459,1 Experimental Evaluation of TCP Protoco… §I Introduction
NB-HPN-1695-q0,7,corpus_doc_0484,paper_0484,3.2.1,Design,15,0.958385,CONGESTION CONTROL MECHANISMS FOR INTER-… §3.2.1 Design
NB-HPN-1695-q0,8,corpus_doc_0915,paper_0915,7,Experimental,14,0.950480,DotDFS: A Grid - based high - throughput… §7 Experimental
NB-HPN-1695-q0,9,corpus_doc_1414,paper_1414,IV,Evaluating High -Speed Protocols,5,0.940278,1 Experimental Evaluation of TCP Protoco… §IV Evaluating High -Speed Protocols
NB-HPN-1695-q0,10,corpus_doc_2175,paper_2175,2,Background,2,0.933505,Towards Stability Analysis of Data Trans… §2 Background
NB-HPN-1695-q0,11,corpus_doc_0484,paper_0484,2.1,Introduction,5,0.921159,CONGESTION CONTROL MECHANISMS FOR INTER-… §2.1 Introduction
NB-HPN-1695-q0,12,corpus_doc_0484,paper_0484,3.2.1,Design,14,0.920552,CONGESTION CONTROL MECHANISMS FOR INTER-… §3.2.1 Design
NB-HPN-1695-q0,13,corpus_doc_1803,paper_1803,3,Analysis,9,0.918723,TCP Behavior of a Busy Intemet Server: A… §3 Analysis
NB-HPN-1695-q0,14,corpus_doc_1702,paper_1702,V,Results,10,0.903526,IEEE/ACM TRANSACTIONS ON NETWORKING VOL.… §V Results
NB-HPN-1695-q0,15,corpus_doc_0484,paper_0484,3.2.1,Design,13,0.876197,CONGESTION CONTROL MECHANISMS FOR INTER-… §3.2.1 Design
NB-HPN-1695-q0,16,corpus_doc_1702,paper_1702,V,Results,9,0.834781,IEEE/ACM TRANSACTIONS ON NETWORKING VOL.… §V Results
NB-HPN-1695-q0,17,corpus_doc_2075,paper_2075,2,Experimental,3,0.829635,Characterizing and Predicting TCP Throug… §2 Experimental
NB-HPN-1695-q0,18,corpus_doc_0484,paper_0484,3.6,Related Work,24,0.798589,CONGESTION CONTROL MECHANISMS FOR INTER-… §3.6 Related Work
NB-HPN-1695-q0,19,corpus_doc_1139,paper_1139,III,Tcp Slow-Start Revisited,5,0.784580,Received September 9 2020 accepted Septe… §III Tcp Slow-Start Revisited
NB-HPN-1695-q0,20,corpus_doc_1414,paper_1414,V,Results,10,0.680683,1 Experimental Evaluation of TCP Protoco… §V Results
NB-HPN-1682-q0,1,corpus_doc_1682,paper_1682,,Abstract,0,0.995105,IEEE/ACM TRANSACTIONS ON NETW ORKING VOL… §Abstract
NB-HPN-1682-q0,2,corpus_doc_1682,paper_1682,IV,Designed Experiments For Afine -Grained Eva,5,0.934154,IEEE/ACM TRANSACTIONS ON NETW ORKING VOL… §IV Designed Experiments For Afine -Grained Eva
NB-HPN-1682-q0,3,corpus_doc_1682,paper_1682,IV,Designed Experiments For Afine -Grained Eva,4,0.933513,IEEE/ACM TRANSACTIONS ON NETW ORKING VOL… §IV Designed Experiments For Afine -Grained Eva
NB-HPN-1682-q0,4,corpus_doc_1682,paper_1682,II,Background,2,0.916414,IEEE/ACM TRANSACTIONS ON NETW ORKING VOL… §II Background
NB-HPN-1682-q0,5,corpus_doc_1682,paper_1682,II,Background,1,0.903447,IEEE/ACM TRANSACTIONS ON NETW ORKING VOL… §II Background
NB-HPN-1682-q0,6,corpus_doc_1682,paper_1682,VIII,Conclusions,12,0.901869,IEEE/ACM TRANSACTIONS ON NETW ORKING VOL… §VIII Conclusions
NB-HPN-1682-q0,7,corpus_doc_1682,paper_1682,VI,Summary Of Results,10,0.873118,IEEE/ACM TRANSACTIONS ON NETW ORKING VOL… §VI Summary Of Results
NB-HPN-1682-q0,8,corpus_doc_1682,paper_1682,VII,Related Work,11,0.859644,IEEE/ACM TRANSACTIONS ON NETW ORKING VOL… §VII Related Work
NB-HPN-1682-q0,9,corpus_doc_1682,paper_1682,V,Discussion,7,0.796645,IEEE/ACM TRANSACTIONS ON NETW ORKING VOL… §V Discussion
NB-HPN-1682-q0,10,corpus_doc_1682,paper_1682,IV,Designed Experiments For Afine -Grained Eva,6,0.702485,IEEE/ACM TRANSACTIONS ON NETW ORKING VOL… §IV Designed Experiments For Afine -Grained Eva
NB-HPN-1682-q0,11,corpus_doc_2134,paper_2134,,,1,0.453012,arXiv:1709.05712v1 cs. NI 17 Sep 2017 Mu… §
NB-HPN-1682-q0,12,corpus_doc_1723,paper_1723,I,Introduction Ip,1,0.414103,Endpoint-transparent Multipath Transport… §I Introduction Ip
NB-HPN-1682-q0,13,corpus_doc_2059,paper_2059,2,Background,7,0.390290,NAIST-IS-DD1561029 Doctoral Dissertation… §2 Background
NB-HPN-1682-q0,14,corpus_doc_2134,paper_2134,,,9,0.325613,arXiv:1709.05712v1 cs. NI 17 Sep 2017 Mu… §
NB-HPN-1682-q0,15,corpus_doc_2134,paper_2134,,,2,0.278716,arXiv:1709.05712v1 cs. NI 17 Sep 2017 Mu… §
NB-HPN-1682-q0,16,corpus_doc_2134,paper_2134,,,12,0.194487,arXiv:1709.05712v1 cs. NI 17 Sep 2017 Mu… §
NB-HPN-1682-q0,17,corpus_doc_1723,paper_1723,V,Discussion And Lessons Learnt,9,0.153312,Endpoint-transparent Multipath Transport… §V Discussion And Lessons Learnt
NB-HPN-1682-q0,18,corpus_doc_0691,paper_0691,VI,Rela Ted Work,17,0.066233,This article has been accepted for inclu… §VI Rela Ted Work
NB-HPN-1682-q0,19,corpus_doc_1837,paper_1837,,Abstract,0,0.060778,arXiv:1511.09295v2 cs. NI 29 Aug 2016 Ex… §Abstract
NB-HPN-1682-q0,20,corpus_doc_2134,paper_2134,,Abstract,0,0.039707,arXiv:1709.05712v1 cs. NI 17 Sep 2017 Mu… §Abstract
NB-HPN-1097-q0,1,corpus_doc_1097,paper_1097,,Abstract,0,0.995223,Data transfer between scienti c faciliti… §Abstract
NB-HPN-1097-q0,2,corpus_doc_2342,paper_2342,1,Introduction,2,0.984452,Journal Pre-proof Moving small files in … §1 Introduction
NB-HPN-1097-q0,3,corpus_doc_1438,paper_1438,,,1,0.977821,Online Optimization of File Transfers in… §
NB-HPN-1097-q0,4,corpus_doc_0519,paper_0519,,Abstract,0,0.971155,TERAGRID 2007 CONFERENCE MADISON WI 1 Gr… §Abstract
NB-HPN-1097-q0,5,corpus_doc_1438,paper_1438,,,10,0.942195,Online Optimization of File Transfers in… §
NB-HPN-1097-q0,6,corpus_doc_0916,paper_0916,,Abstract,0,0.938375,Globus GridFTP: What s New in 2007 Invit… §Abstract
NB-HPN-1097-q0,7,corpus_doc_1047,paper_1047,,Abstract,0,0.938375,See discussions stats and author profile… §Abstract
NB-HPN-1097-q0,8,corpus_doc_2283,paper_2283,IV,Experimental Analysis,8,0.927125,HARP: Predictive Transfer Optimization B… §IV Experimental Analysis
NB-HPN-1097-q0,9,corpus_doc_2342,paper_2342,6,Conclusions,12,0.913540,Journal Pre-proof Moving small files in … §6 Conclusions
NB-HPN-1097-q0,10,corpus_doc_0444,paper_0444,1,Introduction,1,0.913117,Big Data Transfer Optimization Through A… §1 Introduction
NB-HPN-1097-q0,11,corpus_doc_2342,paper_2342,,Abstract,0,0.902616,Journal Pre-proof Moving small files in … §Abstract
NB-HPN-1097-q0,12,corpus_doc_0839,paper_0839,,,0,0.813194,F e B R u A RY 2 0 1 2 V o L . 5 5 N o. … §
NB-HPN-1097-q0,13,corpus_doc_0733,paper_0733,I,Introduction,1,0.805467,Machine Learning for Data Transfer Anoma… §I Introduction
NB-HPN-1097-q0,14,corpus_doc_0382,paper_0382,4.6,Performance,5,0.793852,Use Only What You Need: Judicious Parall… §4.6 Performance
NB-HPN-1097-q0,15,corpus_doc_0839,paper_0839,,,1,0.737072,F e B R u A RY 2 0 1 2 V o L . 5 5 N o. … §
NB-HPN-1097-q0,16,corpus_doc_1616,paper_1616,II,Problem Formulation,2,0.637866,2017 IEEE International Conference on Bi… §II Problem Formulation
NB-HPN-1097-q0,17,corpus_doc_2370,paper_2370,,,12,0.623247,Explaining Wide Area Data Transfer Perfo… §
NB-HPN-1097-q0,18,corpus_doc_1654,paper_1654,II,Problemformula Tion,2,0.613806,Big Data Transfer Optimization Based on … §II Problemformula Tion
NB-HPN-1097-q0,19,corpus_doc_2370,paper_2370,,,1,0.407137,Explaining Wide Area Data Transfer Perfo… §
NB-HPN-1097-q0,20,corpus_doc_1163,paper_1163,III,Parallelism And Concurrency,5,0.129810,Modeling and Optimizing Large-Scale Wide… §III Parallelism And Concurrency
NB-HPN-1969-q0,1,corpus_doc_1969,paper_1969,I,Introduction,1,0.997930,ARGONNE NATIONAL LABORATORY 9700 South C… §I Introduction
NB-HPN-1969-q0,2,corpus_doc_1969,paper_1969,,Abstract,0,0.992776,ARGONNE NATIONAL LABORATORY 9700 South C… §Abstract
NB-HPN-1969-q0,3,corpus_doc_1969,paper_1969,VII,Conclusions,11,0.991349,ARGONNE NATIONAL LABORATORY 9700 South C… §VII Conclusions
NB-HPN-1969-q0,4,corpus_doc_0683,paper_0683,5.2,Analysis,4,0.982943,Dynamic Model-driven Parallel I/O Perfor… §5.2 Analysis
NB-HPN-1969-q0,5,corpus_doc_1303,paper_1303,I,Introduction,1,0.980333,Understanding and Improving Computationa… §I Introduction
NB-HPN-1969-q0,6,corpus_doc_0046,paper_0046,III,Performance Ensembles,3,0.975808,Parallel I/O Performance: From Events to… §III Performance Ensembles
NB-HPN-1969-q0,7,corpus_doc_1969,paper_1969,II,Rela Ted Work,2,0.959610,ARGONNE NATIONAL LABORATORY 9700 South C… §II Rela Ted Work
NB-HPN-1969-q0,8,corpus_doc_1303,paper_1303,,Abstract,0,0.957878,Understanding and Improving Computationa… §Abstract
NB-HPN-1969-q0,9,corpus_doc_2331,paper_2331,I,Introduction,1,0.956806,24/7 Characterization of Petascale I/O W… §I Introduction
NB-HPN-1969-q0,10,corpus_doc_0046,paper_0046,I,Introduction,1,0.950488,Parallel I/O Performance: From Events to… §I Introduction
NB-HPN-1969-q0,11,corpus_doc_1303,paper_1303,VIII,Conclusions,16,0.935723,Understanding and Improving Computationa… §VIII Conclusions
NB-HPN-1969-q0,12,corpus_doc_0113,paper_0113,I,Introduction,1,0.932561,Managing V ariability in the IO Performa… §I Introduction
NB-HPN-1969-q0,13,corpus_doc_0726,paper_0726,1,Introduction,1,0.916809,HAL Id: hal-04093528 Submitted on 10 May… §1 Introduction
NB-HPN-1969-q0,14,corpus_doc_0820,paper_0820,5,Related Work,9,0.910236,978-1-4244-1694-3/08/$25.00 2008 IEEE Pe… §5 Related Work
NB-HPN-1969-q0,15,corpus_doc_0348,paper_0348,,Abstract,0,0.903478,Understanding the Causes of Performance … §Abstract
NB-HPN-1969-q0,16,corpus_doc_1694,paper_1694,1,Introduction,1,0.890398,A Comparative Analysis of DAOS for Simul… §1 Introduction
NB-HPN-1969-q0,17,corpus_doc_1425,paper_1425,I,Introduction Hpc,1,0.824675,Server-side Log Data Analytics for I/O W… §I Introduction Hpc
NB-HPN-1969-q0,18,corpus_doc_1303,paper_1303,VII,Related Work A,15,0.814319,Understanding and Improving Computationa… §VII Related Work A
NB-HPN-1969-q0,19,corpus_doc_1650,paper_1650,1,Introduction,1,0.808820,HPC Global File System Performance Analy… §1 Introduction
NB-HPN-1969-q0,20,corpus_doc_1650,paper_1650,2.4,Related Work,5,0.702560,HPC Global File System Performance Analy… §2.4 Related Work
NB-HPN-1298-q2,1,corpus_doc_0104,paper_0104,III,Rl For Cc,3,0.955210,Implementing Reinforcement Learning Data… §III Rl For Cc
NB-HPN-1298-q2,2,corpus_doc_1298,paper_1298,2,Related Work,2,0.915544,Reinforcement Learning for Datacenter Co… §2 Related Work
NB-HPN-1298-q2,3,corpus_doc_1298,paper_1298,2,Related Work,1,0.890997,Reinforcement Learning for Datacenter Co… §2 Related Work
NB-HPN-1298-q2,4,corpus_doc_0730,paper_0730,3,Design,4,0.881938,This paper is included in the Proceeding… §3 Design
NB-HPN-1298-q2,5,corpus_doc_0513,paper_0513,V,System Prototyping And Evaluation,7,0.830258,A Deep Reinforcement Learning Framework … §V System Prototyping And Evaluation
NB-HPN-1298-q2,6,corpus_doc_0104,paper_0104,IV,Design Considerations For Rl-Cc,5,0.811253,Implementing Reinforcement Learning Data… §IV Design Considerations For Rl-Cc
NB-HPN-1298-q2,7,corpus_doc_0513,paper_0513,IV,Problem Formulation,5,0.749642,A Deep Reinforcement Learning Framework … §IV Problem Formulation
NB-HPN-1298-q2,8,corpus_doc_1298,paper_1298,1,Introduction,0,0.709447,Reinforcement Learning for Datacenter Co… §1 Introduction
NB-HPN-1298-q2,9,corpus_doc_0725,paper_0725,3.1,Background,3,0.653908,GraphCC: A Practical Graph Learning-base… §3.1 Background
NB-HPN-1298-q2,10,corpus_doc_0919,paper_0919,I,Introduction Adata,3,0.639763,IEEE TRANSACTIONS ON NETWORK AND SERVICE… §I Introduction Adata
NB-HPN-1298-q2,11,corpus_doc_0513,paper_0513,III,System Architecture,3,0.581299,A Deep Reinforcement Learning Framework … §III System Architecture
NB-HPN-1298-q2,12,corpus_doc_0513,paper_0513,II,Related Work,2,0.547878,A Deep Reinforcement Learning Framework … §II Related Work
NB-HPN-1298-q2,13,corpus_doc_0513,paper_0513,V,System Prototyping And Evaluation,8,0.521288,A Deep Reinforcement Learning Framework … §V System Prototyping And Evaluation
NB-HPN-1298-q2,14,corpus_doc_0949,paper_0949,III,Background,8,0.501098,HAL Id: hal-05398965 Submitted on 4 Dec … §III Background
NB-HPN-1298-q2,15,corpus_doc_0949,paper_0949,III,Background,7,0.438175,HAL Id: hal-05398965 Submitted on 4 Dec … §III Background
NB-HPN-1298-q2,16,corpus_doc_2119,paper_2119,3.2,Overview,4,0.371276,P4eBalancer: Leveraging P4 and eBPF for … §3.2 Overview
NB-HPN-1298-q2,17,corpus_doc_0497,paper_0497,,,4,0.285416,Transfer Learning Lisa Torrey and Jude S… §
NB-HPN-1298-q2,18,corpus_doc_0388,paper_0388,1,Introduction,1,0.135735,Machine Learning 8 279-292 1992 1992 Klu… §1 Introduction
NB-HPN-1298-q2,19,corpus_doc_0584,paper_0584,2,Background,2,0.121691,Playing Atari with Deep Reinforcement Le… §2 Background
NB-HPN-1298-q2,20,corpus_doc_0513,paper_0513,,Abstract,0,0.017013,A Deep Reinforcement Learning Framework … §Abstract
NB-HPN-1985-q0,1,corpus_doc_1985,paper_1985,1,Introduction,0,0.991387,Stork Data Scheduler: Mitigating the Dat… §1 Introduction
NB-HPN-1985-q0,2,corpus_doc_0678,paper_0678,1,Introduction,1,0.948779,Stork: Making Data Placement a First Cla… §1 Introduction
NB-HPN-1985-q0,3,corpus_doc_0678,paper_0678,7,Conclusion,9,0.943631,Stork: Making Data Placement a First Cla… §7 Conclusion
NB-HPN-1985-q0,4,corpus_doc_1985,paper_1985,6,Conclusion,6,0.925187,Stork Data Scheduler: Mitigating the Dat… §6 Conclusion
NB-HPN-1985-q0,5,corpus_doc_1985,paper_1985,2,Background,1,0.873244,Stork Data Scheduler: Mitigating the Dat… §2 Background
NB-HPN-1985-q0,6,corpus_doc_0678,paper_0678,,Abstract,0,0.791572,Stork: Making Data Placement a First Cla… §Abstract
NB-HPN-1985-q0,7,corpus_doc_1985,paper_1985,2,Background,2,0.771805,Stork Data Scheduler: Mitigating the Dat… §2 Background
NB-HPN-1985-q0,8,corpus_doc_0678,paper_0678,3,Related Work,3,0.692698,Stork: Making Data Placement a First Cla… §3 Related Work
NB-HPN-1985-q0,9,corpus_doc_0761,paper_0761,1,Introduction,4,0.676795,Early Error Detection and Classi cation … §1 Introduction
NB-HPN-1985-q0,10,corpus_doc_0528,paper_0528,1,Introduction,2,0.543241,Error Detection and Error Classification… §1 Introduction
NB-HPN-1985-q0,11,corpus_doc_0678,paper_0678,3,Related Work,4,0.513863,Stork: Making Data Placement a First Cla… §3 Related Work
NB-HPN-1985-q0,12,corpus_doc_1401,paper_1401,4,Implementation,5,0.498285,Run-time Adaptation of Grid Data Placeme… §4 Implementation
NB-HPN-1985-q0,13,corpus_doc_0576,paper_0576,VIII,Cluster Scheduling,12,0.490332,D. A. POPESCU MEASUREMENT-BASED RESOURCE… §VIII Cluster Scheduling
NB-HPN-1985-q0,14,corpus_doc_1985,paper_1985,2,Background,4,0.371428,Stork Data Scheduler: Mitigating the Dat… §2 Background
NB-HPN-1985-q0,15,corpus_doc_0678,paper_0678,6,Future Work,8,0.332081,Stork: Making Data Placement a First Cla… §6 Future Work
NB-HPN-1985-q0,16,corpus_doc_1401,paper_1401,,Abstract,0,0.289482,Run-time Adaptation of Grid Data Placeme… §Abstract
NB-HPN-1985-q0,17,corpus_doc_0576,paper_0576,VIII,Cluster Scheduling,13,0.260679,D. A. POPESCU MEASUREMENT-BASED RESOURCE… §VIII Cluster Scheduling
NB-HPN-1985-q0,18,corpus_doc_1853,paper_1853,,Abstract,0,0.216928,RUN-TIME ADAPTATION OF GRID DATA PLACEME… §Abstract
NB-HPN-1985-q0,19,corpus_doc_1853,paper_1853,5.1,Experiment,8,0.079286,RUN-TIME ADAPTATION OF GRID DATA PLACEME… §5.1 Experiment
NB-HPN-1985-q0,20,corpus_doc_0678,paper_0678,1,Introduction,2,0.002553,Stork: Making Data Placement a First Cla… §1 Introduction
NB-HPN-2216-q2,1,corpus_doc_2216,paper_2216,1,Introduction,1,0.992176,. . Latest updates: h ps://dl.acm.org/do… §1 Introduction
NB-HPN-2216-q2,2,corpus_doc_0303,paper_0303,1,Introduction,1,0.983101,Ef cient Data-Plane Memory Scheduling fo… §1 Introduction
NB-HPN-2216-q2,3,corpus_doc_1090,paper_1090,I,Introduction,2,0.980516,Preemptive Switch Memory Usage to Accele… §I Introduction
NB-HPN-2216-q2,4,corpus_doc_1784,paper_1784,I,Introduction,1,0.974290,Host-driven In-Network Aggregation on RD… §I Introduction
NB-HPN-2216-q2,5,corpus_doc_0303,paper_0303,2,Background,2,0.951728,Ef cient Data-Plane Memory Scheduling fo… §2 Background
NB-HPN-2216-q2,6,corpus_doc_0754,paper_0754,2,Background,3,0.938662,This paper is included in the Proceeding… §2 Background
NB-HPN-2216-q2,7,corpus_doc_2216,paper_2216,7,Performance,13,0.925301,. . Latest updates: h ps://dl.acm.org/do… §7 Performance
NB-HPN-2216-q2,8,corpus_doc_0754,paper_0754,1,Introduction,1,0.919852,This paper is included in the Proceeding… §1 Introduction
NB-HPN-2216-q2,9,corpus_doc_1090,paper_1090,I,Introduction,1,0.919415,Preemptive Switch Memory Usage to Accele… §I Introduction
NB-HPN-2216-q2,10,corpus_doc_0303,paper_0303,2,Background,3,0.901355,Ef cient Data-Plane Memory Scheduling fo… §2 Background
NB-HPN-2216-q2,11,corpus_doc_0903,paper_0903,6,Evaluation,15,0.879830,This paper is included in the Proceeding… §6 Evaluation
NB-HPN-2216-q2,12,corpus_doc_1090,paper_1090,I,Introduction,3,0.847364,Preemptive Switch Memory Usage to Accele… §I Introduction
NB-HPN-2216-q2,13,corpus_doc_0903,paper_0903,4,Design,6,0.838142,This paper is included in the Proceeding… §4 Design
NB-HPN-2216-q2,14,corpus_doc_2216,paper_2216,2,Performance,4,0.803707,. . Latest updates: h ps://dl.acm.org/do… §2 Performance
NB-HPN-2216-q2,15,corpus_doc_2157,paper_2157,5.4,Performance,12,0.748394,. . Latest updates: h ps://dl.acm.org/do… §5.4 Performance
NB-HPN-2216-q2,16,corpus_doc_0754,paper_0754,3,Design,8,0.667952,This paper is included in the Proceeding… §3 Design
NB-HPN-2216-q2,17,corpus_doc_0754,paper_0754,2,Background,4,0.549886,This paper is included in the Proceeding… §2 Background
NB-HPN-2216-q2,18,corpus_doc_1090,paper_1090,VIII,Related Work,13,0.545818,Preemptive Switch Memory Usage to Accele… §VIII Related Work
NB-HPN-2216-q2,19,corpus_doc_0303,paper_0303,7,Evaluation,13,0.481443,Ef cient Data-Plane Memory Scheduling fo… §7 Evaluation
NB-HPN-2216-q2,20,corpus_doc_0303,paper_0303,,Abstract,0,0.298330,Ef cient Data-Plane Memory Scheduling fo… §Abstract
NB-HPN-0885-q0,1,corpus_doc_0885,paper_0885,2,Background,2,0.990638,TSINGHUA SCIENCE AND TECHNOLOGY IS SNll1… §2 Background
NB-HPN-0885-q0,2,corpus_doc_0885,paper_0885,,Abstract,0,0.989624,TSINGHUA SCIENCE AND TECHNOLOGY IS SNll1… §Abstract
NB-HPN-0885-q0,3,corpus_doc_0885,paper_0885,1,Introduction,1,0.989219,TSINGHUA SCIENCE AND TECHNOLOGY IS SNll1… §1 Introduction
NB-HPN-0885-q0,4,corpus_doc_0885,paper_0885,2,Background,3,0.942346,TSINGHUA SCIENCE AND TECHNOLOGY IS SNll1… §2 Background
NB-HPN-0885-q0,5,corpus_doc_0425,paper_0425,3.1,Introduction,55,0.880520,HAL Id: tel-02931840 Submitted on 7 Sep … §3.1 Introduction
NB-HPN-0885-q0,6,corpus_doc_2185,paper_2185,2,Background,10,0.849798,Performance Evaluation of eXpress Data P… §2 Background
NB-HPN-0885-q0,7,corpus_doc_0341,paper_0341,I,Introduction,1,0.835545,Z-stack: A High-performance DPDK-based Z… §I Introduction
NB-HPN-0885-q0,8,corpus_doc_1103,paper_1103,7,Related Work,18,0.812899,This paper is included in the Proceeding… §7 Related Work
NB-HPN-0885-q0,9,corpus_doc_0885,paper_0885,6,Conclusion,12,0.810000,TSINGHUA SCIENCE AND TECHNOLOGY IS SNll1… §6 Conclusion
NB-HPN-0885-q0,10,corpus_doc_0901,paper_0901,II,Related Work,2,0.788066,1 Metronome: adaptive and precise interm… §II Related Work
NB-HPN-0885-q0,11,corpus_doc_0442,paper_0442,2,Background,5,0.773808,Accelerated DPDK in containers for netwo… §2 Background
NB-HPN-0885-q0,12,corpus_doc_2123,paper_2123,1,Introduction,2,0.690641,CoRD: Converged RDMA Dataplane for High-… §1 Introduction
NB-HPN-0885-q0,13,corpus_doc_2123,paper_2123,1,Introduction,1,0.572640,CoRD: Converged RDMA Dataplane for High-… §1 Introduction
NB-HPN-0885-q0,14,corpus_doc_0425,paper_0425,3.1,Introduction,56,0.488386,HAL Id: tel-02931840 Submitted on 7 Sep … §3.1 Introduction
NB-HPN-0885-q0,15,corpus_doc_1119,paper_1119,2,Background,2,0.473147,State-Compute Replication: Parallelizing… §2 Background
NB-HPN-0885-q0,16,corpus_doc_1286,paper_1286,1,Introduction,1,0.444400,BPF for storage: an exokernel-inspired a… §1 Introduction
NB-HPN-0885-q0,17,corpus_doc_0341,paper_0341,,Abstract,0,0.424332,Z-stack: A High-performance DPDK-based Z… §Abstract
NB-HPN-0885-q0,18,corpus_doc_1105,paper_1105,2.4,Framework,5,0.401161,Copyright IJCESEN International Journal … §2.4 Framework
NB-HPN-0885-q0,19,corpus_doc_0518,paper_0518,1,Introduction,0,0.265709,XXI Escola Regional de Redes de Computad… §1 Introduction
NB-HPN-0885-q0,20,corpus_doc_1737,paper_1737,1,Introduction,1,0.066820,Just-in-Time Packet State Prefetching Ha… §1 Introduction
NB-HPN-2093-q1,1,corpus_doc_2093,paper_2093,1.1,Background,12,0.981554,Title Improving TCP Throughput for Cloud… §1.1 Background
NB-HPN-2093-q1,2,corpus_doc_2093,paper_2093,1,Introduction,13,0.981288,Title Improving TCP Throughput for Cloud… §1 Introduction
NB-HPN-2093-q1,3,corpus_doc_2093,paper_2093,1.3,Approach,20,0.823598,Title Improving TCP Throughput for Cloud… §1.3 Approach
NB-HPN-2093-q1,4,corpus_doc_2093,paper_2093,1.3,Approach,21,0.812403,Title Improving TCP Throughput for Cloud… §1.3 Approach
NB-HPN-2093-q1,5,corpus_doc_2093,paper_2093,5,Conclusion,69,0.718193,Title Improving TCP Throughput for Cloud… §5 Conclusion
NB-HPN-2093-q1,6,corpus_doc_2093,paper_2093,5,Conclusion,71,0.713725,Title Improving TCP Throughput for Cloud… §5 Conclusion
NB-HPN-2093-q1,7,corpus_doc_0378,paper_0378,1,Introduction,1,0.621827,DCN ETBENCH : SCALEABLE DATA CENTER NETW… §1 Introduction
NB-HPN-2093-q1,8,corpus_doc_1001,paper_1001,1.1,Background,2,0.350679,Technoeconomic Analysis of Microgrids fo… §1.1 Background
NB-HPN-2093-q1,9,corpus_doc_2093,paper_2093,4.5.1,Evaluation,62,0.273422,Title Improving TCP Throughput for Cloud… §4.5.1 Evaluation
NB-HPN-2093-q1,10,corpus_doc_0441,paper_0441,I,Introduction,1,0.271233,Bifrost: Extending RoCE for Long Distanc… §I Introduction
NB-HPN-2093-q1,11,corpus_doc_0270,paper_0270,3,Method,2,0.269183,Energy-aware and Carbon-e §3 Method
NB-HPN-2093-q1,12,corpus_doc_0526,paper_0526,1,Introduction,2,0.135479,Reposit rio ISCTE-IUL Deposited in Repos… §1 Introduction
NB-HPN-2093-q1,13,corpus_doc_1488,paper_1488,III,Sdn And Nfv Core Network Architecture,7,0.113234,IEEE TRANS. ON NETWORK AND SERVICE MANAG… §III Sdn And Nfv Core Network Architecture
NB-HPN-2093-q1,14,corpus_doc_1203,paper_1203,V,Experimental Methodology,10,0.057031,Energy-Proportional Data Center Network … §V Experimental Methodology
NB-HPN-2093-q1,15,corpus_doc_1298,paper_1298,1,Evaluation,5,0.022473,Reinforcement Learning for Datacenter Co… §1 Evaluation
NB-HPN-2093-q1,16,corpus_doc_1488,paper_1488,III,Sdn And Nfv Core Network Architecture,15,0.017873,IEEE TRANS. ON NETWORK AND SERVICE MANAG… §III Sdn And Nfv Core Network Architecture
NB-HPN-2093-q1,17,corpus_doc_1488,paper_1488,III,Sdn And Nfv Core Network Architecture,6,0.009852,IEEE TRANS. ON NETWORK AND SERVICE MANAG… §III Sdn And Nfv Core Network Architecture
NB-HPN-2093-q1,18,corpus_doc_1203,paper_1203,V,Experimental Methodology,11,0.004304,Energy-Proportional Data Center Network … §V Experimental Methodology
NB-HPN-2093-q1,19,corpus_doc_1662,paper_1662,3,Results,10,0.001838,1 Energy Exergy and Computing Efficiency… §3 Results
NB-HPN-2093-q1,20,corpus_doc_0743,paper_0743,4.2,Evaluation,9,0.001146,D O I : 1 0 . 1 5 8 7 / t r a n s i n f … §4.2 Evaluation
NB-HPN-2152-q0,1,corpus_doc_0387,paper_0387,V,Numerical Examples,5,0.976608,On Parameter Tuning of Data Transfer Pro… §V Numerical Examples
NB-HPN-2152-q0,2,corpus_doc_2152,paper_2152,,Abstract,0,0.972914,See discussions stats and author profile… §Abstract
NB-HPN-2152-q0,3,corpus_doc_0763,paper_0763,2,Background,11,0.967464,NAIST-IS-DD1561026 Doctoral Dissertation… §2 Background
NB-HPN-2152-q0,4,corpus_doc_1935,paper_1935,1,Introduction,0,0.952330,IEICE TRANS. COMMUN. VOL. Exx . NO.xx XX… §1 Introduction
NB-HPN-2152-q0,5,corpus_doc_0916,paper_0916,,Abstract,0,0.910887,Globus GridFTP: What s New in 2007 Invit… §Abstract
NB-HPN-2152-q0,6,corpus_doc_1047,paper_1047,,Abstract,0,0.910887,See discussions stats and author profile… §Abstract
NB-HPN-2152-q0,7,corpus_doc_1935,paper_1935,1,Introduction,1,0.881873,IEICE TRANS. COMMUN. VOL. Exx . NO.xx XX… §1 Introduction
NB-HPN-2152-q0,8,corpus_doc_0915,paper_0915,7,Experimental,14,0.879360,DotDFS: A Grid - based high - throughput… §7 Experimental
NB-HPN-2152-q0,9,corpus_doc_2342,paper_2342,1,Introduction,2,0.874809,Journal Pre-proof Moving small files in … §1 Introduction
NB-HPN-2152-q0,10,corpus_doc_0763,paper_0763,3.1,Approach,15,0.855395,NAIST-IS-DD1561026 Doctoral Dissertation… §3.1 Approach
NB-HPN-2152-q0,11,corpus_doc_0978,paper_0978,1,Introduction,1,0.836606,UDT as an Alternative Transport Protocol… §1 Introduction
NB-HPN-2152-q0,12,corpus_doc_2030,paper_2030,1,Introduction,1,0.820211,E cient Resource Management Scheme of TC… §1 Introduction
NB-HPN-2152-q0,13,corpus_doc_2041,paper_2041,51,References,14,0.813273,and Scuola Superiore Sant Anna Master De… §51 References
NB-HPN-2152-q0,14,corpus_doc_0519,paper_0519,,Abstract,0,0.809736,TERAGRID 2007 CONFERENCE MADISON WI 1 Gr… §Abstract
NB-HPN-2152-q0,15,corpus_doc_0387,paper_0387,,Abstract,0,0.800855,On Parameter Tuning of Data Transfer Pro… §Abstract
NB-HPN-2152-q0,16,corpus_doc_0915,paper_0915,1,Introduction,1,0.781368,DotDFS: A Grid - based high - throughput… §1 Introduction
NB-HPN-2152-q0,17,corpus_doc_2342,paper_2342,2,Background,3,0.714497,Journal Pre-proof Moving small files in … §2 Background
NB-HPN-2152-q0,18,corpus_doc_1211,paper_1211,VI,Related Work,12,0.583462,Modeling and Optimizing Large-Scale Wide… §VI Related Work
NB-HPN-2152-q0,19,corpus_doc_1163,paper_1163,VI,Related Work,12,0.542223,Modeling and Optimizing Large-Scale Wide… §VI Related Work
NB-HPN-2152-q0,20,corpus_doc_2030,paper_2030,,Abstract,0,0.414320,E cient Resource Management Scheme of TC… §Abstract
NB-HPN-1627-q0,1,corpus_doc_1627,paper_1627,1,Introduction,1,0.993420,BBR-With Adaptive Pacing Gain Rates BBR-… §1 Introduction
NB-HPN-1627-q0,2,corpus_doc_2282,paper_2282,I,Introduction,4,0.988216,Received January 19 2021 accepted Februa… §I Introduction
NB-HPN-1627-q0,3,corpus_doc_1389,paper_1389,1,Introduction,1,0.987523,Page 1/22 TCP BBR congestion control opt… §1 Introduction
NB-HPN-1627-q0,4,corpus_doc_1627,paper_1627,1,Introduction,2,0.984897,BBR-With Adaptive Pacing Gain Rates BBR-… §1 Introduction
NB-HPN-1627-q0,5,corpus_doc_1367,paper_1367,1,Introduction,0,0.984154,2BRobust - Overcoming TCP BBR Performanc… §1 Introduction
NB-HPN-1627-q0,6,corpus_doc_1627,paper_1627,3,Motivation,4,0.982496,BBR-With Adaptive Pacing Gain Rates BBR-… §3 Motivation
NB-HPN-1627-q0,7,corpus_doc_1367,paper_1367,1,Introduction,1,0.979922,2BRobust - Overcoming TCP BBR Performanc… §1 Introduction
NB-HPN-1627-q0,8,corpus_doc_1389,paper_1389,1,Introduction,2,0.972974,Page 1/22 TCP BBR congestion control opt… §1 Introduction
NB-HPN-1627-q0,9,corpus_doc_1819,paper_1819,II,Related Work,3,0.970280,FaiRTT: An Empirical Approach for Enhanc… §II Related Work
NB-HPN-1627-q0,10,corpus_doc_1389,paper_1389,1,Introduction,3,0.964541,Page 1/22 TCP BBR congestion control opt… §1 Introduction
NB-HPN-1627-q0,11,corpus_doc_1627,paper_1627,6,Conclusion,10,0.959178,BBR-With Adaptive Pacing Gain Rates BBR-… §6 Conclusion
NB-HPN-1627-q0,12,corpus_doc_1627,paper_1627,3,Motivation,5,0.949203,BBR-With Adaptive Pacing Gain Rates BBR-… §3 Motivation
NB-HPN-1627-q0,13,corpus_doc_1627,paper_1627,5.1,Evaluation,9,0.948456,BBR-With Adaptive Pacing Gain Rates BBR-… §5.1 Evaluation
NB-HPN-1627-q0,14,corpus_doc_1379,paper_1379,III,Bbr Overview,3,0.935605,BBR Fairness Evaluation Using NS-3 Linch… §III Bbr Overview
NB-HPN-1627-q0,15,corpus_doc_2282,paper_2282,I,Introduction,7,0.935275,Received January 19 2021 accepted Februa… §I Introduction
NB-HPN-1627-q0,16,corpus_doc_2282,paper_2282,I,Introduction,6,0.930444,Received January 19 2021 accepted Februa… §I Introduction
NB-HPN-1627-q0,17,corpus_doc_2282,paper_2282,I,Introduction,1,0.923211,Received January 19 2021 accepted Februa… §I Introduction
NB-HPN-1627-q0,18,corpus_doc_1627,paper_1627,,Abstract,0,0.921947,BBR-With Adaptive Pacing Gain Rates BBR-… §Abstract
NB-HPN-1627-q0,19,corpus_doc_1389,paper_1389,,Abstract,0,0.908997,Page 1/22 TCP BBR congestion control opt… §Abstract
NB-HPN-1627-q0,20,corpus_doc_1389,paper_1389,5,Conclusions,8,0.757114,Page 1/22 TCP BBR congestion control opt… §5 Conclusions
NB-HPN-0088-q0,1,corpus_doc_0088,paper_0088,,Abstract,0,0.845017,Journal of Cloud Computing: Advances Sys… §Abstract
NB-HPN-0088-q0,2,corpus_doc_0088,paper_0088,15,Implementation,1,0.840473,Journal of Cloud Computing: Advances Sys… §15 Implementation
NB-HPN-0088-q0,3,corpus_doc_1960,paper_1960,2,Motivation,6,0.473758,D3: An Adaptive Reconfigurable Datacente… §2 Motivation
NB-HPN-0088-q0,4,corpus_doc_0790,paper_0790,IV,Proposed Solution,4,0.428727,CASH: Class-aware AQM via in-Switch Hyst… §IV Proposed Solution
NB-HPN-0088-q0,5,corpus_doc_0119,paper_0119,2,Background,4,0.410439,. . Latest updates: h ps://dl.acm.org/do… §2 Background
NB-HPN-0088-q0,6,corpus_doc_0065,paper_0065,III,Our Proposed Model,6,0.363837,Received 6 January 2025 accepted 16 Apri… §III Our Proposed Model
NB-HPN-0088-q0,7,corpus_doc_0851,paper_0851,1,System,3,0.339503,. . Latest updates: h ps://dl.acm.org/do… §1 System
NB-HPN-0088-q0,8,corpus_doc_1405,paper_1405,5,Result,8,0.274360,I. J. Computer Network and Information S… §5 Result
NB-HPN-0088-q0,9,corpus_doc_0749,paper_0749,I,Introduction,1,0.238909,Synecdoche: Efficient and Accurate In-Ne… §I Introduction
NB-HPN-0088-q0,10,corpus_doc_1559,paper_1559,IV,Network Layer,10,0.231612,Received February 16 2021 accepted March… §IV Network Layer
NB-HPN-0088-q0,11,corpus_doc_0732,paper_0732,5.1,Introduction,51,0.211282,Flow Consolidation for Congestion Contro… §5.1 Introduction
NB-HPN-0088-q0,12,corpus_doc_1418,paper_1418,II,Fundamental Concepts,5,0.101639,IEEE COMMUNICATIONS SURVEYS & TUTORIALS … §II Fundamental Concepts
NB-HPN-0088-q0,13,corpus_doc_0749,paper_0749,IV,Thediscovery Ofkeysegments,4,0.077710,Synecdoche: Efficient and Accurate In-Ne… §IV Thediscovery Ofkeysegments
NB-HPN-0088-q0,14,corpus_doc_1258,paper_1258,I,Introduction A,2,0.063984,Framework for Integrating Machine Learni… §I Introduction A
NB-HPN-0088-q0,15,corpus_doc_0949,paper_0949,V,Te Solutions Leveraging Rl,11,0.043498,HAL Id: hal-05398965 Submitted on 4 Dec … §V Te Solutions Leveraging Rl
NB-HPN-0088-q0,16,corpus_doc_2079,paper_2079,2,Background,3,0.034971,This paper is included in the Proceeding… §2 Background
NB-HPN-0088-q0,17,corpus_doc_1153,paper_1153,I,Introduction,5,0.009305,1 Integrated Topology and Traffic Engine… §I Introduction
NB-HPN-0088-q0,18,corpus_doc_2040,paper_2040,II,Methodology,2,0.008941,Passive Identi cation and Analysis of TC… §II Methodology
NB-HPN-0088-q0,19,corpus_doc_0334,paper_0334,1,Introduction,1,0.008595,A Highly Speed Packet Classi cation Desi… §1 Introduction
NB-HPN-0088-q0,20,corpus_doc_0827,paper_0827,,Abstract,0,0.005920,Simpson K. A. Cziva R. and Pezaros D. P.… §Abstract
NB-HPN-2135-q0,1,corpus_doc_2135,paper_2135,III,Int Framework,4,0.935775,A Flexible In-band Network Telemetry Fra… §III Int Framework
NB-HPN-2135-q0,2,corpus_doc_2135,paper_2135,III,Int Framework,3,0.919417,A Flexible In-band Network Telemetry Fra… §III Int Framework
NB-HPN-2135-q0,3,corpus_doc_2135,paper_2135,II,Background And Related Work,2,0.840740,A Flexible In-band Network Telemetry Fra… §II Background And Related Work
NB-HPN-2135-q0,4,corpus_doc_2135,paper_2135,,Abstract,0,0.822217,A Flexible In-band Network Telemetry Fra… §Abstract
NB-HPN-2135-q0,5,corpus_doc_2135,paper_2135,I,Introduction,1,0.814044,A Flexible In-band Network Telemetry Fra… §I Introduction
NB-HPN-2135-q0,6,corpus_doc_2135,paper_2135,III,Int Framework,5,0.791501,A Flexible In-band Network Telemetry Fra… §III Int Framework
NB-HPN-2135-q0,7,corpus_doc_0799,paper_0799,I,Introduction,1,0.776207,1 NTP-INT: Network Traffic Prediction-Dr… §I Introduction
NB-HPN-2135-q0,8,corpus_doc_1701,paper_1701,VI,In-Band Network Telemetry Int,7,0.761191,Received May 14 2021 accepted May 27 202… §VI In-Band Network Telemetry Int
NB-HPN-2135-q0,9,corpus_doc_2362,paper_2362,II,I N-Band Network Telemetry,1,0.700911,1 Deterministic and Probabilistic P4-Ena… §II I N-Band Network Telemetry
NB-HPN-2135-q0,10,corpus_doc_1440,paper_1440,I,Introduction,1,0.680099,Programmable Event Detection for In-Band… §I Introduction
NB-HPN-2135-q0,11,corpus_doc_0078,paper_0078,II,In-Band Network Telemetry Int,3,0.643047,Date of publication xxxx 00 0000 date of… §II In-Band Network Telemetry Int
NB-HPN-2135-q0,12,corpus_doc_0650,paper_0650,VIII,Conclusion,14,0.601867,UvA-DARE is a service provided by the li… §VIII Conclusion
NB-HPN-2135-q0,13,corpus_doc_1751,paper_1751,2,Background,3,0.593821,DESiRED - Dynamic Enhanced and Smart iRE… §2 Background
NB-HPN-2135-q0,14,corpus_doc_1703,paper_1703,2,Background,2,0.588278,Computer Networks 227 2023 109727 Availa… §2 Background
NB-HPN-2135-q0,15,corpus_doc_2362,paper_2362,,Abstract,0,0.580208,1 Deterministic and Probabilistic P4-Ena… §Abstract
NB-HPN-2135-q0,16,corpus_doc_0656,paper_0656,1,Overview,3,0.548300,Advancing Network Monitoring and Operati… §1 Overview
NB-HPN-2135-q0,17,corpus_doc_0961,paper_0961,I,Introduction,1,0.321609,CHIMA: a Framework for Network Services … §I Introduction
NB-HPN-2135-q0,18,corpus_doc_1686,paper_1686,2,Result,5,0.197467,MM-INT: Telemetria em Switches Program a… §2 Result
NB-HPN-2135-q0,19,corpus_doc_0656,paper_0656,1,Introduction,2,0.176571,Advancing Network Monitoring and Operati… §1 Introduction
NB-HPN-2135-q0,20,corpus_doc_0961,paper_0961,,Abstract,0,0.073696,CHIMA: a Framework for Network Services … §Abstract
NB-HPN-0519-q0,1,corpus_doc_0519,paper_0519,,Abstract,0,0.993982,TERAGRID 2007 CONFERENCE MADISON WI 1 Gr… §Abstract
NB-HPN-0519-q0,2,corpus_doc_2342,paper_2342,1,Introduction,2,0.979317,Journal Pre-proof Moving small files in … §1 Introduction
NB-HPN-0519-q0,3,corpus_doc_0916,paper_0916,,Abstract,0,0.977773,Globus GridFTP: What s New in 2007 Invit… §Abstract
NB-HPN-0519-q0,4,corpus_doc_1047,paper_1047,,Abstract,0,0.977773,See discussions stats and author profile… §Abstract
NB-HPN-0519-q0,5,corpus_doc_2342,paper_2342,6,Conclusions,12,0.926301,Journal Pre-proof Moving small files in … §6 Conclusions
NB-HPN-0519-q0,6,corpus_doc_1438,paper_1438,,,1,0.905578,Online Optimization of File Transfers in… §
NB-HPN-0519-q0,7,corpus_doc_2342,paper_2342,4,Reference,1,0.903244,Journal Pre-proof Moving small files in … §4 Reference
NB-HPN-0519-q0,8,corpus_doc_1927,paper_1927,II,Rela Tedwork,3,0.862336,IEEE TRANSACTIONS ON PARALLEL AND DISTRI… §II Rela Tedwork
NB-HPN-0519-q0,9,corpus_doc_2342,paper_2342,2.2,Motivation,5,0.843914,Journal Pre-proof Moving small files in … §2.2 Motivation
NB-HPN-0519-q0,10,corpus_doc_2342,paper_2342,2.2,Motivation,6,0.833788,Journal Pre-proof Moving small files in … §2.2 Motivation
NB-HPN-0519-q0,11,corpus_doc_2342,paper_2342,2,Background,3,0.805433,Journal Pre-proof Moving small files in … §2 Background
NB-HPN-0519-q0,12,corpus_doc_2342,paper_2342,5,Performance,9,0.788221,Journal Pre-proof Moving small files in … §5 Performance
NB-HPN-0519-q0,13,corpus_doc_2342,paper_2342,2.2,Motivation,7,0.699308,Journal Pre-proof Moving small files in … §2.2 Motivation
NB-HPN-0519-q0,14,corpus_doc_2342,paper_2342,5,Performance,10,0.678205,Journal Pre-proof Moving small files in … §5 Performance
NB-HPN-0519-q0,15,corpus_doc_2342,paper_2342,,Abstract,0,0.387315,Journal Pre-proof Moving small files in … §Abstract
NB-HPN-0519-q0,16,corpus_doc_0733,paper_0733,I,Introduction,1,0.311080,Machine Learning for Data Transfer Anoma… §I Introduction
NB-HPN-0519-q0,17,corpus_doc_0923,paper_0923,I,Introduction,1,0.256527,Experimental Analysis of File Transfer R… §I Introduction
NB-HPN-0519-q0,18,corpus_doc_0182,paper_0182,6,Experiment,4,0.200753,SC16 BoF Report: On-Demand Infrastructur… §6 Experiment
NB-HPN-0519-q0,19,corpus_doc_0923,paper_0923,,Abstract,0,0.117330,Experimental Analysis of File Transfer R… §Abstract
NB-HPN-0519-q0,20,corpus_doc_1913,paper_1913,IV,Discussions Of Experimental Results,5,0.055896,HAL Id: hal-01270630 Submitted on 8 Feb … §IV Discussions Of Experimental Results
NB-HPN-1910-q0,1,corpus_doc_1910,paper_1910,II,Background,3,0.957562,IEEE/ACM TRANSACTIONS ON NETWORKING 1 En… §II Background
NB-HPN-1910-q0,2,corpus_doc_1609,paper_1609,,,2,0.928479,Digitus : Journal of Computer Science Ap… §
NB-HPN-1910-q0,3,corpus_doc_0054,paper_0054,I,Introduction,3,0.888509,Methods for Predicting Behavior of Eleph… §I Introduction
NB-HPN-1910-q0,4,corpus_doc_1943,paper_1943,1,Introduction,0,0.851031,2400 IEICE TRANS. INF. & SYST. VOL. E99 … §1 Introduction
NB-HPN-1910-q0,5,corpus_doc_0201,paper_0201,3,Evaluation,6,0.843142,. . Latest updates: h ps://dl.acm.org/do… §3 Evaluation
NB-HPN-1910-q0,6,corpus_doc_0054,paper_0054,I,Introduction,1,0.835813,Methods for Predicting Behavior of Eleph… §I Introduction
NB-HPN-1910-q0,7,corpus_doc_0897,paper_0897,6.1,Experiment,8,0.832013,. . Latest updates: h ps://dl.acm.org/do… §6.1 Experiment
NB-HPN-1910-q0,8,corpus_doc_2204,paper_2204,I,Introduction,2,0.808004,Preprint Accepted paper at IEEE HPSR 202… §I Introduction
NB-HPN-1910-q0,9,corpus_doc_1239,paper_1239,,,12,0.799378,Re-architecting datacenter networks and … §
NB-HPN-1910-q0,10,corpus_doc_1581,paper_1581,IV,Performance Evaluation,8,0.786313,NetRT: Enhancing RDMA with Retransmissio… §IV Performance Evaluation
NB-HPN-1910-q0,11,corpus_doc_0054,paper_0054,IV,Results And Discussions,32,0.759844,Methods for Predicting Behavior of Eleph… §IV Results And Discussions
NB-HPN-1910-q0,12,corpus_doc_1581,paper_1581,IV,Performance Evaluation,9,0.730457,NetRT: Enhancing RDMA with Retransmissio… §IV Performance Evaluation
NB-HPN-1910-q0,13,corpus_doc_0054,paper_0054,IV,Results And Discussions,23,0.606357,Methods for Predicting Behavior of Eleph… §IV Results And Discussions
NB-HPN-1910-q0,14,corpus_doc_0032,paper_0032,9,Performance,2,0.590052,Journal of Cloud Computing: Advances Sys… §9 Performance
NB-HPN-1910-q0,15,corpus_doc_1661,paper_1661,III,Problem And Motivation,7,0.544175,1 T-RACKs: A Faster Recovery Mechanism f… §III Problem And Motivation
NB-HPN-1910-q0,16,corpus_doc_0253,paper_0253,200,Performance,5,0.538235,This paper is included in the Proceeding… §200 Performance
NB-HPN-1910-q0,17,corpus_doc_1910,paper_1910,,Abstract,0,0.399604,IEEE/ACM TRANSACTIONS ON NETWORKING 1 En… §Abstract
NB-HPN-1910-q0,18,corpus_doc_1661,paper_1661,,Abstract,0,0.348591,1 T-RACKs: A Faster Recovery Mechanism f… §Abstract
NB-HPN-1910-q0,19,corpus_doc_0457,paper_0457,,Abstract,0,0.341102,1074 IEEE/ACM TRANSACTIONS ON NETWORKING… §Abstract
NB-HPN-1910-q0,20,corpus_doc_0225,paper_0225,,,13,0.135057,Oddlab:fault-tolerantawareload-balancing… §
NB-HPN-1650-q0,1,corpus_doc_1650,paper_1650,1,Introduction,1,0.966865,HPC Global File System Performance Analy… §1 Introduction
NB-HPN-1650-q0,2,corpus_doc_1135,paper_1135,,Abstract,0,0.953836,Investigation Of Leading HPC I/O Perform… §Abstract
NB-HPN-1650-q0,3,corpus_doc_1135,paper_1135,2.3,Related Work,1,0.922747,Investigation Of Leading HPC I/O Perform… §2.3 Related Work
NB-HPN-1650-q0,4,corpus_doc_1650,paper_1650,2.4,Related Work,5,0.915284,HPC Global File System Performance Analy… §2.4 Related Work
NB-HPN-1650-q0,5,corpus_doc_2331,paper_2331,V,Case Studies,8,0.903854,24/7 Characterization of Petascale I/O W… §V Case Studies
NB-HPN-1650-q0,6,corpus_doc_2136,paper_2136,I,Introduction,1,0.874281,I/O Performance Characterization of Lust… §I Introduction
NB-HPN-1650-q0,7,corpus_doc_1650,paper_1650,,Abstract,0,0.858406,HPC Global File System Performance Analy… §Abstract
NB-HPN-1650-q0,8,corpus_doc_1650,paper_1650,1,Introduction,3,0.841073,HPC Global File System Performance Analy… §1 Introduction
NB-HPN-1650-q0,9,corpus_doc_0142,paper_0142,1,Introduction,1,0.828901,Asking the Right Questions: Benchmarking… §1 Introduction
NB-HPN-1650-q0,10,corpus_doc_0142,paper_0142,2,Related Work,2,0.825913,Asking the Right Questions: Benchmarking… §2 Related Work
NB-HPN-1650-q0,11,corpus_doc_1650,paper_1650,3,Experimental,6,0.688768,HPC Global File System Performance Analy… §3 Experimental
NB-HPN-1650-q0,12,corpus_doc_0153,paper_0153,4,Evaluation,9,0.569654,TYPE Original Research PUBLISHED 17 Sept… §4 Evaluation
NB-HPN-1650-q0,13,corpus_doc_0046,paper_0046,VI,Conclusions,9,0.560616,Parallel I/O Performance: From Events to… §VI Conclusions
NB-HPN-1650-q0,14,corpus_doc_0153,paper_0153,4,Evaluation,12,0.469354,TYPE Original Research PUBLISHED 17 Sept… §4 Evaluation
NB-HPN-1650-q0,15,corpus_doc_1135,paper_1135,3.1,Overview,14,0.394099,Investigation Of Leading HPC I/O Perform… §3.1 Overview
NB-HPN-1650-q0,16,corpus_doc_1888,paper_1888,4,Implementation,7,0.305309,A High-Performance Design Implementation… §4 Implementation
NB-HPN-1650-q0,17,corpus_doc_0973,paper_0973,2,Overview,1,0.233370,Enterprise applications cloud rightsizin… §2 Overview
NB-HPN-1650-q0,18,corpus_doc_2140,paper_2140,1,Introduction,1,0.230409,Gleam: An RDMA-accelerated Multicast Pro… §1 Introduction
NB-HPN-1650-q0,19,corpus_doc_0726,paper_0726,1,Introduction,2,0.031510,HAL Id: hal-04093528 Submitted on 10 May… §1 Introduction
NB-HPN-1650-q0,20,corpus_doc_0135,paper_0135,3,Method,16,0.007071,Degree Project in the Field Information … §3 Method
NB-HPN-1379-q0,1,corpus_doc_2282,paper_2282,I,Introduction,4,0.957451,Received January 19 2021 accepted Februa… §I Introduction
NB-HPN-1379-q0,2,corpus_doc_1627,paper_1627,1,Introduction,1,0.909862,BBR-With Adaptive Pacing Gain Rates BBR-… §1 Introduction
NB-HPN-1379-q0,3,corpus_doc_1379,paper_1379,III,Bbr Overview,3,0.867978,BBR Fairness Evaluation Using NS-3 Linch… §III Bbr Overview
NB-HPN-1379-q0,4,corpus_doc_1389,paper_1389,1,Introduction,1,0.861949,Page 1/22 TCP BBR congestion control opt… §1 Introduction
NB-HPN-1379-q0,5,corpus_doc_1379,paper_1379,IV,Experiment Setup,4,0.812217,BBR Fairness Evaluation Using NS-3 Linch… §IV Experiment Setup
NB-HPN-1379-q0,6,corpus_doc_1132,paper_1132,III,Coupled Multipath Bbr C-Mpbbr,4,0.805594,Received July 22 2020 accepted September… §III Coupled Multipath Bbr C-Mpbbr
NB-HPN-1379-q0,7,corpus_doc_0176,paper_0176,,,0,0.695952,58 COMMUNICATIONS OF THE ACM FEBRUARY 20… §
NB-HPN-1379-q0,8,corpus_doc_0513,paper_0513,V,System Prototyping And Evaluation,7,0.635991,A Deep Reinforcement Learning Framework … §V System Prototyping And Evaluation
NB-HPN-1379-q0,9,corpus_doc_1667,paper_1667,IV,Satpipe System Design,7,0.615470,SATPIPE: Deterministic TCP Adaptation fo… §IV Satpipe System Design
NB-HPN-1379-q0,10,corpus_doc_2282,paper_2282,I,Introduction,1,0.610132,Received January 19 2021 accepted Februa… §I Introduction
NB-HPN-1379-q0,11,corpus_doc_2282,paper_2282,I,Introduction,10,0.412260,Received January 19 2021 accepted Februa… §I Introduction
NB-HPN-1379-q0,12,corpus_doc_2282,paper_2282,I,Introduction,9,0.383267,Received January 19 2021 accepted Februa… §I Introduction
NB-HPN-1379-q0,13,corpus_doc_1627,paper_1627,3,Motivation,4,0.363763,BBR-With Adaptive Pacing Gain Rates BBR-… §3 Motivation
NB-HPN-1379-q0,14,corpus_doc_1627,paper_1627,,Abstract,0,0.129993,BBR-With Adaptive Pacing Gain Rates BBR-… §Abstract
NB-HPN-1379-q0,15,corpus_doc_1379,paper_1379,II,Related Work,2,0.108726,BBR Fairness Evaluation Using NS-3 Linch… §II Related Work
NB-HPN-1379-q0,16,corpus_doc_1389,paper_1389,,Abstract,0,0.056183,Page 1/22 TCP BBR congestion control opt… §Abstract
NB-HPN-1379-q0,17,corpus_doc_0252,paper_0252,4,Design,4,0.054184,TCP/IPoDWDM: A Case for Adaptive Congest… §4 Design
NB-HPN-1379-q0,18,corpus_doc_2282,paper_2282,,Abstract,0,0.051830,Received January 19 2021 accepted Februa… §Abstract
NB-HPN-1379-q0,19,corpus_doc_1128,paper_1128,,Abstract,0,0.037836,Computing manuscript No. will be inserte… §Abstract
NB-HPN-1379-q0,20,corpus_doc_1379,paper_1379,I,Introduction,1,0.028192,BBR Fairness Evaluation Using NS-3 Linch… §I Introduction
NB-HPN-0406-q0,1,corpus_doc_0406,paper_0406,,Abstract,0,0.714705,See discussions stats and author profile… §Abstract
NB-HPN-0406-q0,2,corpus_doc_2336,paper_2336,1,Introduction,1,0.634077,Canaries in a Coal Mine: Using Applicati… §1 Introduction
NB-HPN-0406-q0,3,corpus_doc_1752,paper_1752,3,System Model,6,0.534594,Why Atomicity Matters to AI/ML Infrastru… §3 System Model
NB-HPN-0406-q0,4,corpus_doc_2336,paper_2336,3,Approach,3,0.374302,Canaries in a Coal Mine: Using Applicati… §3 Approach
NB-HPN-0406-q0,5,corpus_doc_2280,paper_2280,1,Introduction,0,0.216919,Preprint April 7 2026 This is a preprint… §1 Introduction
NB-HPN-0406-q0,6,corpus_doc_2280,paper_2280,2,Background,4,0.194895,Preprint April 7 2026 This is a preprint… §2 Background
NB-HPN-0406-q0,7,corpus_doc_1317,paper_1317,1,Introduction,1,0.153886,The Viability of Using Compression to De… §1 Introduction
NB-HPN-0406-q0,8,corpus_doc_2336,paper_2336,3,Approach,4,0.137546,Canaries in a Coal Mine: Using Applicati… §3 Approach
NB-HPN-0406-q0,9,corpus_doc_1173,paper_1173,I,Introduction,10,0.093429,Fire-Flyer AI-HPC: A Cost-Effective Soft… §I Introduction
NB-HPN-0406-q0,10,corpus_doc_0281,paper_0281,I,Introduction,1,0.089680,See discussions stats and author profile… §I Introduction
NB-HPN-0406-q0,11,corpus_doc_2336,paper_2336,5,Related Work,7,0.089577,Canaries in a Coal Mine: Using Applicati… §5 Related Work
NB-HPN-0406-q0,12,corpus_doc_1317,paper_1317,1,Introduction,2,0.040185,The Viability of Using Compression to De… §1 Introduction
NB-HPN-0406-q0,13,corpus_doc_2336,paper_2336,6,Conclusion,8,0.034177,Canaries in a Coal Mine: Using Applicati… §6 Conclusion
NB-HPN-0406-q0,14,corpus_doc_0294,paper_0294,8.3,Framework,4,0.028518,MillWheel: Fault-Tolerant Stream Process… §8.3 Framework
NB-HPN-0406-q0,15,corpus_doc_1544,paper_1544,2.2,Related Work,3,0.024790,. . Latest updates: h ps://dl.acm.org/do… §2.2 Related Work
NB-HPN-0406-q0,16,corpus_doc_0142,paper_0142,2,Related Work,2,0.021327,Asking the Right Questions: Benchmarking… §2 Related Work
NB-HPN-0406-q0,17,corpus_doc_0528,paper_0528,9,Conclusion,10,0.012522,Error Detection and Error Classification… §9 Conclusion
NB-HPN-0406-q0,18,corpus_doc_1657,paper_1657,,Abstract,0,0.012314,2016 IEEE International Conference on Bi… §Abstract
NB-HPN-0406-q0,19,corpus_doc_1418,paper_1418,IV,Mpls Fast Recovery,15,0.008502,IEEE COMMUNICATIONS SURVEYS & TUTORIALS … §IV Mpls Fast Recovery
NB-HPN-0406-q0,20,corpus_doc_0281,paper_0281,VI,Conclusion,11,0.000449,See discussions stats and author profile… §VI Conclusion
NB-HPN-0644-q0,1,corpus_doc_1495,paper_1495,I,Introduction T He,1,0.971685,HAL Id: hal-04632943 Submitted on 3 Jul … §I Introduction T He
NB-HPN-0644-q0,2,corpus_doc_1533,paper_1533,I,Introduction T He,1,0.968895,PREPRINT 1 Weighted Scheduling of Time-S… §I Introduction T He
NB-HPN-0644-q0,3,corpus_doc_1533,paper_1533,II,Problem Statement,3,0.933920,PREPRINT 1 Weighted Scheduling of Time-S… §II Problem Statement
NB-HPN-0644-q0,4,corpus_doc_1533,paper_1533,II,Problem Statement,5,0.876076,PREPRINT 1 Weighted Scheduling of Time-S… §II Problem Statement
NB-HPN-0644-q0,5,corpus_doc_1446,paper_1446,II,Background And Motivation,4,0.852945,HAL Id: hal-04632942 Submitted on 3 Jul … §II Background And Motivation
NB-HPN-0644-q0,6,corpus_doc_0644,paper_0644,II,Problem Statement And Theoretical Analysis,4,0.841221,1 DCo ow: Deadline-Aware Scheduling Algo… §II Problem Statement And Theoretical Analysis
NB-HPN-0644-q0,7,corpus_doc_0644,paper_0644,II,Problem Statement And Theoretical Analysis,5,0.831312,1 DCo ow: Deadline-Aware Scheduling Algo… §II Problem Statement And Theoretical Analysis
NB-HPN-0644-q0,8,corpus_doc_0644,paper_0644,II,Problem Statement And Theoretical Analysis,3,0.828849,1 DCo ow: Deadline-Aware Scheduling Algo… §II Problem Statement And Theoretical Analysis
NB-HPN-0644-q0,9,corpus_doc_0644,paper_0644,I,Introduction,1,0.824200,1 DCo ow: Deadline-Aware Scheduling Algo… §I Introduction
NB-HPN-0644-q0,10,corpus_doc_1533,paper_1533,II,Problem Statement,4,0.805151,PREPRINT 1 Weighted Scheduling of Time-S… §II Problem Statement
NB-HPN-0644-q0,11,corpus_doc_1495,paper_1495,II,Problem Statement,5,0.803459,HAL Id: hal-04632943 Submitted on 3 Jul … §II Problem Statement
NB-HPN-0644-q0,12,corpus_doc_1495,paper_1495,IV,Performance Evaluation,13,0.800988,HAL Id: hal-04632943 Submitted on 3 Jul … §IV Performance Evaluation
NB-HPN-0644-q0,13,corpus_doc_1446,paper_1446,I,Introduction,2,0.777389,HAL Id: hal-04632942 Submitted on 3 Jul … §I Introduction
NB-HPN-0644-q0,14,corpus_doc_2126,paper_2126,II,System Model And Problem Formulation,3,0.758330,1 An Improved Bound for Minimizing the T… §II System Model And Problem Formulation
NB-HPN-0644-q0,15,corpus_doc_0644,paper_0644,IV,Performance Evaluation,10,0.635633,1 DCo ow: Deadline-Aware Scheduling Algo… §IV Performance Evaluation
NB-HPN-0644-q0,16,corpus_doc_0644,paper_0644,IV,Performance Evaluation,8,0.608721,1 DCo ow: Deadline-Aware Scheduling Algo… §IV Performance Evaluation
NB-HPN-0644-q0,17,corpus_doc_2126,paper_2126,IV,Linear Programing Lp Relaxation,6,0.466084,1 An Improved Bound for Minimizing the T… §IV Linear Programing Lp Relaxation
NB-HPN-0644-q0,18,corpus_doc_1495,paper_1495,,Abstract,0,0.413574,HAL Id: hal-04632943 Submitted on 3 Jul … §Abstract
NB-HPN-0644-q0,19,corpus_doc_1446,paper_1446,,Abstract,0,0.184655,HAL Id: hal-04632942 Submitted on 3 Jul … §Abstract
NB-HPN-0644-q0,20,corpus_doc_1586,paper_1586,2.1,Background,7,0.033985,Performance Prediction of On-NIC Network… §2.1 Background
NB-HPN-0954-q0,1,corpus_doc_0954,paper_0954,,Abstract,0,0.986504,Received November 21 2018 accepted Decem… §Abstract
NB-HPN-0954-q0,2,corpus_doc_2339,paper_2339,II,Data Centre Communica Tion And Incast,2,0.957545,eprints whiterose.ac.uk Universities of … §II Data Centre Communica Tion And Incast
NB-HPN-0954-q0,3,corpus_doc_0836,paper_0836,,Abstract,0,0.936956,. . Latest updates: h ps://dl.acm.org/do… §Abstract
NB-HPN-0954-q0,4,corpus_doc_0850,paper_0850,1,Introduction,1,0.929214,International Journal of Science and Res… §1 Introduction
NB-HPN-0954-q0,5,corpus_doc_0954,paper_0954,I,Introduction A,1,0.921458,Received November 21 2018 accepted Decem… §I Introduction A
NB-HPN-0954-q0,6,corpus_doc_1278,paper_1278,1,Introduction,0,0.916584,The Nucleus 58 No. 1-4 2021 1-8 www.then… §1 Introduction
NB-HPN-0954-q0,7,corpus_doc_0954,paper_0954,IV,Anatomy Of Incast,5,0.907356,Received November 21 2018 accepted Decem… §IV Anatomy Of Incast
NB-HPN-0954-q0,8,corpus_doc_0661,paper_0661,I,Introduction Data Centers,1,0.902903,HAL Id: hal-04928781 Submitted on 9 Jul … §I Introduction Data Centers
NB-HPN-0954-q0,9,corpus_doc_0954,paper_0954,II,Background Sds,3,0.899674,Received November 21 2018 accepted Decem… §II Background Sds
NB-HPN-0954-q0,10,corpus_doc_1311,paper_1311,II,Related Work,2,0.886194,Received February 2 2019 accepted March … §II Related Work
NB-HPN-0954-q0,11,corpus_doc_0661,paper_0661,I,Introduction Data Centers,3,0.866948,HAL Id: hal-04928781 Submitted on 9 Jul … §I Introduction Data Centers
NB-HPN-0954-q0,12,corpus_doc_0661,paper_0661,I,Introduction Data Centers,2,0.857169,HAL Id: hal-04928781 Submitted on 9 Jul … §I Introduction Data Centers
NB-HPN-0954-q0,13,corpus_doc_0262,paper_0262,,,4,0.820366,International Journal of Information Tec… §
NB-HPN-0954-q0,14,corpus_doc_0954,paper_0954,V,Architecture And Proposed Model Inspired By,7,0.819732,Received November 21 2018 accepted Decem… §V Architecture And Proposed Model Inspired By
NB-HPN-0954-q0,15,corpus_doc_0954,paper_0954,VI,Performance Analysis And Experimental Results,14,0.782142,Received November 21 2018 accepted Decem… §VI Performance Analysis And Experimental Results
NB-HPN-0954-q0,16,corpus_doc_1325,paper_1325,,Abstract,0,0.748012,eprints whiterose.ac.uk Universities of … §Abstract
NB-HPN-0954-q0,17,corpus_doc_1325,paper_1325,VI,Conclusion,6,0.718384,eprints whiterose.ac.uk Universities of … §VI Conclusion
NB-HPN-0954-q0,18,corpus_doc_0900,paper_0900,2.3,Motivation,1,0.692843,Revisiting the Time Cost Model of AllRed… §2.3 Motivation
NB-HPN-0954-q0,19,corpus_doc_0698,paper_0698,2,Background,3,0.087450,This paper is included in the Proceeding… §2 Background
NB-HPN-0954-q0,20,corpus_doc_1785,paper_1785,I,Introduction,1,0.065263,Received June 17 2020 accepted June 23 2… §I Introduction
NB-HPN-0269-q0,1,corpus_doc_0269,paper_0269,,Abstract,0,0.969369,Modeling Inter-DC Bulk Data Transfer in … §Abstract
NB-HPN-0269-q0,2,corpus_doc_0269,paper_0269,I,Introduction,1,0.951723,Modeling Inter-DC Bulk Data Transfer in … §I Introduction
NB-HPN-0269-q0,3,corpus_doc_0282,paper_0282,I,Introduction,1,0.892034,Received January 6 2020 accepted January… §I Introduction
NB-HPN-0269-q0,4,corpus_doc_0282,paper_0282,II,Related Work,3,0.820347,Received January 6 2020 accepted January… §II Related Work
NB-HPN-0269-q0,5,corpus_doc_0282,paper_0282,III,Analytic Models For Snf Scheduling Problem,9,0.782425,Received January 6 2020 accepted January… §III Analytic Models For Snf Scheduling Problem
NB-HPN-0269-q0,6,corpus_doc_0282,paper_0282,II,Related Work,4,0.668153,Received January 6 2020 accepted January… §II Related Work
NB-HPN-0269-q0,7,corpus_doc_0269,paper_0269,VI,Conclusions,8,0.573293,Modeling Inter-DC Bulk Data Transfer in … §VI Conclusions
NB-HPN-0269-q0,8,corpus_doc_0269,paper_0269,II,Related Work A,2,0.568878,Modeling Inter-DC Bulk Data Transfer in … §II Related Work A
NB-HPN-0269-q0,9,corpus_doc_2155,paper_2155,,,2,0.559011,. . Latest updates: h ps://dl.acm.org/do… §
NB-HPN-0269-q0,10,corpus_doc_0282,paper_0282,,Abstract,0,0.523816,Received January 6 2020 accepted January… §Abstract
NB-HPN-0269-q0,11,corpus_doc_1897,paper_1897,1,Introduction,0,0.512237,Future Generation Computer Systems 29 20… §1 Introduction
NB-HPN-0269-q0,12,corpus_doc_2259,paper_2259,I,Introduction,1,0.509415,Received February 4 2021 accepted Februa… §I Introduction
NB-HPN-0269-q0,13,corpus_doc_0555,paper_0555,,,1,0.409606,Network-Aware End-to-End Data Throughput… §
NB-HPN-0269-q0,14,corpus_doc_0269,paper_0269,III,System Model And Assumptions,3,0.409058,Modeling Inter-DC Bulk Data Transfer in … §III System Model And Assumptions
NB-HPN-0269-q0,15,corpus_doc_2137,paper_2137,,Abstract,0,0.231841,ICTON 2017 Mo. B3.4 978-1-5386-0859-3/17… §Abstract
NB-HPN-0269-q0,16,corpus_doc_2280,paper_2280,1,Introduction,0,0.119800,Preprint April 7 2026 This is a preprint… §1 Introduction
NB-HPN-0269-q0,17,corpus_doc_2370,paper_2370,,,2,0.055166,Explaining Wide Area Data Transfer Perfo… §
NB-HPN-0269-q0,18,corpus_doc_0978,paper_0978,1,Introduction,1,0.040276,UDT as an Alternative Transport Protocol… §1 Introduction
NB-HPN-0269-q0,19,corpus_doc_0698,paper_0698,,Abstract,0,0.018995,This paper is included in the Proceeding… §Abstract
NB-HPN-0269-q0,20,corpus_doc_0555,paper_0555,,Abstract,0,0.003768,Network-Aware End-to-End Data Throughput… §Abstract
NB-HPN-1618-q0,1,corpus_doc_1618,paper_1618,,Abstract,0,0.990662,A DualPI2 Module for Mahimahi: Behaviora… §Abstract
NB-HPN-1618-q0,2,corpus_doc_1618,paper_1618,2.1,Overview,4,0.987815,A DualPI2 Module for Mahimahi: Behaviora… §2.1 Overview
NB-HPN-1618-q0,3,corpus_doc_1618,paper_1618,2.1,Overview,1,0.987540,A DualPI2 Module for Mahimahi: Behaviora… §2.1 Overview
NB-HPN-1618-q0,4,corpus_doc_1618,paper_1618,2.1,Overview,8,0.986476,A DualPI2 Module for Mahimahi: Behaviora… §2.1 Overview
NB-HPN-1618-q0,5,corpus_doc_2179,paper_2179,,,2,0.986088,To switch or not to switch to TCP Prague… §
NB-HPN-1618-q0,6,corpus_doc_0390,paper_0390,2,Related Work,3,0.985343,Evaluating L4S Framework Performance wit… §2 Related Work
NB-HPN-1618-q0,7,corpus_doc_2179,paper_2179,,,4,0.984018,To switch or not to switch to TCP Prague… §
NB-HPN-1618-q0,8,corpus_doc_1231,paper_1231,1,Introduction,2,0.980710,iRED: A disaggregated P4-AQM fully imple… §1 Introduction
NB-HPN-1618-q0,9,corpus_doc_1064,paper_1064,2,Background,2,0.977661,To Adopt or Not to Adopt L4S-Compatible … §2 Background
NB-HPN-1618-q0,10,corpus_doc_1064,paper_1064,2,Background,3,0.975335,To Adopt or Not to Adopt L4S-Compatible … §2 Background
NB-HPN-1618-q0,11,corpus_doc_1064,paper_1064,3,Experiment,5,0.973311,To Adopt or Not to Adopt L4S-Compatible … §3 Experiment
NB-HPN-1618-q0,12,corpus_doc_2249,paper_2249,I,Introduction,1,0.971325,HAL Id: hal-04064187 Submitted on 11 Apr… §I Introduction
NB-HPN-1618-q0,13,corpus_doc_0390,paper_0390,1,Introduction,1,0.965840,Evaluating L4S Framework Performance wit… §1 Introduction
NB-HPN-1618-q0,14,corpus_doc_2179,paper_2179,,,3,0.956295,To switch or not to switch to TCP Prague… §
NB-HPN-1618-q0,15,corpus_doc_1064,paper_1064,4,Experiment,10,0.949501,To Adopt or Not to Adopt L4S-Compatible … §4 Experiment
NB-HPN-1618-q0,16,corpus_doc_1064,paper_1064,4,Experiment,14,0.940238,To Adopt or Not to Adopt L4S-Compatible … §4 Experiment
NB-HPN-1618-q0,17,corpus_doc_2179,paper_2179,,,7,0.937648,To switch or not to switch to TCP Prague… §
NB-HPN-1618-q0,18,corpus_doc_0390,paper_0390,2,Related Work,2,0.934644,Evaluating L4S Framework Performance wit… §2 Related Work
NB-HPN-1618-q0,19,corpus_doc_1618,paper_1618,2.1,Overview,2,0.879649,A DualPI2 Module for Mahimahi: Behaviora… §2.1 Overview
NB-HPN-1618-q0,20,corpus_doc_1618,paper_1618,2.1,Overview,11,0.804980,A DualPI2 Module for Mahimahi: Behaviora… §2.1 Overview
NB-HPN-0850-q0,1,corpus_doc_0850,paper_0850,1,Introduction,1,0.945284,International Journal of Science and Res… §1 Introduction
NB-HPN-0850-q0,2,corpus_doc_1278,paper_1278,1,Introduction,0,0.944990,The Nucleus 58 No. 1-4 2021 1-8 www.then… §1 Introduction
NB-HPN-0850-q0,3,corpus_doc_0876,paper_0876,,,0,0.936695,International Journal of Computer Networ… §
NB-HPN-0850-q0,4,corpus_doc_0876,paper_0876,,,2,0.899465,International Journal of Computer Networ… §
NB-HPN-0850-q0,5,corpus_doc_1311,paper_1311,II,Related Work,2,0.894905,Received February 2 2019 accepted March … §II Related Work
NB-HPN-0850-q0,6,corpus_doc_0836,paper_0836,,Abstract,0,0.870401,. . Latest updates: h ps://dl.acm.org/do… §Abstract
NB-HPN-0850-q0,7,corpus_doc_1634,paper_1634,8,Analysis,2,0.842952,On implementation of DCTCP on three tier… §8 Analysis
NB-HPN-0850-q0,8,corpus_doc_1278,paper_1278,3,Analysis,4,0.814893,The Nucleus 58 No. 1-4 2021 1-8 www.then… §3 Analysis
NB-HPN-0850-q0,9,corpus_doc_0954,paper_0954,,Abstract,0,0.760902,Received November 21 2018 accepted Decem… §Abstract
NB-HPN-0850-q0,10,corpus_doc_0591,paper_0591,1,Introduction,1,0.723285,Copyright 2024 The Authors. Published by… §1 Introduction
NB-HPN-0850-q0,11,corpus_doc_0848,paper_0848,I,Introduction,1,0.682659,A Lightweight Routing Layer Using a Reli… §I Introduction
NB-HPN-0850-q0,12,corpus_doc_2262,paper_2262,,,8,0.658311,. . Latest updates: h ps://dl.acm.org/do… §
NB-HPN-0850-q0,13,corpus_doc_0850,paper_0850,,Abstract,0,0.636491,International Journal of Science and Res… §Abstract
NB-HPN-0850-q0,14,corpus_doc_1212,paper_1212,I,Introduction,1,0.622911,SPECIAL SECTION ON INTELLIGENT INFORMATI… §I Introduction
NB-HPN-0850-q0,15,corpus_doc_1325,paper_1325,,Abstract,0,0.605799,eprints whiterose.ac.uk Universities of … §Abstract
NB-HPN-0850-q0,16,corpus_doc_1325,paper_1325,VI,Conclusion,6,0.595542,eprints whiterose.ac.uk Universities of … §VI Conclusion
NB-HPN-0850-q0,17,corpus_doc_2339,paper_2339,,Abstract,0,0.461403,eprints whiterose.ac.uk Universities of … §Abstract
NB-HPN-0850-q0,18,corpus_doc_1304,paper_1304,,Abstract,0,0.372266,KSII TRANSACTIONS ON INTERNET AND INFORM… §Abstract
NB-HPN-0850-q0,19,corpus_doc_2339,paper_2339,V,Conclusion,6,0.368622,eprints whiterose.ac.uk Universities of … §V Conclusion
NB-HPN-0850-q0,20,corpus_doc_1910,paper_1910,VI,Related Work,12,0.357143,IEEE/ACM TRANSACTIONS ON NETWORKING 1 En… §VI Related Work
NB-HPN-0853-q0,1,corpus_doc_0853,paper_0853,1,Introduction,1,0.986438,This paper is included in the Proceeding… §1 Introduction
NB-HPN-0853-q0,2,corpus_doc_2147,paper_2147,1,Introduction,1,0.985365,NetRPC: Enabling In-Network Computation … §1 Introduction
NB-HPN-0853-q0,3,corpus_doc_0853,paper_0853,3,Design,6,0.950088,This paper is included in the Proceeding… §3 Design
NB-HPN-0853-q0,4,corpus_doc_2147,paper_2147,3,Design,6,0.948375,NetRPC: Enabling In-Network Computation … §3 Design
NB-HPN-0853-q0,5,corpus_doc_2147,paper_2147,3,Design,4,0.923224,NetRPC: Enabling In-Network Computation … §3 Design
NB-HPN-0853-q0,6,corpus_doc_0853,paper_0853,3,Design,4,0.920780,This paper is included in the Proceeding… §3 Design
NB-HPN-0853-q0,7,corpus_doc_0853,paper_0853,3,Design,5,0.907203,This paper is included in the Proceeding… §3 Design
NB-HPN-0853-q0,8,corpus_doc_2147,paper_2147,3,Design,5,0.906483,NetRPC: Enabling In-Network Computation … §3 Design
NB-HPN-0853-q0,9,corpus_doc_0853,paper_0853,3,Design,8,0.900998,This paper is included in the Proceeding… §3 Design
NB-HPN-0853-q0,10,corpus_doc_2147,paper_2147,3,Design,7,0.870079,NetRPC: Enabling In-Network Computation … §3 Design
NB-HPN-0853-q0,11,corpus_doc_2147,paper_2147,6.1,Experiment,13,0.857366,NetRPC: Enabling In-Network Computation … §6.1 Experiment
NB-HPN-0853-q0,12,corpus_doc_0853,paper_0853,3,Design,7,0.849607,This paper is included in the Proceeding… §3 Design
NB-HPN-0853-q0,13,corpus_doc_0853,paper_0853,6.1,Experiment,13,0.836931,This paper is included in the Proceeding… §6.1 Experiment
NB-HPN-0853-q0,14,corpus_doc_2147,paper_2147,1,Introduction,2,0.818839,NetRPC: Enabling In-Network Computation … §1 Introduction
NB-HPN-0853-q0,15,corpus_doc_0853,paper_0853,1,Introduction,2,0.786400,This paper is included in the Proceeding… §1 Introduction
NB-HPN-0853-q0,16,corpus_doc_2147,paper_2147,3,Design,9,0.783286,NetRPC: Enabling In-Network Computation … §3 Design
NB-HPN-0853-q0,17,corpus_doc_0853,paper_0853,7,Conclusion,17,0.553135,This paper is included in the Proceeding… §7 Conclusion
NB-HPN-0853-q0,18,corpus_doc_2147,paper_2147,7,Conclusion,17,0.511992,NetRPC: Enabling In-Network Computation … §7 Conclusion
NB-HPN-0853-q0,19,corpus_doc_0853,paper_0853,,Abstract,0,0.454848,This paper is included in the Proceeding… §Abstract
NB-HPN-0853-q0,20,corpus_doc_2147,paper_2147,,Abstract,0,0.394610,NetRPC: Enabling In-Network Computation … §Abstract
NB-HPN-0732-q0,1,corpus_doc_0732,paper_0732,1,Introduction,10,0.988681,Flow Consolidation for Congestion Contro… §1 Introduction
NB-HPN-0732-q0,2,corpus_doc_0732,paper_0732,,Abstract,0,0.976602,Flow Consolidation for Congestion Contro… §Abstract
NB-HPN-0732-q0,3,corpus_doc_0732,paper_0732,1,Introduction,11,0.968097,Flow Consolidation for Congestion Contro… §1 Introduction
NB-HPN-0732-q0,4,corpus_doc_0732,paper_0732,6,Conclusion,65,0.956168,Flow Consolidation for Congestion Contro… §6 Conclusion
NB-HPN-0732-q0,5,corpus_doc_0732,paper_0732,4.3,System Design,38,0.950634,Flow Consolidation for Congestion Contro… §4.3 System Design
NB-HPN-0732-q0,6,corpus_doc_0732,paper_0732,4.1,Introduction,33,0.948230,Flow Consolidation for Congestion Contro… §4.1 Introduction
NB-HPN-0732-q0,7,corpus_doc_0732,paper_0732,4.5,Conclusion,49,0.934481,Flow Consolidation for Congestion Contro… §4.5 Conclusion
NB-HPN-0732-q0,8,corpus_doc_0732,paper_0732,1,Introduction,12,0.933655,Flow Consolidation for Congestion Contro… §1 Introduction
NB-HPN-0732-q0,9,corpus_doc_0732,paper_0732,1,Introduction,13,0.926482,Flow Consolidation for Congestion Contro… §1 Introduction
NB-HPN-0732-q0,10,corpus_doc_0732,paper_0732,4.4,Evaluation,43,0.912819,Flow Consolidation for Congestion Contro… §4.4 Evaluation
NB-HPN-0732-q0,11,corpus_doc_0732,paper_0732,3.5,Conclusion,32,0.909785,Flow Consolidation for Congestion Contro… §3.5 Conclusion
NB-HPN-0732-q0,12,corpus_doc_0732,paper_0732,4.2,Related Work,35,0.894752,Flow Consolidation for Congestion Contro… §4.2 Related Work
NB-HPN-0732-q0,13,corpus_doc_0732,paper_0732,4.4,Evaluation,47,0.884059,Flow Consolidation for Congestion Contro… §4.4 Evaluation
NB-HPN-0732-q0,14,corpus_doc_0732,paper_0732,5.1,Introduction,53,0.880044,Flow Consolidation for Congestion Contro… §5.1 Introduction
NB-HPN-0732-q0,15,corpus_doc_0732,paper_0732,4.3,System Design,39,0.865163,Flow Consolidation for Congestion Contro… §4.3 System Design
NB-HPN-0732-q0,16,corpus_doc_0732,paper_0732,4.4,Evaluation,42,0.863196,Flow Consolidation for Congestion Contro… §4.4 Evaluation
NB-HPN-0732-q0,17,corpus_doc_0732,paper_0732,4.4,Evaluation,46,0.816989,Flow Consolidation for Congestion Contro… §4.4 Evaluation
NB-HPN-0732-q0,18,corpus_doc_0732,paper_0732,4.4,Evaluation,45,0.776228,Flow Consolidation for Congestion Contro… §4.4 Evaluation
NB-HPN-0732-q0,19,corpus_doc_0732,paper_0732,6,Conclusion,66,0.753356,Flow Consolidation for Congestion Contro… §6 Conclusion
NB-HPN-0732-q0,20,corpus_doc_0732,paper_0732,4.1,Introduction,34,0.507106,Flow Consolidation for Congestion Contro… §4.1 Introduction
NB-HPN-1466-q0,1,corpus_doc_1466,paper_1466,I,Introduction,1,0.986657,1 TEL: Low-Latency Failover Traf c Engin… §I Introduction
NB-HPN-1466-q0,2,corpus_doc_1466,paper_1466,VII,Related Work,14,0.982938,1 TEL: Low-Latency Failover Traf c Engin… §VII Related Work
NB-HPN-1466-q0,3,corpus_doc_1418,paper_1418,I,Introduction Packet-Switched,3,0.979671,IEEE COMMUNICATIONS SURVEYS & TUTORIALS … §I Introduction Packet-Switched
NB-HPN-1466-q0,4,corpus_doc_0943,paper_0943,1,Introduction,1,0.977746,Telecommunication Systems 2024 85:277 28… §1 Introduction
NB-HPN-1466-q0,5,corpus_doc_0949,paper_0949,III,Background,5,0.961380,HAL Id: hal-05398965 Submitted on 4 Dec … §III Background
NB-HPN-1466-q0,6,corpus_doc_2084,paper_2084,,Abstract,0,0.936288,Hardware-Accelerated Network Control Pla… §Abstract
NB-HPN-1466-q0,7,corpus_doc_0657,paper_0657,,Abstract,0,0.932139,D2R : Dataplane-Only Policy-Compliant Ro… §Abstract
NB-HPN-1466-q0,8,corpus_doc_0949,paper_0949,V,Te Solutions Leveraging Rl,22,0.928583,HAL Id: hal-05398965 Submitted on 4 Dec … §V Te Solutions Leveraging Rl
NB-HPN-1466-q0,9,corpus_doc_1418,paper_1418,X,Discussion,45,0.928173,IEEE COMMUNICATIONS SURVEYS & TUTORIALS … §X Discussion
NB-HPN-1466-q0,10,corpus_doc_0949,paper_0949,V,Te Solutions Leveraging Rl,12,0.920308,HAL Id: hal-05398965 Submitted on 4 Dec … §V Te Solutions Leveraging Rl
NB-HPN-1466-q0,11,corpus_doc_1466,paper_1466,,Abstract,0,0.915492,1 TEL: Low-Latency Failover Traf c Engin… §Abstract
NB-HPN-1466-q0,12,corpus_doc_0943,paper_0943,2.1,Approach,6,0.914282,Telecommunication Systems 2024 85:277 28… §2.1 Approach
NB-HPN-1466-q0,13,corpus_doc_1954,paper_1954,4.1,System,4,0.853377,Performance Analysis of General P4 Forwa… §4.1 System
NB-HPN-1466-q0,14,corpus_doc_1466,paper_1466,VIII,Conclusion,15,0.849055,1 TEL: Low-Latency Failover Traf c Engin… §VIII Conclusion
NB-HPN-1466-q0,15,corpus_doc_0144,paper_0144,4.1,System,3,0.814645,Performance Analysis of General P4 Forwa… §4.1 System
NB-HPN-1466-q0,16,corpus_doc_1418,paper_1418,,Abstract,0,0.793332,IEEE COMMUNICATIONS SURVEYS & TUTORIALS … §Abstract
NB-HPN-1466-q0,17,corpus_doc_0949,paper_0949,V,Te Solutions Leveraging Rl,11,0.791592,HAL Id: hal-05398965 Submitted on 4 Dec … §V Te Solutions Leveraging Rl
NB-HPN-1466-q0,18,corpus_doc_1466,paper_1466,I,Introduction,2,0.747247,1 TEL: Low-Latency Failover Traf c Engin… §I Introduction
NB-HPN-1466-q0,19,corpus_doc_0403,paper_0403,1,Introduction,1,0.575753,13thJointConferenceonMathematicsandCompu… §1 Introduction
NB-HPN-1466-q0,20,corpus_doc_0710,paper_0710,VII,Related Paradigms,27,0.329730,DATACENTER TRAFFIC CONTROL TECHNIQUES AN… §VII Related Paradigms
NB-HPN-1296-q3,1,corpus_doc_1296,paper_1296,I,Introduction,3,0.981616,1 Online Algorithms for Information Aggr… §I Introduction
NB-HPN-1296-q3,2,corpus_doc_1296,paper_1296,V,Full Intercommunication,8,0.966093,1 Online Algorithms for Information Aggr… §V Full Intercommunication
NB-HPN-1296-q3,3,corpus_doc_1296,paper_1296,IV,Nointercommunication,6,0.952537,1 Online Algorithms for Information Aggr… §IV Nointercommunication
NB-HPN-1296-q3,4,corpus_doc_1296,paper_1296,I,Introduction,4,0.940277,1 Online Algorithms for Information Aggr… §I Introduction
NB-HPN-1296-q3,5,corpus_doc_1296,paper_1296,I,Introduction,5,0.841417,1 Online Algorithms for Information Aggr… §I Introduction
NB-HPN-1296-q3,6,corpus_doc_1296,paper_1296,VI,Partial Intercommunication,10,0.837012,1 Online Algorithms for Information Aggr… §VI Partial Intercommunication
NB-HPN-1296-q3,7,corpus_doc_1296,paper_1296,V,Full Intercommunication,9,0.679641,1 Online Algorithms for Information Aggr… §V Full Intercommunication
NB-HPN-1296-q3,8,corpus_doc_1169,paper_1169,II,Proposed Metric,9,0.532192,1 The Age of Incorrect Information: A Ne… §II Proposed Metric
NB-HPN-1296-q3,9,corpus_doc_1296,paper_1296,I,Introduction,2,0.275574,1 Online Algorithms for Information Aggr… §I Introduction
NB-HPN-1296-q3,10,corpus_doc_1296,paper_1296,IV,Nointercommunication,7,0.241700,1 Online Algorithms for Information Aggr… §IV Nointercommunication
NB-HPN-1296-q3,11,corpus_doc_0306,paper_0306,3,Motivation,5,0.206619,This work is licensed under a Creative C… §3 Motivation
NB-HPN-1296-q3,12,corpus_doc_0612,paper_0612,I,Introduction,1,0.198096,arXiv:1211.6162v2 math. OC 28 Nov 2012 A… §I Introduction
NB-HPN-1296-q3,13,corpus_doc_1296,paper_1296,VII,Lower Bounds Of Competitive Ratios,11,0.193065,1 Online Algorithms for Information Aggr… §VII Lower Bounds Of Competitive Ratios
NB-HPN-1296-q3,14,corpus_doc_1169,paper_1169,II,Proposed Metric,6,0.175381,1 The Age of Incorrect Information: A Ne… §II Proposed Metric
NB-HPN-1296-q3,15,corpus_doc_0637,paper_0637,,,7,0.144608,Memento: Making Sliding Windows Efficien… §
NB-HPN-1296-q3,16,corpus_doc_1169,paper_1169,II,Proposed Metric,7,0.127102,1 The Age of Incorrect Information: A Ne… §II Proposed Metric
NB-HPN-1296-q3,17,corpus_doc_2034,paper_2034,I,Introduction,11,0.112216,1 Timely Communications for Remote Infer… §I Introduction
NB-HPN-1296-q3,18,corpus_doc_1169,paper_1169,II,Proposed Metric,8,0.054357,1 The Age of Incorrect Information: A Ne… §II Proposed Metric
NB-HPN-1296-q3,19,corpus_doc_2307,paper_2307,3.2,Framework,6,0.027230,. . Latest updates: h ps://dl.acm.org/do… §3.2 Framework
NB-HPN-1296-q3,20,corpus_doc_0398,paper_0398,II,Related Work,3,0.016646,1 AdapINT: A Flexible and Adaptive In-Ba… §II Related Work
NB-HPN-2290-q0,1,corpus_doc_2290,paper_2290,,Abstract,0,0.994788,SUBMITTED TO IEEE/ACM TRANSACTIONS ON NE… §Abstract
NB-HPN-2290-q0,2,corpus_doc_2290,paper_2290,IV,Table I,2,0.988911,SUBMITTED TO IEEE/ACM TRANSACTIONS ON NE… §IV Table I
NB-HPN-2290-q0,3,corpus_doc_0743,paper_0743,1,Introduction,0,0.922213,D O I : 1 0 . 1 5 8 7 / t r a n s i n f … §1 Introduction
NB-HPN-2290-q0,4,corpus_doc_0732,paper_0732,2,Background,18,0.874759,Flow Consolidation for Congestion Contro… §2 Background
NB-HPN-2290-q0,5,corpus_doc_1147,paper_1147,1,Introduction,1,0.862913,Prediction-Guided Control in Data Center… §1 Introduction
NB-HPN-2290-q0,6,corpus_doc_0949,paper_0949,VI,Discussion,31,0.707369,HAL Id: hal-05398965 Submitted on 4 Dec … §VI Discussion
NB-HPN-2290-q0,7,corpus_doc_1990,paper_1990,,Abstract,0,0.656706,arXiv:1303.3796v1 cs. NI 15 Mar 2013 1 T… §Abstract
NB-HPN-2290-q0,8,corpus_doc_0021,paper_0021,2,Motivation,4,0.555295,This paper is included in the Proceeding… §2 Motivation
NB-HPN-2290-q0,9,corpus_doc_2172,paper_2172,III,Adaptive Learning And Incremental Learning For,4,0.551861,Liquid Neural Network-based Adaptive Lea… §III Adaptive Learning And Incremental Learning For
NB-HPN-2290-q0,10,corpus_doc_0949,paper_0949,V,Te Solutions Leveraging Rl,20,0.529429,HAL Id: hal-05398965 Submitted on 4 Dec … §V Te Solutions Leveraging Rl
NB-HPN-2290-q0,11,corpus_doc_0743,paper_0743,1,Introduction,1,0.462689,D O I : 1 0 . 1 5 8 7 / t r a n s i n f … §1 Introduction
NB-HPN-2290-q0,12,corpus_doc_0331,paper_0331,IV,T He Lordma Attack,9,0.440229,LoRDMA: A New Low-Rate DoS Attack in RDM… §IV T He Lordma Attack
NB-HPN-2290-q0,13,corpus_doc_1880,paper_1880,3.2,Discussion,8,0.373139,Vol:. 1234567890 Journal of Network and … §3.2 Discussion
NB-HPN-2290-q0,14,corpus_doc_1583,paper_1583,,Abstract,0,0.369155,Enabling Event-Triggered Data Plane Moni… §Abstract
NB-HPN-2290-q0,15,corpus_doc_0672,paper_0672,2,Background,2,0.355841,. . Latest updates: h ps://dl.acm.org/do… §2 Background
NB-HPN-2290-q0,16,corpus_doc_0021,paper_0021,1,Introduction,1,0.259329,This paper is included in the Proceeding… §1 Introduction
NB-HPN-2290-q0,17,corpus_doc_1025,paper_1025,,Abstract,0,0.172857,No Signal to Rule Them All: A Systematic… §Abstract
NB-HPN-2290-q0,18,corpus_doc_1990,paper_1990,VIII,General Network Model,13,0.165612,arXiv:1303.3796v1 cs. NI 15 Mar 2013 1 T… §VIII General Network Model
NB-HPN-2290-q0,19,corpus_doc_1720,paper_1720,8,Conclusion,21,0.123929,. . Latest updates: h ps://dl.acm.org/do… §8 Conclusion
NB-HPN-2290-q0,20,corpus_doc_1720,paper_1720,,Abstract,0,0.099068,. . Latest updates: h ps://dl.acm.org/do… §Abstract
NB-HPN-1413-q0,1,corpus_doc_1413,paper_1413,,Abstract,0,0.951152,An RDMA-First Object Storage System with… §Abstract
NB-HPN-1413-q0,2,corpus_doc_1413,paper_1413,3.1,Overview,5,0.908723,An RDMA-First Object Storage System with… §3.1 Overview
NB-HPN-1413-q0,3,corpus_doc_0478,paper_0478,2,Background,2,0.888136,Swift: Rethinking RDMA Control Plane for… §2 Background
NB-HPN-1413-q0,4,corpus_doc_1413,paper_1413,2,Background,3,0.857757,An RDMA-First Object Storage System with… §2 Background
NB-HPN-1413-q0,5,corpus_doc_0478,paper_0478,1,Introduction,1,0.817595,Swift: Rethinking RDMA Control Plane for… §1 Introduction
NB-HPN-1413-q0,6,corpus_doc_1413,paper_1413,1,Introduction,1,0.787303,An RDMA-First Object Storage System with… §1 Introduction
NB-HPN-1413-q0,7,corpus_doc_0478,paper_0478,2.3,Performance,6,0.679857,Swift: Rethinking RDMA Control Plane for… §2.3 Performance
NB-HPN-1413-q0,8,corpus_doc_0478,paper_0478,2.3,Performance,3,0.642233,Swift: Rethinking RDMA Control Plane for… §2.3 Performance
NB-HPN-1413-q0,9,corpus_doc_1095,paper_1095,8.2,Background,2,0.510292,Chapter 8 Scalable Data Management on Ne… §8.2 Background
NB-HPN-1413-q0,10,corpus_doc_1413,paper_1413,2,Background,2,0.489390,An RDMA-First Object Storage System with… §2 Background
NB-HPN-1413-q0,11,corpus_doc_0664,paper_0664,II,Background,2,0.453722,Understanding the Benefits of Hardware-A… §II Background
NB-HPN-1413-q0,12,corpus_doc_0478,paper_0478,6,Related Works,16,0.422178,Swift: Rethinking RDMA Control Plane for… §6 Related Works
NB-HPN-1413-q0,13,corpus_doc_0478,paper_0478,2.3,Performance,5,0.413161,Swift: Rethinking RDMA Control Plane for… §2.3 Performance
NB-HPN-1413-q0,14,corpus_doc_0478,paper_0478,2.3,Performance,7,0.336723,Swift: Rethinking RDMA Control Plane for… §2.3 Performance
NB-HPN-1413-q0,15,corpus_doc_2338,paper_2338,5.7,Evaluation,79,0.324591,Lehigh Preserve Institutional Repository… §5.7 Evaluation
NB-HPN-1413-q0,16,corpus_doc_2047,paper_2047,2.1.2,Implementation,9,0.167937,TEE-based Key-Value Stores : a Survey Ag… §2.1.2 Implementation
NB-HPN-1413-q0,17,corpus_doc_0478,paper_0478,7,Conclusion,17,0.138649,Swift: Rethinking RDMA Control Plane for… §7 Conclusion
NB-HPN-1413-q0,18,corpus_doc_1413,paper_1413,5,Discussion,8,0.136457,An RDMA-First Object Storage System with… §5 Discussion
NB-HPN-1413-q0,19,corpus_doc_0478,paper_0478,,Abstract,0,0.068848,Swift: Rethinking RDMA Control Plane for… §Abstract
NB-HPN-1413-q0,20,corpus_doc_2338,paper_2338,1,Introduction,23,0.011068,Lehigh Preserve Institutional Repository… §1 Introduction
NB-HPN-1025-q0,1,corpus_doc_1025,paper_1025,1,Introduction,1,0.982497,No Signal to Rule Them All: A Systematic… §1 Introduction
NB-HPN-1025-q0,2,corpus_doc_1025,paper_1025,5,Results,8,0.955660,No Signal to Rule Them All: A Systematic… §5 Results
NB-HPN-1025-q0,3,corpus_doc_1025,paper_1025,1,Introduction,2,0.955543,No Signal to Rule Them All: A Systematic… §1 Introduction
NB-HPN-1025-q0,4,corpus_doc_1025,paper_1025,5.2,Analysis,11,0.953793,No Signal to Rule Them All: A Systematic… §5.2 Analysis
NB-HPN-1025-q0,5,corpus_doc_1025,paper_1025,5,Results,7,0.952285,No Signal to Rule Them All: A Systematic… §5 Results
NB-HPN-1025-q0,6,corpus_doc_1025,paper_1025,5,Results,9,0.940096,No Signal to Rule Them All: A Systematic… §5 Results
NB-HPN-1025-q0,7,corpus_doc_1025,paper_1025,,Abstract,0,0.931059,No Signal to Rule Them All: A Systematic… §Abstract
NB-HPN-1025-q0,8,corpus_doc_1025,paper_1025,4,Evaluation,6,0.895441,No Signal to Rule Them All: A Systematic… §4 Evaluation
NB-HPN-1025-q0,9,corpus_doc_1025,paper_1025,5.2,Analysis,12,0.895169,No Signal to Rule Them All: A Systematic… §5.2 Analysis
NB-HPN-1025-q0,10,corpus_doc_1025,paper_1025,5.2,Analysis,10,0.863069,No Signal to Rule Them All: A Systematic… §5.2 Analysis
NB-HPN-1025-q0,11,corpus_doc_1054,paper_1054,1,Introduction,1,0.834785,SFC: Near-Source Congestion Signaling an… §1 Introduction
NB-HPN-1025-q0,12,corpus_doc_1025,paper_1025,8,Related Work,15,0.833950,No Signal to Rule Them All: A Systematic… §8 Related Work
NB-HPN-1025-q0,13,corpus_doc_2135,paper_2135,II,Background And Related Work,2,0.807016,A Flexible In-band Network Telemetry Fra… §II Background And Related Work
NB-HPN-1025-q0,14,corpus_doc_0957,paper_0957,,,2,0.719313,PINT : Probabilistic In-band Network Tel… §
NB-HPN-1025-q0,15,corpus_doc_0527,paper_0527,4.5,Implementation,11,0.616598,. . Latest updates: h ps://dl.acm.org/do… §4.5 Implementation
NB-HPN-1025-q0,16,corpus_doc_1609,paper_1609,,,1,0.527109,Digitus : Journal of Computer Science Ap… §
NB-HPN-1025-q0,17,corpus_doc_1730,paper_1730,1,Introduction,1,0.450288,Journal of Network and Systems Managemen… §1 Introduction
NB-HPN-1025-q0,18,corpus_doc_0078,paper_0078,II,In-Band Network Telemetry Int,3,0.403716,Date of publication xxxx 00 0000 date of… §II In-Band Network Telemetry Int
NB-HPN-1025-q0,19,corpus_doc_0306,paper_0306,3,Motivation,5,0.321869,This work is licensed under a Creative C… §3 Motivation
NB-HPN-1025-q0,20,corpus_doc_1609,paper_1609,,Abstract,0,0.154263,Digitus : Journal of Computer Science Ap… §Abstract
NB-HPN-1312-q0,1,corpus_doc_1312,paper_1312,I,Introduction,1,0.943781,Missouri and Technology Missouri and Tec… §I Introduction
NB-HPN-1312-q0,2,corpus_doc_1312,paper_1312,III,Modeling Uncorrectable Errors,4,0.796174,Missouri and Technology Missouri and Tec… §III Modeling Uncorrectable Errors
NB-HPN-1312-q0,3,corpus_doc_1173,paper_1173,I,Introduction,10,0.600388,Fire-Flyer AI-HPC: A Cost-Effective Soft… §I Introduction
NB-HPN-1312-q0,4,corpus_doc_1312,paper_1312,II,Rela Ted Work,3,0.588701,Missouri and Technology Missouri and Tec… §II Rela Ted Work
NB-HPN-1312-q0,5,corpus_doc_1312,paper_1312,,Abstract,0,0.569352,Missouri and Technology Missouri and Tec… §Abstract
NB-HPN-1312-q0,6,corpus_doc_0281,paper_0281,I,Introduction,1,0.481702,See discussions stats and author profile… §I Introduction
NB-HPN-1312-q0,7,corpus_doc_1173,paper_1173,I,Introduction,11,0.431840,Fire-Flyer AI-HPC: A Cost-Effective Soft… §I Introduction
NB-HPN-1312-q0,8,corpus_doc_1312,paper_1312,V,Probabilistic Write Verifica Tion,10,0.370293,Missouri and Technology Missouri and Tec… §V Probabilistic Write Verifica Tion
NB-HPN-1312-q0,9,corpus_doc_1312,paper_1312,VII,Conclusion,15,0.364532,Missouri and Technology Missouri and Tec… §VII Conclusion
NB-HPN-1312-q0,10,corpus_doc_1312,paper_1312,V,Probabilistic Write Verifica Tion,8,0.244221,Missouri and Technology Missouri and Tec… §V Probabilistic Write Verifica Tion
NB-HPN-1312-q0,11,corpus_doc_0992,paper_0992,II,Background And Related Work A,2,0.222175,The Effectiveness of Checksums for Embed… §II Background And Related Work A
NB-HPN-1312-q0,12,corpus_doc_1312,paper_1312,I,Introduction,2,0.169891,Missouri and Technology Missouri and Tec… §I Introduction
NB-HPN-1312-q0,13,corpus_doc_0281,paper_0281,II,Background And Motivation,3,0.168754,See discussions stats and author profile… §II Background And Motivation
NB-HPN-1312-q0,14,corpus_doc_0992,paper_0992,IV,Revisiting Checksum Selection Choices,9,0.066278,The Effectiveness of Checksums for Embed… §IV Revisiting Checksum Selection Choices
NB-HPN-1312-q0,15,corpus_doc_0992,paper_0992,II,Background And Related Work A,3,0.059992,The Effectiveness of Checksums for Embed… §II Background And Related Work A
NB-HPN-1312-q0,16,corpus_doc_2280,paper_2280,19,Appendix,8,0.041306,Preprint April 7 2026 This is a preprint… §19 Appendix
NB-HPN-1312-q0,17,corpus_doc_0992,paper_0992,II,Background And Related Work A,4,0.040197,The Effectiveness of Checksums for Embed… §II Background And Related Work A
NB-HPN-1312-q0,18,corpus_doc_0992,paper_0992,VI,Conclusions,13,0.028093,The Effectiveness of Checksums for Embed… §VI Conclusions
NB-HPN-1312-q0,19,corpus_doc_1656,paper_1656,5,Design,2,0.025180,A Dependable Massive Storage Service for… §5 Design
NB-HPN-1312-q0,20,corpus_doc_1762,paper_1762,1,Introduction,4,0.014048,The Ghost in the Datacenter: Link Flappi… §1 Introduction
NB-HPN-0534-q1,1,corpus_doc_0534,paper_0534,6.1,Experimental,2,0.981650,Long-haul Secure Data Transfer using Har… §6.1 Experimental
NB-HPN-0534-q1,2,corpus_doc_0534,paper_0534,,Abstract,0,0.980164,Long-haul Secure Data Transfer using Har… §Abstract
NB-HPN-0534-q1,3,corpus_doc_1814,paper_1814,I,Introduction,1,0.969094,Data Transfer Advisor with Transport Pro… §I Introduction
NB-HPN-0534-q1,4,corpus_doc_0534,paper_0534,6.1,Experimental,4,0.968130,Long-haul Secure Data Transfer using Har… §6.1 Experimental
NB-HPN-0534-q1,5,corpus_doc_0083,paper_0083,,Abstract,0,0.947997,1 UDT: UDP-based Data Transfer for High-… §Abstract
NB-HPN-0534-q1,6,corpus_doc_0763,paper_0763,2,Background,11,0.946771,NAIST-IS-DD1561026 Doctoral Dissertation… §2 Background
NB-HPN-0534-q1,7,corpus_doc_0534,paper_0534,6.1,Experimental,5,0.943624,Long-haul Secure Data Transfer using Har… §6.1 Experimental
NB-HPN-0534-q1,8,corpus_doc_0047,paper_0047,5.4,Implementation,20,0.941210,UDT: UDP-based data transfer for high-sp… §5.4 Implementation
NB-HPN-0534-q1,9,corpus_doc_0978,paper_0978,1,Introduction,1,0.932172,UDT as an Alternative Transport Protocol… §1 Introduction
NB-HPN-0534-q1,10,corpus_doc_0586,paper_0586,15,Experimental,11,0.908417,2280 IEEE/ACM TRANSACTIONS ON NETWORKING… §15 Experimental
NB-HPN-0534-q1,11,corpus_doc_0083,paper_0083,5.1,Evaluation,17,0.904152,1 UDT: UDP-based Data Transfer for High-… §5.1 Evaluation
NB-HPN-0534-q1,12,corpus_doc_0047,paper_0047,4.2.4,Performance,11,0.902044,UDT: UDP-based data transfer for high-sp… §4.2.4 Performance
NB-HPN-0534-q1,13,corpus_doc_0534,paper_0534,6.1,Experimental,3,0.897259,Long-haul Secure Data Transfer using Har… §6.1 Experimental
NB-HPN-0534-q1,14,corpus_doc_0083,paper_0083,4.2.4,Performance,8,0.879049,1 UDT: UDP-based Data Transfer for High-… §4.2.4 Performance
NB-HPN-0534-q1,15,corpus_doc_0047,paper_0047,5.4,Implementation,21,0.865285,UDT: UDP-based data transfer for high-sp… §5.4 Implementation
NB-HPN-0534-q1,16,corpus_doc_0047,paper_0047,1,Introduction,1,0.835895,UDT: UDP-based data transfer for high-sp… §1 Introduction
NB-HPN-0534-q1,17,corpus_doc_0047,paper_0047,7,Conclusions,23,0.766331,UDT: UDP-based data transfer for high-sp… §7 Conclusions
NB-HPN-0534-q1,18,corpus_doc_0047,paper_0047,3,Performance,14,0.689778,UDT: UDP-based data transfer for high-sp… §3 Performance
NB-HPN-0534-q1,19,corpus_doc_0047,paper_0047,5,Performance,15,0.578105,UDT: UDP-based data transfer for high-sp… §5 Performance
NB-HPN-0534-q1,20,corpus_doc_0978,paper_0978,,Abstract,0,0.412907,UDT as an Alternative Transport Protocol… §Abstract
NB-HPN-2032-q0,1,corpus_doc_2032,paper_2032,I,Introduction,1,0.957794,arXiv:1708.07320v1 cs. NI 24 Aug 2017 A … §I Introduction
NB-HPN-2032-q0,2,corpus_doc_2032,paper_2032,VII,Related Work,19,0.936156,arXiv:1708.07320v1 cs. NI 24 Aug 2017 A … §VII Related Work
NB-HPN-2032-q0,3,corpus_doc_0805,paper_0805,I,Introduction,2,0.934482,1 Algorithms for Enhanced Inter Cell Int… §I Introduction
NB-HPN-2032-q0,4,corpus_doc_2032,paper_2032,,Abstract,0,0.840646,arXiv:1708.07320v1 cs. NI 24 Aug 2017 A … §Abstract
NB-HPN-2032-q0,5,corpus_doc_2032,paper_2032,II,System Model And Centralized Problems,3,0.825805,arXiv:1708.07320v1 cs. NI 24 Aug 2017 A … §II System Model And Centralized Problems
NB-HPN-2032-q0,6,corpus_doc_2032,paper_2032,V,Distributed Multi -Traffic Scheduling Framework,12,0.823256,arXiv:1708.07320v1 cs. NI 24 Aug 2017 A … §V Distributed Multi -Traffic Scheduling Framework
NB-HPN-2032-q0,7,corpus_doc_2032,paper_2032,IV,Best-Effort Traffic,8,0.804524,arXiv:1708.07320v1 cs. NI 24 Aug 2017 A … §IV Best-Effort Traffic
NB-HPN-2032-q0,8,corpus_doc_2032,paper_2032,V,Distributed Multi -Traffic Scheduling Framework,10,0.712748,arXiv:1708.07320v1 cs. NI 24 Aug 2017 A … §V Distributed Multi -Traffic Scheduling Framework
NB-HPN-2032-q0,9,corpus_doc_0805,paper_0805,I,Introduction,3,0.701877,1 Algorithms for Enhanced Inter Cell Int… §I Introduction
NB-HPN-2032-q0,10,corpus_doc_0805,paper_0805,IV,Problem Statement And Computational Hardness,7,0.687091,1 Algorithms for Enhanced Inter Cell Int… §IV Problem Statement And Computational Hardness
NB-HPN-2032-q0,11,corpus_doc_2032,paper_2032,III,Guaranteed Traffic,5,0.669783,arXiv:1708.07320v1 cs. NI 24 Aug 2017 A … §III Guaranteed Traffic
NB-HPN-2032-q0,12,corpus_doc_0805,paper_0805,IV,Problem Statement And Computational Hardness,6,0.649981,1 Algorithms for Enhanced Inter Cell Int… §IV Problem Statement And Computational Hardness
NB-HPN-2032-q0,13,corpus_doc_2032,paper_2032,V,Distributed Multi -Traffic Scheduling Framework,11,0.603948,arXiv:1708.07320v1 cs. NI 24 Aug 2017 A … §V Distributed Multi -Traffic Scheduling Framework
NB-HPN-2032-q0,14,corpus_doc_2032,paper_2032,V,Distributed Multi -Traffic Scheduling Framework,9,0.599889,arXiv:1708.07320v1 cs. NI 24 Aug 2017 A … §V Distributed Multi -Traffic Scheduling Framework
NB-HPN-2032-q0,15,corpus_doc_0805,paper_0805,I,Introduction,4,0.584163,1 Algorithms for Enhanced Inter Cell Int… §I Introduction
NB-HPN-2032-q0,16,corpus_doc_0805,paper_0805,IX,Evaluation Using Rf Plan From Areal,17,0.440192,1 Algorithms for Enhanced Inter Cell Int… §IX Evaluation Using Rf Plan From Areal
NB-HPN-2032-q0,17,corpus_doc_2032,paper_2032,VIII,Conclusions,20,0.423897,arXiv:1708.07320v1 cs. NI 24 Aug 2017 A … §VIII Conclusions
NB-HPN-2032-q0,18,corpus_doc_0805,paper_0805,,Abstract,0,0.238253,1 Algorithms for Enhanced Inter Cell Int… §Abstract
NB-HPN-2032-q0,19,corpus_doc_0805,paper_0805,I,Introduction,5,0.215553,1 Algorithms for Enhanced Inter Cell Int… §I Introduction
NB-HPN-2032-q0,20,corpus_doc_0805,paper_0805,VIII,Computing Cell Selection Bias And Abs,13,0.175261,1 Algorithms for Enhanced Inter Cell Int… §VIII Computing Cell Selection Bias And Abs
NB-HPN-0649-q0,1,corpus_doc_0649,paper_0649,VIII,Conclusions,18,0.992989,arXiv:1101.0562v1 cs. NI 3 Jan 2011 1 Bu… §VIII Conclusions
NB-HPN-0649-q0,2,corpus_doc_0649,paper_0649,,Abstract,0,0.984260,arXiv:1101.0562v1 cs. NI 3 Jan 2011 1 Bu… §Abstract
NB-HPN-0649-q0,3,corpus_doc_0649,paper_0649,III,Motivation And Objectives,4,0.979305,arXiv:1101.0562v1 cs. NI 3 Jan 2011 1 Bu… §III Motivation And Objectives
NB-HPN-0649-q0,4,corpus_doc_0649,paper_0649,I,Introduction,1,0.971404,arXiv:1101.0562v1 cs. NI 3 Jan 2011 1 Bu… §I Introduction
NB-HPN-0649-q0,5,corpus_doc_0649,paper_0649,VII,Related Work,17,0.919580,arXiv:1101.0562v1 cs. NI 3 Jan 2011 1 Bu… §VII Related Work
NB-HPN-0649-q0,6,corpus_doc_0712,paper_0712,I,Introduction T He,1,0.917635,IEEE/ACM TRANSACTIONS ON NETWOR KING VOL… §I Introduction T He
NB-HPN-0649-q0,7,corpus_doc_0649,paper_0649,VI,Experimental Results,15,0.888016,arXiv:1101.0562v1 cs. NI 3 Jan 2011 1 Bu… §VI Experimental Results
NB-HPN-0649-q0,8,corpus_doc_0482,paper_0482,I,Introduction,1,0.868625,MIT Open Access Articles Optimal control… §I Introduction
NB-HPN-0649-q0,9,corpus_doc_0649,paper_0649,IV,Emulating Bdp,5,0.858946,arXiv:1101.0562v1 cs. NI 3 Jan 2011 1 Bu… §IV Emulating Bdp
NB-HPN-0649-q0,10,corpus_doc_0649,paper_0649,IV,Emulating Bdp,6,0.847840,arXiv:1101.0562v1 cs. NI 3 Jan 2011 1 Bu… §IV Emulating Bdp
NB-HPN-0649-q0,11,corpus_doc_0649,paper_0649,I,Dcf,13,0.810579,arXiv:1101.0562v1 cs. NI 3 Jan 2011 1 Bu… §I Dcf
NB-HPN-0649-q0,12,corpus_doc_0649,paper_0649,VI,Experimental Results,14,0.785605,arXiv:1101.0562v1 cs. NI 3 Jan 2011 1 Bu… §VI Experimental Results
NB-HPN-0649-q0,13,corpus_doc_0712,paper_0712,VII,Conclusion,15,0.783962,IEEE/ACM TRANSACTIONS ON NETWOR KING VOL… §VII Conclusion
NB-HPN-0649-q0,14,corpus_doc_0649,paper_0649,I,Introduction,2,0.723661,arXiv:1101.0562v1 cs. NI 3 Jan 2011 1 Bu… §I Introduction
NB-HPN-0649-q0,15,corpus_doc_0482,paper_0482,,Abstract,0,0.602728,MIT Open Access Articles Optimal control… §Abstract
NB-HPN-0649-q0,16,corpus_doc_1453,paper_1453,1,Introduction,7,0.513211,Cluster Comput 2015 18:61 77 DOI 10.1007… §1 Introduction
NB-HPN-0649-q0,17,corpus_doc_2015,paper_2015,2,Background,3,0.508288,SIRD: A Sender-Informed Receiver-Driven … §2 Background
NB-HPN-0649-q0,18,corpus_doc_1717,paper_1717,,Abstract,0,0.451479,This article has been accepted for inclu… §Abstract
NB-HPN-0649-q0,19,corpus_doc_0649,paper_0649,VI,Experimental Results,16,0.279590,arXiv:1101.0562v1 cs. NI 3 Jan 2011 1 Bu… §VI Experimental Results
NB-HPN-0649-q0,20,corpus_doc_0649,paper_0649,IV,Emulating Bdp,11,0.074431,arXiv:1101.0562v1 cs. NI 3 Jan 2011 1 Bu… §IV Emulating Bdp
NB-HPN-1937-q0,1,corpus_doc_1937,paper_1937,1,Introduction,1,0.982329,Sharing within limits: Partial resource … §1 Introduction
NB-HPN-1937-q0,2,corpus_doc_1937,paper_1937,,Abstract,0,0.949650,Sharing within limits: Partial resource … §Abstract
NB-HPN-1937-q0,3,corpus_doc_1937,paper_1937,1,Introduction,9,0.877405,Sharing within limits: Partial resource … §1 Introduction
NB-HPN-1937-q0,4,corpus_doc_1937,paper_1937,1,Introduction,7,0.866514,Sharing within limits: Partial resource … §1 Introduction
NB-HPN-1937-q0,5,corpus_doc_1937,paper_1937,1,Introduction,5,0.852421,Sharing within limits: Partial resource … §1 Introduction
NB-HPN-1937-q0,6,corpus_doc_1937,paper_1937,1,Introduction,2,0.843998,Sharing within limits: Partial resource … §1 Introduction
NB-HPN-1937-q0,7,corpus_doc_1937,paper_1937,1,Introduction,3,0.790190,Sharing within limits: Partial resource … §1 Introduction
NB-HPN-1937-q0,8,corpus_doc_1937,paper_1937,1,Introduction,11,0.784417,Sharing within limits: Partial resource … §1 Introduction
NB-HPN-1937-q0,9,corpus_doc_1937,paper_1937,1,Introduction,6,0.781849,Sharing within limits: Partial resource … §1 Introduction
NB-HPN-1937-q0,10,corpus_doc_1937,paper_1937,1,Introduction,4,0.771715,Sharing within limits: Partial resource … §1 Introduction
NB-HPN-1937-q0,11,corpus_doc_1937,paper_1937,1,Introduction,10,0.764446,Sharing within limits: Partial resource … §1 Introduction
NB-HPN-1937-q0,12,corpus_doc_1937,paper_1937,1,Introduction,8,0.468404,Sharing within limits: Partial resource … §1 Introduction
NB-HPN-1937-q0,13,corpus_doc_0660,paper_0660,I,Introduction Incommunication,1,0.407317,IEEE/ACM TRANSACTIONS ON NETWOR KING VOL… §I Introduction Incommunication
NB-HPN-1937-q0,14,corpus_doc_1743,paper_1743,,,3,0.294231,MIT Open Access Articles NUMFabric: Fast… §
NB-HPN-1937-q0,15,corpus_doc_1743,paper_1743,,,13,0.258967,MIT Open Access Articles NUMFabric: Fast… §
NB-HPN-1937-q0,16,corpus_doc_2041,paper_2041,51,References,4,0.217218,and Scuola Superiore Sant Anna Master De… §51 References
NB-HPN-1937-q0,17,corpus_doc_1937,paper_1937,6,Discussion,13,0.139122,Sharing within limits: Partial resource … §6 Discussion
NB-HPN-1937-q0,18,corpus_doc_0660,paper_0660,VII,Dynamics In Multi -Provider Contexts,14,0.036830,IEEE/ACM TRANSACTIONS ON NETWOR KING VOL… §VII Dynamics In Multi -Provider Contexts
NB-HPN-1937-q0,19,corpus_doc_0087,paper_0087,VII,E Va Luat I O N,15,0.017114,2448 IEEE/ACM TRANSACTIONS ON NETWORKING… §VII E Va Luat I O N
NB-HPN-1937-q0,20,corpus_doc_1937,paper_1937,1,Introduction,12,0.013209,Sharing within limits: Partial resource … §1 Introduction
NB-HPN-0824-q2,1,corpus_doc_0463,paper_0463,1,Introduction,1,0.681000,Journal of Information Processing Vol.30… §1 Introduction
NB-HPN-0824-q2,2,corpus_doc_0425,paper_0425,2.5.3,Performance,41,0.551385,HAL Id: tel-02931840 Submitted on 7 Sep … §2.5.3 Performance
NB-HPN-0824-q2,3,corpus_doc_0425,paper_0425,3.1,Introduction,57,0.509646,HAL Id: tel-02931840 Submitted on 7 Sep … §3.1 Introduction
NB-HPN-0824-q2,4,corpus_doc_0680,paper_0680,5.3,Design,21,0.508613,Do ctoral Dissertation Academic Year 201… §5.3 Design
NB-HPN-0824-q2,5,corpus_doc_0177,paper_0177,3.1,Overview,3,0.473336,Orderly Management of Packets in RDMA by… §3.1 Overview
NB-HPN-0824-q2,6,corpus_doc_0425,paper_0425,3.1,Introduction,58,0.449761,HAL Id: tel-02931840 Submitted on 7 Sep … §3.1 Introduction
NB-HPN-0824-q2,7,corpus_doc_0177,paper_0177,3.1,Overview,0,0.417358,Orderly Management of Packets in RDMA by… §3.1 Overview
NB-HPN-0824-q2,8,corpus_doc_0134,paper_0134,3,Approach,7,0.394889,This paper is included in the Proceeding… §3 Approach
NB-HPN-0824-q2,9,corpus_doc_1687,paper_1687,III,Improvement Recommenda Tions On Efficient Practices,6,0.387090,366 IEEE/ACM TRANSACTIONS ON NETWORKING … §III Improvement Recommenda Tions On Efficient Practices
NB-HPN-0824-q2,10,corpus_doc_2218,paper_2218,I,Introduction,2,0.372152,Memory-efficient Sketch Acceleration for… §I Introduction
NB-HPN-0824-q2,11,corpus_doc_1119,paper_1119,2,Background,4,0.319918,State-Compute Replication: Parallelizing… §2 Background
NB-HPN-0824-q2,12,corpus_doc_0605,paper_0605,1,Introduction,1,0.304585,89 International Journal of Computer Eng… §1 Introduction
NB-HPN-0824-q2,13,corpus_doc_0463,paper_0463,,Abstract,0,0.298258,Journal of Information Processing Vol.30… §Abstract
NB-HPN-0824-q2,14,corpus_doc_0463,paper_0463,2,Related Work,3,0.277637,Journal of Information Processing Vol.30… §2 Related Work
NB-HPN-0824-q2,15,corpus_doc_0941,paper_0941,4.2,Architecture,10,0.273810,This paper is included in the Proceeding… §4.2 Architecture
NB-HPN-0824-q2,16,corpus_doc_0425,paper_0425,3.1,Introduction,59,0.110887,HAL Id: tel-02931840 Submitted on 7 Sep … §3.1 Introduction
NB-HPN-0824-q2,17,corpus_doc_0613,paper_0613,VI,Conclusions,16,0.109778,Received April 26 2020 accepted May 15 2… §VI Conclusions
NB-HPN-0824-q2,18,corpus_doc_0425,paper_0425,3.9,Conclusion,67,0.109662,HAL Id: tel-02931840 Submitted on 7 Sep … §3.9 Conclusion
NB-HPN-0824-q2,19,corpus_doc_0463,paper_0463,7,Conclusion,15,0.037308,Journal of Information Processing Vol.30… §7 Conclusion
NB-HPN-0824-q2,20,corpus_doc_0931,paper_0931,8,Experiment,10,0.019275,1 A Fast and Compact Invertible Sketch f… §8 Experiment
NB-HPN-1903-q0,1,corpus_doc_1903,paper_1903,I,Introduction,2,0.968228,1 Alleviating Congestion via Switch Desi… §I Introduction
NB-HPN-1903-q0,2,corpus_doc_1903,paper_1903,III,T He Proposed Methodology Tcp,5,0.964643,1 Alleviating Congestion via Switch Desi… §III T He Proposed Methodology Tcp
NB-HPN-1903-q0,3,corpus_doc_0790,paper_0790,I,Introduction,1,0.950198,CASH: Class-aware AQM via in-Switch Hyst… §I Introduction
NB-HPN-1903-q0,4,corpus_doc_1539,paper_1539,I,Introduction,2,0.950055,1 FairQ: Fair and Fast Rate Allocation i… §I Introduction
NB-HPN-1903-q0,5,corpus_doc_1910,paper_1910,III,T He Proposed Methodology,4,0.946981,IEEE/ACM TRANSACTIONS ON NETWORKING 1 En… §III T He Proposed Methodology
NB-HPN-1903-q0,6,corpus_doc_1903,paper_1903,III,T He Proposed Methodology Tcp,4,0.926356,1 Alleviating Congestion via Switch Desi… §III T He Proposed Methodology Tcp
NB-HPN-1903-q0,7,corpus_doc_1539,paper_1539,IV,Deployment Of The Hardware Prototype Dcn,8,0.915994,1 FairQ: Fair and Fast Rate Allocation i… §IV Deployment Of The Hardware Prototype Dcn
NB-HPN-1903-q0,8,corpus_doc_1539,paper_1539,III,T He Proposed Methodology Tcp,3,0.911551,1 FairQ: Fair and Fast Rate Allocation i… §III T He Proposed Methodology Tcp
NB-HPN-1903-q0,9,corpus_doc_1539,paper_1539,V,Related Work,14,0.909949,1 FairQ: Fair and Fast Rate Allocation i… §V Related Work
NB-HPN-1903-q0,10,corpus_doc_1559,paper_1559,V,Transport Layer,18,0.896892,Received February 16 2021 accepted March… §V Transport Layer
NB-HPN-1903-q0,11,corpus_doc_0216,paper_0216,5,Related Work,16,0.879837,STrack: A Reliable Multipath Transport f… §5 Related Work
NB-HPN-1903-q0,12,corpus_doc_0591,paper_0591,2,Related Work,2,0.852852,Copyright 2024 The Authors. Published by… §2 Related Work
NB-HPN-1903-q0,13,corpus_doc_1093,paper_1093,III,Design Of Reverse Path Congestion Marking,3,0.816972,Accelerating End-host Congestion Respons… §III Design Of Reverse Path Congestion Marking
NB-HPN-1903-q0,14,corpus_doc_1021,paper_1021,III,Related Work,4,0.775779,eprints whiterose.ac.uk Universities of … §III Related Work
NB-HPN-1903-q0,15,corpus_doc_0197,paper_0197,3.1,Framework,1,0.654408,Congestion Control for High Bandwidth-De… §3.1 Framework
NB-HPN-1903-q0,16,corpus_doc_1903,paper_1903,I,Introduction,3,0.622038,1 Alleviating Congestion via Switch Desi… §I Introduction
NB-HPN-1903-q0,17,corpus_doc_0306,paper_0306,3,Motivation,5,0.591075,This work is licensed under a Creative C… §3 Motivation
NB-HPN-1903-q0,18,corpus_doc_1311,paper_1311,IV,Design Of Ptcp,6,0.503655,Received February 2 2019 accepted March … §IV Design Of Ptcp
NB-HPN-1903-q0,19,corpus_doc_0527,paper_0527,4.5,Implementation,11,0.424357,. . Latest updates: h ps://dl.acm.org/do… §4.5 Implementation
NB-HPN-1903-q0,20,corpus_doc_0484,paper_0484,3.6,Related Work,24,0.396877,CONGESTION CONTROL MECHANISMS FOR INTER-… §3.6 Related Work
NB-HPN-0738-q0,1,corpus_doc_0738,paper_0738,I,Introduction,1,0.988500,DYNAPARC: AI-Driven Predictive Path Fail… §I Introduction
NB-HPN-0738-q0,2,corpus_doc_0738,paper_0738,,Abstract,0,0.982087,DYNAPARC: AI-Driven Predictive Path Fail… §Abstract
NB-HPN-0738-q0,3,corpus_doc_0738,paper_0738,IV,System Model And Notations,5,0.973739,DYNAPARC: AI-Driven Predictive Path Fail… §IV System Model And Notations
NB-HPN-0738-q0,4,corpus_doc_0738,paper_0738,IV,System Model And Notations,4,0.949072,DYNAPARC: AI-Driven Predictive Path Fail… §IV System Model And Notations
NB-HPN-0738-q0,5,corpus_doc_0738,paper_0738,III,Problem Statement,3,0.940427,DYNAPARC: AI-Driven Predictive Path Fail… §III Problem Statement
NB-HPN-0738-q0,6,corpus_doc_0738,paper_0738,II,Related Work,2,0.817110,DYNAPARC: AI-Driven Predictive Path Fail… §II Related Work
NB-HPN-0738-q0,7,corpus_doc_1038,paper_1038,3,Background,9,0.707986,Review Fog Computing Systems: State of t… §3 Background
NB-HPN-0738-q0,8,corpus_doc_0943,paper_0943,2.1,Approach,3,0.702727,Telecommunication Systems 2024 85:277 28… §2.1 Approach
NB-HPN-0738-q0,9,corpus_doc_0738,paper_0738,VI,Conclusion And Future Work,7,0.658356,DYNAPARC: AI-Driven Predictive Path Fail… §VI Conclusion And Future Work
NB-HPN-0738-q0,10,corpus_doc_1418,paper_1418,II,Fundamental Concepts,6,0.642148,IEEE COMMUNICATIONS SURVEYS & TUTORIALS … §II Fundamental Concepts
NB-HPN-0738-q0,11,corpus_doc_0943,paper_0943,6,Conclusions,12,0.560451,Telecommunication Systems 2024 85:277 28… §6 Conclusions
NB-HPN-0738-q0,12,corpus_doc_1418,paper_1418,II,Fundamental Concepts,8,0.445271,IEEE COMMUNICATIONS SURVEYS & TUTORIALS … §II Fundamental Concepts
NB-HPN-0738-q0,13,corpus_doc_1038,paper_1038,3,Background,18,0.434260,Review Fog Computing Systems: State of t… §3 Background
NB-HPN-0738-q0,14,corpus_doc_1418,paper_1418,IX,Classification Summary,43,0.430443,IEEE COMMUNICATIONS SURVEYS & TUTORIALS … §IX Classification Summary
NB-HPN-0738-q0,15,corpus_doc_1038,paper_1038,3,Background,8,0.384032,Review Fog Computing Systems: State of t… §3 Background
NB-HPN-0738-q0,16,corpus_doc_0943,paper_0943,5,Results,11,0.340017,Telecommunication Systems 2024 85:277 28… §5 Results
NB-HPN-0738-q0,17,corpus_doc_1418,paper_1418,X,Discussion,44,0.319080,IEEE COMMUNICATIONS SURVEYS & TUTORIALS … §X Discussion
NB-HPN-0738-q0,18,corpus_doc_0950,paper_0950,2.1,Design,1,0.211162,Ethereal: Divide and Conquer Network Loa… §2.1 Design
NB-HPN-0738-q0,19,corpus_doc_2063,paper_2063,II,Rela Tedwork,7,0.150086,IEEE/ACM TRANSACTIONS ON NETWORKING VOL.… §II Rela Tedwork
NB-HPN-0738-q0,20,corpus_doc_1038,paper_1038,2,Related Work,4,0.001419,Review Fog Computing Systems: State of t… §2 Related Work
NB-HPN-0035-q0,1,corpus_doc_0035,paper_0035,,Abstract,0,0.988874,IEEE/ACM TRANSACTIONS ON NETWORKING VOL.… §Abstract
NB-HPN-0035-q0,2,corpus_doc_0035,paper_0035,I,Introduction,1,0.980454,IEEE/ACM TRANSACTIONS ON NETWORKING VOL.… §I Introduction
NB-HPN-0035-q0,3,corpus_doc_0035,paper_0035,II,Network Scenario And Problem Overview,3,0.979632,IEEE/ACM TRANSACTIONS ON NETWORKING VOL.… §II Network Scenario And Problem Overview
NB-HPN-0035-q0,4,corpus_doc_0360,paper_0360,VII,Related Work,15,0.978229,IEEE/ACM TRANSACTIONS ON NETW ORKING VOL… §VII Related Work
NB-HPN-0035-q0,5,corpus_doc_0035,paper_0035,IX,Related Work,15,0.977068,IEEE/ACM TRANSACTIONS ON NETWORKING VOL.… §IX Related Work
NB-HPN-0035-q0,6,corpus_doc_0035,paper_0035,IV,Ran Slicing As Acongestion Game,6,0.975577,IEEE/ACM TRANSACTIONS ON NETWORKING VOL.… §IV Ran Slicing As Acongestion Game
NB-HPN-0035-q0,7,corpus_doc_1527,paper_1527,I,Introduction Network,3,0.965337,ACCEPTED TO IEEE/ACM TRANSACTIONS ON NET… §I Introduction Network
NB-HPN-0035-q0,8,corpus_doc_0094,paper_0094,I,Introduction,1,0.954307,Network Slicing for Edge-Cloud Orchestra… §I Introduction
NB-HPN-0035-q0,9,corpus_doc_0360,paper_0360,I,Introduction Network,1,0.943632,IEEE/ACM TRANSACTIONS ON NETW ORKING VOL… §I Introduction Network
NB-HPN-0035-q0,10,corpus_doc_1449,paper_1449,1,Introduction,1,0.903216,HAL Id: hal-04945512 Submitted on 13 Feb… §1 Introduction
NB-HPN-0035-q0,11,corpus_doc_0035,paper_0035,III,Ran Slicing Problem Formulation,5,0.893720,IEEE/ACM TRANSACTIONS ON NETWORKING VOL.… §III Ran Slicing Problem Formulation
NB-HPN-0035-q0,12,corpus_doc_0360,paper_0360,V,Approximation Scheme For The Jss-Erm Problem,9,0.887065,IEEE/ACM TRANSACTIONS ON NETW ORKING VOL… §V Approximation Scheme For The Jss-Erm Problem
NB-HPN-0035-q0,13,corpus_doc_1527,paper_1527,I,Introduction Network,4,0.883833,ACCEPTED TO IEEE/ACM TRANSACTIONS ON NET… §I Introduction Network
NB-HPN-0035-q0,14,corpus_doc_0035,paper_0035,X,Conclusions,16,0.863995,IEEE/ACM TRANSACTIONS ON NETWORKING VOL.… §X Conclusions
NB-HPN-0035-q0,15,corpus_doc_1449,paper_1449,3,System,5,0.845422,HAL Id: hal-04945512 Submitted on 13 Feb… §3 System
NB-HPN-0035-q0,16,corpus_doc_0035,paper_0035,VIII,Performance Evaluation,11,0.777269,IEEE/ACM TRANSACTIONS ON NETWORKING VOL.… §VIII Performance Evaluation
NB-HPN-0035-q0,17,corpus_doc_0035,paper_0035,V,Nash Equilibrium Analysis,7,0.728201,IEEE/ACM TRANSACTIONS ON NETWORKING VOL.… §V Nash Equilibrium Analysis
NB-HPN-0035-q0,18,corpus_doc_0360,paper_0360,,Abstract,0,0.556582,IEEE/ACM TRANSACTIONS ON NETW ORKING VOL… §Abstract
NB-HPN-0035-q0,19,corpus_doc_0035,paper_0035,I,Introduction,2,0.520829,IEEE/ACM TRANSACTIONS ON NETWORKING VOL.… §I Introduction
NB-HPN-0035-q0,20,corpus_doc_2201,paper_2201,,Abstract,0,0.250203,HAL Id: hal-04000723 Submitted on 22 Feb… §Abstract
NB-HPN-1211-q0,1,corpus_doc_1163,paper_1163,III,Parallelism And Concurrency,4,0.998593,Modeling and Optimizing Large-Scale Wide… §III Parallelism And Concurrency
NB-HPN-1211-q0,2,corpus_doc_1211,paper_1211,III,Parallelism And Concurrency,4,0.998070,Modeling and Optimizing Large-Scale Wide… §III Parallelism And Concurrency
NB-HPN-1211-q0,3,corpus_doc_1163,paper_1163,III,Parallelism And Concurrency,5,0.989788,Modeling and Optimizing Large-Scale Wide… §III Parallelism And Concurrency
NB-HPN-1211-q0,4,corpus_doc_1211,paper_1211,III,Parallelism And Concurrency,5,0.973848,Modeling and Optimizing Large-Scale Wide… §III Parallelism And Concurrency
NB-HPN-1211-q0,5,corpus_doc_1211,paper_1211,,Abstract,0,0.973356,Modeling and Optimizing Large-Scale Wide… §Abstract
NB-HPN-1211-q0,6,corpus_doc_1163,paper_1163,,Abstract,0,0.973356,Modeling and Optimizing Large-Scale Wide… §Abstract
NB-HPN-1211-q0,7,corpus_doc_1163,paper_1163,I,Introduction,1,0.964523,Modeling and Optimizing Large-Scale Wide… §I Introduction
NB-HPN-1211-q0,8,corpus_doc_2370,paper_2370,,,5,0.964491,Explaining Wide Area Data Transfer Perfo… §
NB-HPN-1211-q0,9,corpus_doc_2342,paper_2342,4.3,Performance,8,0.945621,Journal Pre-proof Moving small files in … §4.3 Performance
NB-HPN-1211-q0,10,corpus_doc_1211,paper_1211,I,Introduction,1,0.944395,Modeling and Optimizing Large-Scale Wide… §I Introduction
NB-HPN-1211-q0,11,corpus_doc_1080,paper_1080,V,Conclusions And Future Work,11,0.944004,How GridFTP Pipelining Parallelism and C… §V Conclusions And Future Work
NB-HPN-1211-q0,12,corpus_doc_0406,paper_0406,5.2,Experimental,3,0.922829,See discussions stats and author profile… §5.2 Experimental
NB-HPN-1211-q0,13,corpus_doc_1047,paper_1047,,Abstract,0,0.874168,See discussions stats and author profile… §Abstract
NB-HPN-1211-q0,14,corpus_doc_0916,paper_0916,,Abstract,0,0.874168,Globus GridFTP: What s New in 2007 Invit… §Abstract
NB-HPN-1211-q0,15,corpus_doc_1080,paper_1080,,Abstract,0,0.867952,How GridFTP Pipelining Parallelism and C… §Abstract
NB-HPN-1211-q0,16,corpus_doc_1028,paper_1028,,,4,0.815400,Time Series Analysis for Efficient Sampl… §
NB-HPN-1211-q0,17,corpus_doc_1211,paper_1211,I,Introduction,2,0.693925,Modeling and Optimizing Large-Scale Wide… §I Introduction
NB-HPN-1211-q0,18,corpus_doc_0819,paper_0819,2,Related Work,2,0.681167,1 The Globus Striped GridFTP Framework a… §2 Related Work
NB-HPN-1211-q0,19,corpus_doc_1163,paper_1163,I,Introduction,2,0.664324,Modeling and Optimizing Large-Scale Wide… §I Introduction
NB-HPN-1211-q0,20,corpus_doc_0819,paper_0819,1,Introduction,1,0.609266,1 The Globus Striped GridFTP Framework a… §1 Introduction
NB-HPN-0600-q0,1,corpus_doc_0600,paper_0600,,,1,0.967555,PSockets: The Case for Application-level… §
NB-HPN-0600-q0,2,corpus_doc_0600,paper_0600,,,2,0.944015,PSockets: The Case for Application-level… §
NB-HPN-0600-q0,3,corpus_doc_0600,paper_0600,,,3,0.882654,PSockets: The Case for Application-level… §
NB-HPN-0600-q0,4,corpus_doc_0600,paper_0600,,,5,0.830463,PSockets: The Case for Application-level… §
NB-HPN-0600-q0,5,corpus_doc_1931,paper_1931,6.3.1,Motivation,78,0.753866,Dynamic Tuning of Parallel/Distributed A… §6.3.1 Motivation
NB-HPN-0600-q0,6,corpus_doc_2204,paper_2204,I,Introduction,2,0.751276,Preprint Accepted paper at IEEE HPSR 202… §I Introduction
NB-HPN-0600-q0,7,corpus_doc_0555,paper_0555,,,1,0.738208,Network-Aware End-to-End Data Throughput… §
NB-HPN-0600-q0,8,corpus_doc_0600,paper_0600,,,4,0.696190,PSockets: The Case for Application-level… §
NB-HPN-0600-q0,9,corpus_doc_0600,paper_0600,,Abstract,0,0.576930,PSockets: The Case for Application-level… §Abstract
NB-HPN-0600-q0,10,corpus_doc_0978,paper_0978,1,Introduction,1,0.554066,UDT as an Alternative Transport Protocol… §1 Introduction
NB-HPN-0600-q0,11,corpus_doc_1116,paper_1116,4,Performance,10,0.450633,Balancing TCP Buffer vs Parallel Streams… §4 Performance
NB-HPN-0600-q0,12,corpus_doc_0083,paper_0083,,Abstract,0,0.319113,1 UDT: UDP-based Data Transfer for High-… §Abstract
NB-HPN-0600-q0,13,corpus_doc_0765,paper_0765,I,Introduction,1,0.212295,Improving Throughput and Maintaining Fai… §I Introduction
NB-HPN-0600-q0,14,corpus_doc_0555,paper_0555,,,2,0.190108,Network-Aware End-to-End Data Throughput… §
NB-HPN-0600-q0,15,corpus_doc_1702,paper_1702,V,Results,10,0.146852,IEEE/ACM TRANSACTIONS ON NETWORKING VOL.… §V Results
NB-HPN-0600-q0,16,corpus_doc_0047,paper_0047,1,Introduction,1,0.143662,UDT: UDP-based data transfer for high-sp… §1 Introduction
NB-HPN-0600-q0,17,corpus_doc_0932,paper_0932,1,Introduction,1,0.109011,This paper is included in the Proceeding… §1 Introduction
NB-HPN-0600-q0,18,corpus_doc_2204,paper_2204,I,Introduction,3,0.066797,Preprint Accepted paper at IEEE HPSR 202… §I Introduction
NB-HPN-0600-q0,19,corpus_doc_1414,paper_1414,II,Some Pitfalls,2,0.038072,1 Experimental Evaluation of TCP Protoco… §II Some Pitfalls
NB-HPN-0600-q0,20,corpus_doc_1116,paper_1116,,Abstract,0,0.037275,Balancing TCP Buffer vs Parallel Streams… §Abstract
NB-HPN-1482-q1,1,corpus_doc_1482,paper_1482,I,Introduction T He,1,0.976203,Using Distributed Reinforcement Learning… §I Introduction T He
NB-HPN-1482-q1,2,corpus_doc_2002,paper_2002,IV,Proposed Hierarchical Framework,5,0.942370,A Hierarchical Optimization Framework Us… §IV Proposed Hierarchical Framework
NB-HPN-1482-q1,3,corpus_doc_1482,paper_1482,V,Benchmark Strategies,8,0.941231,Using Distributed Reinforcement Learning… §V Benchmark Strategies
NB-HPN-1482-q1,4,corpus_doc_2002,paper_2002,II,Related Work,2,0.927894,A Hierarchical Optimization Framework Us… §II Related Work
NB-HPN-1482-q1,5,corpus_doc_1482,paper_1482,VI,Simulation Setting And Results,9,0.926712,Using Distributed Reinforcement Learning… §VI Simulation Setting And Results
NB-HPN-1482-q1,6,corpus_doc_2002,paper_2002,IV,Proposed Hierarchical Framework,4,0.920962,A Hierarchical Optimization Framework Us… §IV Proposed Hierarchical Framework
NB-HPN-1482-q1,7,corpus_doc_1482,paper_1482,VI,Simulation Setting And Results,12,0.918523,Using Distributed Reinforcement Learning… §VI Simulation Setting And Results
NB-HPN-1482-q1,8,corpus_doc_2002,paper_2002,I,Introduction,1,0.907465,A Hierarchical Optimization Framework Us… §I Introduction
NB-HPN-1482-q1,9,corpus_doc_1482,paper_1482,III,System Model,3,0.898031,Using Distributed Reinforcement Learning… §III System Model
NB-HPN-1482-q1,10,corpus_doc_1482,paper_1482,VI,Simulation Setting And Results,10,0.896823,Using Distributed Reinforcement Learning… §VI Simulation Setting And Results
NB-HPN-1482-q1,11,corpus_doc_0654,paper_0654,5,System,1,0.210547,IEEE/ACM TRANSACTIONS ON NETW ORKING VOL… §5 System
NB-HPN-1482-q1,12,corpus_doc_0360,paper_0360,VI,Numerical Results,13,0.070647,IEEE/ACM TRANSACTIONS ON NETW ORKING VOL… §VI Numerical Results
NB-HPN-1482-q1,13,corpus_doc_0754,paper_0754,7,Conclusion,19,0.051133,This paper is included in the Proceeding… §7 Conclusion
NB-HPN-1482-q1,14,corpus_doc_0127,paper_0127,5.4,Performance,9,0.013468,This paper is included in the Proceeding… §5.4 Performance
NB-HPN-1482-q1,15,corpus_doc_1816,paper_1816,14,Appendix,2,0.008809,This is the published version of a paper… §14 Appendix
NB-HPN-1482-q1,16,corpus_doc_1322,paper_1322,5,Conclusions,43,0.006283,POUR L'OBTENTION DU GRADE DE DOCTEUR S S… §5 Conclusions
NB-HPN-1482-q1,17,corpus_doc_1251,paper_1251,9.1,Reference,1,0.004165,arXiv:1812.11365v1 cs. NI 29 Dec 2018 1 … §9.1 Reference
NB-HPN-1482-q1,18,corpus_doc_1572,paper_1572,1,Introduction,2,0.002976,This paper is included in the Proceeding… §1 Introduction
NB-HPN-1482-q1,19,corpus_doc_1927,paper_1927,V,E Va L U At I,10,0.002398,IEEE TRANSACTIONS ON PARALLEL AND DISTRI… §V E Va L U At I
NB-HPN-1482-q1,20,corpus_doc_0478,paper_0478,5.2,Performance,13,0.002041,Swift: Rethinking RDMA Control Plane for… §5.2 Performance
NB-HPN-0932-q0,1,corpus_doc_0932,paper_0932,1,Introduction,1,0.959713,This paper is included in the Proceeding… §1 Introduction
NB-HPN-0932-q0,2,corpus_doc_0932,paper_0932,4,Evaluation,13,0.911734,This paper is included in the Proceeding… §4 Evaluation
NB-HPN-0932-q0,3,corpus_doc_0932,paper_0932,1,Introduction,2,0.884069,This paper is included in the Proceeding… §1 Introduction
NB-HPN-0932-q0,4,corpus_doc_0932,paper_0932,1,Introduction,4,0.835626,This paper is included in the Proceeding… §1 Introduction
NB-HPN-0932-q0,5,corpus_doc_0732,paper_0732,2,Background,18,0.778039,Flow Consolidation for Congestion Contro… §2 Background
NB-HPN-0932-q0,6,corpus_doc_0932,paper_0932,4,Evaluation,12,0.760146,This paper is included in the Proceeding… §4 Evaluation
NB-HPN-0932-q0,7,corpus_doc_0831,paper_0831,1,Introduction,1,0.584467,Open access to the Proceedings of the 15… §1 Introduction
NB-HPN-0932-q0,8,corpus_doc_0831,paper_0831,1,Introduction,2,0.570619,Open access to the Proceedings of the 15… §1 Introduction
NB-HPN-0932-q0,9,corpus_doc_0156,paper_0156,2,Related Work,2,0.563683,Don t Hate the Player Hate the Game: Saf… §2 Related Work
NB-HPN-0932-q0,10,corpus_doc_0732,paper_0732,2,Background,19,0.522170,Flow Consolidation for Congestion Contro… §2 Background
NB-HPN-0932-q0,11,corpus_doc_0342,paper_0342,I,Introduction A S,2,0.487944,When Machine Learning Meets Congestion C… §I Introduction A S
NB-HPN-0932-q0,12,corpus_doc_0932,paper_0932,,Abstract,0,0.455707,This paper is included in the Proceeding… §Abstract
NB-HPN-0932-q0,13,corpus_doc_0932,paper_0932,4,Evaluation,8,0.385740,This paper is included in the Proceeding… §4 Evaluation
NB-HPN-0932-q0,14,corpus_doc_0932,paper_0932,4,Evaluation,9,0.346432,This paper is included in the Proceeding… §4 Evaluation
NB-HPN-0932-q0,15,corpus_doc_0932,paper_0932,4,Evaluation,11,0.285588,This paper is included in the Proceeding… §4 Evaluation
NB-HPN-0932-q0,16,corpus_doc_0932,paper_0932,1,Introduction,3,0.275277,This paper is included in the Proceeding… §1 Introduction
NB-HPN-0932-q0,17,corpus_doc_0831,paper_0831,6,Related Work,13,0.134264,Open access to the Proceedings of the 15… §6 Related Work
NB-HPN-0932-q0,18,corpus_doc_0932,paper_0932,1,Introduction,5,0.079381,This paper is included in the Proceeding… §1 Introduction
NB-HPN-0932-q0,19,corpus_doc_1801,paper_1801,2,Motivation,3,0.072537,POWER TCP: Pushing the Performance Limit… §2 Motivation
NB-HPN-0932-q0,20,corpus_doc_0831,paper_0831,,Abstract,0,0.036585,Open access to the Proceedings of the 15… §Abstract
NB-SYN-1135-2109,1,corpus_doc_2109,paper_2109,,Abstract,0,0.989407,HAL Id: hal-00916091 Submitted on 9 Apr … §Abstract
NB-SYN-1135-2109,2,corpus_doc_2109,paper_2109,4,Experiments,4,0.986315,HAL Id: hal-00916091 Submitted on 9 Apr … §4 Experiments
NB-SYN-1135-2109,3,corpus_doc_2109,paper_2109,4,Experiments,2,0.985516,HAL Id: hal-00916091 Submitted on 9 Apr … §4 Experiments
NB-SYN-1135-2109,4,corpus_doc_2109,paper_2109,4,Experiments,3,0.981085,HAL Id: hal-00916091 Submitted on 9 Apr … §4 Experiments
NB-SYN-1135-2109,5,corpus_doc_2109,paper_2109,10,Experiments,10,0.974471,HAL Id: hal-00916091 Submitted on 9 Apr … §10 Experiments
NB-SYN-1135-2109,6,corpus_doc_2109,paper_2109,10,Experiments,12,0.972816,HAL Id: hal-00916091 Submitted on 9 Apr … §10 Experiments
NB-SYN-1135-2109,7,corpus_doc_2109,paper_2109,10,Experiments,11,0.962928,HAL Id: hal-00916091 Submitted on 9 Apr … §10 Experiments
NB-SYN-1135-2109,8,corpus_doc_1913,paper_1913,,Abstract,0,0.932948,HAL Id: hal-01270630 Submitted on 8 Feb … §Abstract
NB-SYN-1135-2109,9,corpus_doc_1913,paper_1913,V,Rela Ted Work,9,0.915368,HAL Id: hal-01270630 Submitted on 8 Feb … §V Rela Ted Work
NB-SYN-1135-2109,10,corpus_doc_1650,paper_1650,1,Introduction,3,0.824284,HPC Global File System Performance Analy… §1 Introduction
NB-SYN-1135-2109,11,corpus_doc_1913,paper_1913,IV,Discussions Of Experimental Results,4,0.782690,HAL Id: hal-01270630 Submitted on 8 Feb … §IV Discussions Of Experimental Results
NB-SYN-1135-2109,12,corpus_doc_0234,paper_0234,3,Motivation,4,0.773850,SwitchFS: Asynchronous Metadata Updates … §3 Motivation
NB-SYN-1135-2109,13,corpus_doc_1913,paper_1913,VI,Conclusion And Future Work,10,0.639934,HAL Id: hal-01270630 Submitted on 8 Feb … §VI Conclusion And Future Work
NB-SYN-1135-2109,14,corpus_doc_0234,paper_0234,1,Introduction,1,0.630226,SwitchFS: Asynchronous Metadata Updates … §1 Introduction
NB-SYN-1135-2109,15,corpus_doc_1303,paper_1303,VII,Related Work A,15,0.556732,Understanding and Improving Computationa… §VII Related Work A
NB-SYN-1135-2109,16,corpus_doc_0820,paper_0820,5,Related Work,9,0.529458,978-1-4244-1694-3/08/$25.00 2008 IEEE Pe… §5 Related Work
NB-SYN-1135-2109,17,corpus_doc_0820,paper_0820,96,System,5,0.277058,978-1-4244-1694-3/08/$25.00 2008 IEEE Pe… §96 System
NB-SYN-1135-2109,18,corpus_doc_1931,paper_1931,3.1,Overview,23,0.148349,Dynamic Tuning of Parallel/Distributed A… §3.1 Overview
NB-SYN-1135-2109,19,corpus_doc_0113,paper_0113,,Abstract,0,0.107882,Managing V ariability in the IO Performa… §Abstract
NB-SYN-1135-2109,20,corpus_doc_0054,paper_0054,I,Introduction,1,0.026422,Methods for Predicting Behavior of Eleph… §I Introduction
NB-SYN-2075-2370,1,corpus_doc_0587,paper_0587,4,Experimental,7,0.963638,Toward a Smart Data Transfer Node Zhengc… §4 Experimental
NB-SYN-2075-2370,2,corpus_doc_2152,paper_2152,,Abstract,0,0.926806,See discussions stats and author profile… §Abstract
NB-SYN-2075-2370,3,corpus_doc_0026,paper_0026,4,Experimental,6,0.916423,Towards a Smart Data Transfer Node Zheng… §4 Experimental
NB-SYN-2075-2370,4,corpus_doc_2024,paper_2024,9,References,5,0.870042,DOE Network 2025: Network Research Probl… §9 References
NB-SYN-2075-2370,5,corpus_doc_2370,paper_2370,,,1,0.817114,Explaining Wide Area Data Transfer Perfo… §
NB-SYN-2075-2370,6,corpus_doc_2370,paper_2370,,,12,0.788052,Explaining Wide Area Data Transfer Perfo… §
NB-SYN-2075-2370,7,corpus_doc_1438,paper_1438,,,1,0.769595,Online Optimization of File Transfers in… §
NB-SYN-2075-2370,8,corpus_doc_0555,paper_0555,,,1,0.731856,Network-Aware End-to-End Data Throughput… §
NB-SYN-2075-2370,9,corpus_doc_1927,paper_1927,I,Introduction T He,1,0.679852,IEEE TRANSACTIONS ON PARALLEL AND DISTRI… §I Introduction T He
NB-SYN-2075-2370,10,corpus_doc_2075,paper_2075,1,Introduction,1,0.649058,Characterizing and Predicting TCP Throug… §1 Introduction
NB-SYN-2075-2370,11,corpus_doc_0587,paper_0587,4,Experimental,6,0.631242,Toward a Smart Data Transfer Node Zhengc… §4 Experimental
NB-SYN-2075-2370,12,corpus_doc_0587,paper_0587,2,Motivation,2,0.530056,Toward a Smart Data Transfer Node Zhengc… §2 Motivation
NB-SYN-2075-2370,13,corpus_doc_0026,paper_0026,2,Motivation,2,0.376811,Towards a Smart Data Transfer Node Zheng… §2 Motivation
NB-SYN-2075-2370,14,corpus_doc_1211,paper_1211,VIII,Conclusions,14,0.376396,Modeling and Optimizing Large-Scale Wide… §VIII Conclusions
NB-SYN-2075-2370,15,corpus_doc_1163,paper_1163,VIII,Conclusions,14,0.376396,Modeling and Optimizing Large-Scale Wide… §VIII Conclusions
NB-SYN-2075-2370,16,corpus_doc_2370,paper_2370,,,13,0.346764,Explaining Wide Area Data Transfer Perfo… §
NB-SYN-2075-2370,17,corpus_doc_2370,paper_2370,,Abstract,0,0.228472,Explaining Wide Area Data Transfer Perfo… §Abstract
NB-SYN-2075-2370,18,corpus_doc_0555,paper_0555,,Abstract,0,0.184689,Network-Aware End-to-End Data Throughput… §Abstract
NB-SYN-2075-2370,19,corpus_doc_2075,paper_2075,5.3,Evaluation,10,0.081095,Characterizing and Predicting TCP Throug… §5.3 Evaluation
NB-SYN-2075-2370,20,corpus_doc_2075,paper_2075,6,Conclusions,11,0.043916,Characterizing and Predicting TCP Throug… §6 Conclusions
NB-SYN-1379-1702,1,corpus_doc_1819,paper_1819,I,Introduction,1,0.978809,FaiRTT: An Empirical Approach for Enhanc… §I Introduction
NB-SYN-1379-1702,2,corpus_doc_1379,paper_1379,IV,Experiment Setup,6,0.940873,BBR Fairness Evaluation Using NS-3 Linch… §IV Experiment Setup
NB-SYN-1379-1702,3,corpus_doc_1389,paper_1389,1,Introduction,1,0.940229,Page 1/22 TCP BBR congestion control opt… §1 Introduction
NB-SYN-1379-1702,4,corpus_doc_1627,paper_1627,3,Motivation,4,0.927583,BBR-With Adaptive Pacing Gain Rates BBR-… §3 Motivation
NB-SYN-1379-1702,5,corpus_doc_1819,paper_1819,,Abstract,0,0.924158,FaiRTT: An Empirical Approach for Enhanc… §Abstract
NB-SYN-1379-1702,6,corpus_doc_1702,paper_1702,V,Results,9,0.924126,IEEE/ACM TRANSACTIONS ON NETWORKING VOL.… §V Results
NB-SYN-1379-1702,7,corpus_doc_1367,paper_1367,1,Introduction,0,0.905506,2BRobust - Overcoming TCP BBR Performanc… §1 Introduction
NB-SYN-1379-1702,8,corpus_doc_1627,paper_1627,1,Introduction,1,0.895362,BBR-With Adaptive Pacing Gain Rates BBR-… §1 Introduction
NB-SYN-1379-1702,9,corpus_doc_1389,paper_1389,1,Introduction,2,0.885818,Page 1/22 TCP BBR congestion control opt… §1 Introduction
NB-SYN-1379-1702,10,corpus_doc_2282,paper_2282,I,Introduction,1,0.883773,Received January 19 2021 accepted Februa… §I Introduction
NB-SYN-1379-1702,11,corpus_doc_1702,paper_1702,III,Comparative Testing,4,0.877568,IEEE/ACM TRANSACTIONS ON NETWORKING VOL.… §III Comparative Testing
NB-SYN-1379-1702,12,corpus_doc_1379,paper_1379,IV,Experiment Setup,5,0.865826,BBR Fairness Evaluation Using NS-3 Linch… §IV Experiment Setup
NB-SYN-1379-1702,13,corpus_doc_1627,paper_1627,,Abstract,0,0.856478,BBR-With Adaptive Pacing Gain Rates BBR-… §Abstract
NB-SYN-1379-1702,14,corpus_doc_1367,paper_1367,1,Introduction,1,0.854185,2BRobust - Overcoming TCP BBR Performanc… §1 Introduction
NB-SYN-1379-1702,15,corpus_doc_1414,paper_1414,III,Comparative Testing,4,0.824512,1 Experimental Evaluation of TCP Protoco… §III Comparative Testing
NB-SYN-1379-1702,16,corpus_doc_0176,paper_0176,,,0,0.799351,58 COMMUNICATIONS OF THE ACM FEBRUARY 20… §
NB-SYN-1379-1702,17,corpus_doc_1379,paper_1379,III,Bbr Overview,3,0.773838,BBR Fairness Evaluation Using NS-3 Linch… §III Bbr Overview
NB-SYN-1379-1702,18,corpus_doc_0667,paper_0667,3.3,Results,35,0.771009,CERN-THESIS-2017-132 28/04/2017 Software… §3.3 Results
NB-SYN-1379-1702,19,corpus_doc_1331,paper_1331,1,Introduction,6,0.660058,H-TCP: TCP for high-speed and long-dista… §1 Introduction
NB-SYN-1379-1702,20,corpus_doc_1389,paper_1389,,Abstract,0,0.473672,Page 1/22 TCP BBR congestion control opt… §Abstract
NB-SYN-0819-2152,1,corpus_doc_2115,paper_2115,I,Introduction,1,0.979657,Improving Data Transfer Throughput with … §I Introduction
NB-SYN-0819-2152,2,corpus_doc_2030,paper_2030,2,Related Works,2,0.975914,E cient Resource Management Scheme of TC… §2 Related Works
NB-SYN-0819-2152,3,corpus_doc_0724,paper_0724,I,Introduction,1,0.971552,Improving Data Transfer Throughput with … §I Introduction
NB-SYN-0819-2152,4,corpus_doc_1116,paper_1116,4,Performance,1,0.966812,Balancing TCP Buffer vs Parallel Streams… §4 Performance
NB-SYN-0819-2152,5,corpus_doc_0246,paper_0246,1,Introduction,1,0.964805,Adaptive Data Block Scheduling or Parall… §1 Introduction
NB-SYN-0819-2152,6,corpus_doc_2265,paper_2265,I,Introduction,1,0.963620,1 Socket Buffer Auto-Sizing for High-Per… §I Introduction
NB-SYN-0819-2152,7,corpus_doc_0893,paper_0893,IV,Combined Parallel Tcp Streams,3,0.960611,Improving Throughput and Maintaining Fai… §IV Combined Parallel Tcp Streams
NB-SYN-0819-2152,8,corpus_doc_0765,paper_0765,III,Related Work,3,0.957441,Improving Throughput and Maintaining Fai… §III Related Work
NB-SYN-0819-2152,9,corpus_doc_1931,paper_1931,6.3.1,Motivation,78,0.957427,Dynamic Tuning of Parallel/Distributed A… §6.3.1 Motivation
NB-SYN-0819-2152,10,corpus_doc_1128,paper_1128,1.1,Motivation,2,0.950326,Computing manuscript No. will be inserte… §1.1 Motivation
NB-SYN-0819-2152,11,corpus_doc_1919,paper_1919,,Abstract,0,0.944889,1 Application-Level Optimization of Big … §Abstract
NB-SYN-0819-2152,12,corpus_doc_1526,paper_1526,II,Tcp And Http Parameters That Influence,1,0.930256,I. INTRODUCTION AND MOTIVATION For nearl… §II Tcp And Http Parameters That Influence
NB-SYN-0819-2152,13,corpus_doc_1935,paper_1935,1,Introduction,0,0.923280,IEICE TRANS. COMMUN. VOL. Exx . NO.xx XX… §1 Introduction
NB-SYN-0819-2152,14,corpus_doc_1354,paper_1354,2,Related Work,2,0.921368,Dynamic Adaptation of Parallelism Level … §2 Related Work
NB-SYN-0819-2152,15,corpus_doc_0917,paper_0917,6,Performance,2,0.913091,TCP Throughput Profiles Using Measuremen… §6 Performance
NB-SYN-0819-2152,16,corpus_doc_2265,paper_2265,II,Socket Buffer Size And Tcp Throughput,5,0.909313,1 Socket Buffer Auto-Sizing for High-Per… §II Socket Buffer Size And Tcp Throughput
NB-SYN-0819-2152,17,corpus_doc_2265,paper_2265,II,Socket Buffer Size And Tcp Throughput,4,0.906084,1 Socket Buffer Auto-Sizing for High-Per… §II Socket Buffer Size And Tcp Throughput
NB-SYN-0819-2152,18,corpus_doc_2265,paper_2265,II,Socket Buffer Size And Tcp Throughput,3,0.900860,1 Socket Buffer Auto-Sizing for High-Per… §II Socket Buffer Size And Tcp Throughput
NB-SYN-0819-2152,19,corpus_doc_2115,paper_2115,II,Problem,3,0.898893,Improving Data Transfer Throughput with … §II Problem
NB-SYN-0819-2152,20,corpus_doc_0586,paper_0586,15,Experimental,10,0.735009,2280 IEEE/ACM TRANSACTIONS ON NETWORKING… §15 Experimental
NB-ADV-M006-1627,1,corpus_doc_1379,paper_1379,IV,Experiment Setup,4,0.994210,BBR Fairness Evaluation Using NS-3 Linch… §IV Experiment Setup
NB-ADV-M006-1627,2,corpus_doc_0176,paper_0176,,,5,0.990986,58 COMMUNICATIONS OF THE ACM FEBRUARY 20… §
NB-ADV-M006-1627,3,corpus_doc_1389,paper_1389,1,Introduction,1,0.989675,Page 1/22 TCP BBR congestion control opt… §1 Introduction
NB-ADV-M006-1627,4,corpus_doc_2282,paper_2282,I,Introduction,10,0.986012,Received January 19 2021 accepted Februa… §I Introduction
NB-ADV-M006-1627,5,corpus_doc_0176,paper_0176,,,4,0.984601,58 COMMUNICATIONS OF THE ACM FEBRUARY 20… §
NB-ADV-M006-1627,6,corpus_doc_1389,paper_1389,4,Experiments,6,0.983302,Page 1/22 TCP BBR congestion control opt… §4 Experiments
NB-ADV-M006-1627,7,corpus_doc_1367,paper_1367,1,Introduction,0,0.979250,2BRobust - Overcoming TCP BBR Performanc… §1 Introduction
NB-ADV-M006-1627,8,corpus_doc_1389,paper_1389,,Abstract,0,0.977926,Page 1/22 TCP BBR congestion control opt… §Abstract
NB-ADV-M006-1627,9,corpus_doc_0252,paper_0252,4,Design,4,0.977253,TCP/IPoDWDM: A Case for Adaptive Congest… §4 Design
NB-ADV-M006-1627,10,corpus_doc_1819,paper_1819,I,Introduction,1,0.974999,FaiRTT: An Empirical Approach for Enhanc… §I Introduction
NB-ADV-M006-1627,11,corpus_doc_1379,paper_1379,III,Bbr Overview,3,0.974824,BBR Fairness Evaluation Using NS-3 Linch… §III Bbr Overview
NB-ADV-M006-1627,12,corpus_doc_2282,paper_2282,I,Introduction,1,0.968126,Received January 19 2021 accepted Februa… §I Introduction
NB-ADV-M006-1627,13,corpus_doc_2282,paper_2282,I,Introduction,11,0.967376,Received January 19 2021 accepted Februa… §I Introduction
NB-ADV-M006-1627,14,corpus_doc_1627,paper_1627,,Abstract,0,0.961437,BBR-With Adaptive Pacing Gain Rates BBR-… §Abstract
NB-ADV-M006-1627,15,corpus_doc_1233,paper_1233,II,Background And Motivation,4,0.948450,1 Leveraging Coupled BBR and Adaptive Pa… §II Background And Motivation
NB-ADV-M006-1627,16,corpus_doc_1331,paper_1331,1,Introduction,6,0.948369,H-TCP: TCP for high-speed and long-dista… §1 Introduction
NB-ADV-M006-1627,17,corpus_doc_1702,paper_1702,III,Comparative Testing,3,0.916238,IEEE/ACM TRANSACTIONS ON NETWORKING VOL.… §III Comparative Testing
NB-ADV-M006-1627,18,corpus_doc_2282,paper_2282,,Abstract,0,0.900275,Received January 19 2021 accepted Februa… §Abstract
NB-ADV-M006-1627,19,corpus_doc_1379,paper_1379,I,Introduction,1,0.861246,BBR Fairness Evaluation Using NS-3 Linch… §I Introduction
NB-ADV-M006-1627,20,corpus_doc_1389,paper_1389,4,Experiments,7,0.763373,Page 1/22 TCP BBR congestion control opt… §4 Experiments
NB-ADV-M002-1331,1,corpus_doc_0252,paper_0252,4,Design,3,0.956958,TCP/IPoDWDM: A Case for Adaptive Congest… §4 Design
NB-ADV-M002-1331,2,corpus_doc_1331,paper_1331,1,Introduction,6,0.954816,H-TCP: TCP for high-speed and long-dista… §1 Introduction
NB-ADV-M002-1331,3,corpus_doc_1958,paper_1958,4.1,Evaluation,9,0.888250,MLTCP: Congestion Control for DNN Traini… §4.1 Evaluation
NB-ADV-M002-1331,4,corpus_doc_0765,paper_0765,III,Related Work,3,0.886887,Improving Throughput and Maintaining Fai… §III Related Work
NB-ADV-M002-1331,5,corpus_doc_1331,paper_1331,1,Introduction,1,0.882274,H-TCP: TCP for high-speed and long-dista… §1 Introduction
NB-ADV-M002-1331,6,corpus_doc_1113,paper_1113,1,Introduction,1,0.876357,Performance Evaluation 64 2007 948 964 w… §1 Introduction
NB-ADV-M002-1331,7,corpus_doc_0732,paper_0732,2,Background,16,0.876293,Flow Consolidation for Congestion Contro… §2 Background
NB-ADV-M002-1331,8,corpus_doc_1414,paper_1414,V,Results,10,0.871118,1 Experimental Evaluation of TCP Protoco… §V Results
NB-ADV-M002-1331,9,corpus_doc_0893,paper_0893,I,Introduction,1,0.864279,Improving Throughput and Maintaining Fai… §I Introduction
NB-ADV-M002-1331,10,corpus_doc_1862,paper_1862,I,Introduction,5,0.860146,Parallel TCP Sockets: Simple Model Throu… §I Introduction
NB-ADV-M002-1331,11,corpus_doc_0104,paper_0104,II,Background And Problem Setup,1,0.768530,Implementing Reinforcement Learning Data… §II Background And Problem Setup
NB-ADV-M002-1331,12,corpus_doc_1113,paper_1113,1,Introduction,4,0.762121,Performance Evaluation 64 2007 948 964 w… §1 Introduction
NB-ADV-M002-1331,13,corpus_doc_0369,paper_0369,2,Motivation,4,0.737073,This paper is included in the Proceeding… §2 Motivation
NB-ADV-M002-1331,14,corpus_doc_1958,paper_1958,2.1,Background,3,0.727364,MLTCP: Congestion Control for DNN Traini… §2.1 Background
NB-ADV-M002-1331,15,corpus_doc_1801,paper_1801,2,Motivation,4,0.698088,POWER TCP: Pushing the Performance Limit… §2 Motivation
NB-ADV-M002-1331,16,corpus_doc_2175,paper_2175,2,Background,3,0.508313,Towards Stability Analysis of Data Trans… §2 Background
NB-ADV-M002-1331,17,corpus_doc_1354,paper_1354,2,Related Work,2,0.490496,Dynamic Adaptation of Parallelism Level … §2 Related Work
NB-ADV-M002-1331,18,corpus_doc_1113,paper_1113,1,Introduction,2,0.328002,Performance Evaluation 64 2007 948 964 w… §1 Introduction
NB-ADV-M002-1331,19,corpus_doc_0732,paper_0732,3.4,Evaluation,26,0.250099,Flow Consolidation for Congestion Contro… §3.4 Evaluation
NB-ADV-M002-1331,20,corpus_doc_2026,paper_2026,VII,Discussions,14,0.181038,Received 1 May 2023 accepted 23 May 2023… §VII Discussions
NB-ADV-M010-1853,1,corpus_doc_0798,paper_0798,,,2,0.991310,A Data Throughput Prediction and Optimiz… §
NB-ADV-M010-1853,2,corpus_doc_0798,paper_0798,,,1,0.990198,A Data Throughput Prediction and Optimiz… §
NB-ADV-M010-1853,3,corpus_doc_1354,paper_1354,2,Related Work,2,0.984179,Dynamic Adaptation of Parallelism Level … §2 Related Work
NB-ADV-M010-1853,4,corpus_doc_0387,paper_0387,I,Introduction Transmission,1,0.981890,On Parameter Tuning of Data Transfer Pro… §I Introduction Transmission
NB-ADV-M010-1853,5,corpus_doc_1974,paper_1974,2,Related Work,3,0.978259,Using Overlays For Ef cient Data Transfe… §2 Related Work
NB-ADV-M010-1853,6,corpus_doc_2152,paper_2152,6.2.2,Evaluation,3,0.973843,See discussions stats and author profile… §6.2.2 Evaluation
NB-ADV-M010-1853,7,corpus_doc_0555,paper_0555,,,2,0.973504,Network-Aware End-to-End Data Throughput… §
NB-ADV-M010-1853,8,corpus_doc_1319,paper_1319,,Abstract,0,0.973237,IEEE TRANSACTIONS ON P ARALLEL AND DISTR… §Abstract
NB-ADV-M010-1853,9,corpus_doc_0387,paper_0387,V,Numerical Examples,5,0.971541,On Parameter Tuning of Data Transfer Pro… §V Numerical Examples
NB-ADV-M010-1853,10,corpus_doc_1935,paper_1935,3.1,Design,8,0.958441,IEICE TRANS. COMMUN. VOL. Exx . NO.xx XX… §3.1 Design
NB-ADV-M010-1853,11,corpus_doc_0519,paper_0519,,Abstract,0,0.953829,TERAGRID 2007 CONFERENCE MADISON WI 1 Gr… §Abstract
NB-ADV-M010-1853,12,corpus_doc_0387,paper_0387,,Abstract,0,0.951990,On Parameter Tuning of Data Transfer Pro… §Abstract
NB-ADV-M010-1853,13,corpus_doc_0599,paper_0599,2,Related Work,2,0.939047,Using Regression Techniques to Predict L… §2 Related Work
NB-ADV-M010-1853,14,corpus_doc_1163,paper_1163,VI,Related Work,12,0.922458,Modeling and Optimizing Large-Scale Wide… §VI Related Work
NB-ADV-M010-1853,15,corpus_doc_1211,paper_1211,VI,Related Work,12,0.910554,Modeling and Optimizing Large-Scale Wide… §VI Related Work
NB-ADV-M010-1853,16,corpus_doc_0599,paper_0599,2,Related Work,3,0.892088,Using Regression Techniques to Predict L… §2 Related Work
NB-ADV-M010-1853,17,corpus_doc_1935,paper_1935,5,Conclusion,10,0.767101,IEICE TRANS. COMMUN. VOL. Exx . NO.xx XX… §5 Conclusion
NB-ADV-M010-1853,18,corpus_doc_0387,paper_0387,VI,Conclusions And Future Topics,7,0.751825,On Parameter Tuning of Data Transfer Pro… §VI Conclusions And Future Topics
NB-ADV-M010-1853,19,corpus_doc_1211,paper_1211,I,Introduction,2,0.652542,Modeling and Optimizing Large-Scale Wide… §I Introduction
NB-ADV-M010-1853,20,corpus_doc_1163,paper_1163,I,Introduction,2,0.541659,Modeling and Optimizing Large-Scale Wide… §I Introduction
NB-ADV-M012-0923,1,corpus_doc_0923,paper_0923,I,Introduction,1,0.986356,Experimental Analysis of File Transfer R… §I Introduction
NB-ADV-M012-0923,2,corpus_doc_0923,paper_0923,III,Wide-Area File Transfers A,3,0.982134,Experimental Analysis of File Transfer R… §III Wide-Area File Transfers A
NB-ADV-M012-0923,3,corpus_doc_0923,paper_0923,,Abstract,0,0.977447,Experimental Analysis of File Transfer R… §Abstract
NB-ADV-M012-0923,4,corpus_doc_0589,paper_0589,5,Conclusions,5,0.974700,Learning Concave-Convex Pro les of Data … §5 Conclusions
NB-ADV-M012-0923,5,corpus_doc_0923,paper_0923,IV,Disk-To-Disk Transfer Measurements,4,0.972280,Experimental Analysis of File Transfer R… §IV Disk-To-Disk Transfer Measurements
NB-ADV-M012-0923,6,corpus_doc_0589,paper_0589,1,Introduction,1,0.971118,Learning Concave-Convex Pro les of Data … §1 Introduction
NB-ADV-M012-0923,7,corpus_doc_1097,paper_1097,III,Bottleneck Analysis,3,0.928559,Data transfer between scienti c faciliti… §III Bottleneck Analysis
NB-ADV-M012-0923,8,corpus_doc_0589,paper_0589,5,Conclusions,3,0.926720,Learning Concave-Convex Pro les of Data … §5 Conclusions
NB-ADV-M012-0923,9,corpus_doc_2342,paper_2342,5,Performance,10,0.922557,Journal Pre-proof Moving small files in … §5 Performance
NB-ADV-M012-0923,10,corpus_doc_0698,paper_0698,4.1,Experimental,11,0.902479,This paper is included in the Proceeding… §4.1 Experimental
NB-ADV-M012-0923,11,corpus_doc_2280,paper_2280,1,Introduction,0,0.891857,Preprint April 7 2026 This is a preprint… §1 Introduction
NB-ADV-M012-0923,12,corpus_doc_0589,paper_0589,5,Conclusions,7,0.889558,Learning Concave-Convex Pro les of Data … §5 Conclusions
NB-ADV-M012-0923,13,corpus_doc_0534,paper_0534,,Abstract,0,0.885087,Long-haul Secure Data Transfer using Har… §Abstract
NB-ADV-M012-0923,14,corpus_doc_0819,paper_0819,6,Experimental,6,0.861473,1 The Globus Striped GridFTP Framework a… §6 Experimental
NB-ADV-M012-0923,15,corpus_doc_2342,paper_2342,6,Conclusions,12,0.839811,Journal Pre-proof Moving small files in … §6 Conclusions
NB-ADV-M012-0923,16,corpus_doc_2370,paper_2370,,,1,0.822323,Explaining Wide Area Data Transfer Perfo… §
NB-ADV-M012-0923,17,corpus_doc_0923,paper_0923,VI,Conclusions,8,0.777517,Experimental Analysis of File Transfer R… §VI Conclusions
NB-ADV-M012-0923,18,corpus_doc_0555,paper_0555,,,1,0.722863,Network-Aware End-to-End Data Throughput… §
NB-ADV-M012-0923,19,corpus_doc_0923,paper_0923,V,Fast Probing Method For Peak Transfer,7,0.708604,Experimental Analysis of File Transfer R… §V Fast Probing Method For Peak Transfer
NB-ADV-M012-0923,20,corpus_doc_0555,paper_0555,,,3,0.634495,Network-Aware End-to-End Data Throughput… §
NB-ADV-M002-0765,1,corpus_doc_2115,paper_2115,III,Proposed Approach,4,0.975570,Improving Data Transfer Throughput with … §III Proposed Approach
NB-ADV-M002-0765,2,corpus_doc_1116,paper_1116,4,Performance,1,0.966226,Balancing TCP Buffer vs Parallel Streams… §4 Performance
NB-ADV-M002-0765,3,corpus_doc_0724,paper_0724,III,Proposed Approach,4,0.957011,Improving Data Transfer Throughput with … §III Proposed Approach
NB-ADV-M002-0765,4,corpus_doc_2152,paper_2152,,Abstract,0,0.946290,See discussions stats and author profile… §Abstract
NB-ADV-M002-0765,5,corpus_doc_0798,paper_0798,,,1,0.944287,A Data Throughput Prediction and Optimiz… §
NB-ADV-M002-0765,6,corpus_doc_0763,paper_0763,2,Background,10,0.943250,NAIST-IS-DD1561026 Doctoral Dissertation… §2 Background
NB-ADV-M002-0765,7,corpus_doc_0893,paper_0893,I,Introduction,1,0.913004,Improving Throughput and Maintaining Fai… §I Introduction
NB-ADV-M002-0765,8,corpus_doc_1803,paper_1803,1,Introduction,1,0.909189,TCP Behavior of a Busy Intemet Server: A… §1 Introduction
NB-ADV-M002-0765,9,corpus_doc_0817,paper_0817,I,Introduction,2,0.906913,Parallel TCP Sockets: Simple Model Throu… §I Introduction
NB-ADV-M002-0765,10,corpus_doc_2115,paper_2115,I,Introduction,1,0.901941,Improving Data Transfer Throughput with … §I Introduction
NB-ADV-M002-0765,11,corpus_doc_1319,paper_1319,,Abstract,0,0.890618,IEEE TRANSACTIONS ON P ARALLEL AND DISTR… §Abstract
NB-ADV-M002-0765,12,corpus_doc_0724,paper_0724,I,Introduction,1,0.882705,Improving Data Transfer Throughput with … §I Introduction
NB-ADV-M002-0765,13,corpus_doc_0893,paper_0893,I,Introduction,0,0.870179,Improving Throughput and Maintaining Fai… §I Introduction
NB-ADV-M002-0765,14,corpus_doc_1116,paper_1116,,Abstract,0,0.821782,Balancing TCP Buffer vs Parallel Streams… §Abstract
NB-ADV-M002-0765,15,corpus_doc_2030,paper_2030,2,Related Works,2,0.752136,E cient Resource Management Scheme of TC… §2 Related Works
NB-ADV-M002-0765,16,corpus_doc_1354,paper_1354,2,Related Work,2,0.678249,Dynamic Adaptation of Parallelism Level … §2 Related Work
NB-ADV-M002-0765,17,corpus_doc_1862,paper_1862,I,Introduction,2,0.654649,Parallel TCP Sockets: Simple Model Throu… §I Introduction
NB-ADV-M002-0765,18,corpus_doc_1163,paper_1163,VI,Related Work,12,0.493491,Modeling and Optimizing Large-Scale Wide… §VI Related Work
NB-ADV-M002-0765,19,corpus_doc_1211,paper_1211,VI,Related Work,12,0.371651,Modeling and Optimizing Large-Scale Wide… §VI Related Work
NB-ADV-M002-0765,20,corpus_doc_1695,paper_1695,1.1,Motivation,3,0.003857,Applied Techniques for High Bandwidth Da… §1.1 Motivation
NB-ADV-M003-1927,1,corpus_doc_0382,paper_0382,,Abstract,0,0.996847,Use Only What You Need: Judicious Parall… §Abstract
NB-ADV-M003-1927,2,corpus_doc_1438,paper_1438,,,1,0.994101,Online Optimization of File Transfers in… §
NB-ADV-M003-1927,3,corpus_doc_1438,paper_1438,,,2,0.991336,Online Optimization of File Transfers in… §
NB-ADV-M003-1927,4,corpus_doc_2152,paper_2152,,Abstract,0,0.987363,See discussions stats and author profile… §Abstract
NB-ADV-M003-1927,5,corpus_doc_2115,paper_2115,I,Introduction,1,0.987253,Improving Data Transfer Throughput with … §I Introduction
NB-ADV-M003-1927,6,corpus_doc_0724,paper_0724,I,Introduction,1,0.984428,Improving Data Transfer Throughput with … §I Introduction
NB-ADV-M003-1927,7,corpus_doc_2342,paper_2342,1,Introduction,2,0.984121,Journal Pre-proof Moving small files in … §1 Introduction
NB-ADV-M003-1927,8,corpus_doc_1163,paper_1163,III,Parallelism And Concurrency,5,0.983539,Modeling and Optimizing Large-Scale Wide… §III Parallelism And Concurrency
NB-ADV-M003-1927,9,corpus_doc_0444,paper_0444,1,Introduction,1,0.983508,Big Data Transfer Optimization Through A… §1 Introduction
NB-ADV-M003-1927,10,corpus_doc_1927,paper_1927,II,Rela Tedwork,3,0.977733,IEEE TRANSACTIONS ON PARALLEL AND DISTRI… §II Rela Tedwork
NB-ADV-M003-1927,11,corpus_doc_1654,paper_1654,II,Problemformula Tion,2,0.977245,Big Data Transfer Optimization Based on … §II Problemformula Tion
NB-ADV-M003-1927,12,corpus_doc_1919,paper_1919,,Abstract,0,0.973374,1 Application-Level Optimization of Big … §Abstract
NB-ADV-M003-1927,13,corpus_doc_1616,paper_1616,II,Problem Formulation,2,0.973063,2017 IEEE International Conference on Bi… §II Problem Formulation
NB-ADV-M003-1927,14,corpus_doc_1897,paper_1897,1,Introduction,0,0.973028,Future Generation Computer Systems 29 20… §1 Introduction
NB-ADV-M003-1927,15,corpus_doc_0555,paper_0555,,,3,0.970275,Network-Aware End-to-End Data Throughput… §
NB-ADV-M003-1927,16,corpus_doc_0185,paper_0185,2,Related Work,2,0.969310,Dynamic Protocol Tuning Algorithms for H… §2 Related Work
NB-ADV-M003-1927,17,corpus_doc_0444,paper_0444,2,Related Work,2,0.964845,Big Data Transfer Optimization Through A… §2 Related Work
NB-ADV-M003-1927,18,corpus_doc_0616,paper_0616,II,Motiv Ation,2,0.963709,HARP: Predictive Transfer Optimization B… §II Motiv Ation
NB-ADV-M003-1927,19,corpus_doc_1163,paper_1163,VI,Related Work,12,0.899239,Modeling and Optimizing Large-Scale Wide… §VI Related Work
NB-ADV-M003-1927,20,corpus_doc_0382,paper_0382,4.3,System,3,0.765271,Use Only What You Need: Judicious Parall… §4.3 System
NB-ADV-M005-1657,1,corpus_doc_1657,paper_1657,III,Pipelining Da Ta Transfer And End,3,0.995426,2016 IEEE International Conference on Bi… §III Pipelining Da Ta Transfer And End
NB-ADV-M005-1657,2,corpus_doc_1657,paper_1657,IV,Experimental Ev Alua Tion,6,0.985244,2016 IEEE International Conference on Bi… §IV Experimental Ev Alua Tion
NB-ADV-M005-1657,3,corpus_doc_1657,paper_1657,I,Introduction,1,0.982665,2016 IEEE International Conference on Bi… §I Introduction
NB-ADV-M005-1657,4,corpus_doc_1657,paper_1657,V,Conclusion And Future Work,8,0.971401,2016 IEEE International Conference on Bi… §V Conclusion And Future Work
NB-ADV-M005-1657,5,corpus_doc_1657,paper_1657,,Abstract,0,0.945420,2016 IEEE International Conference on Bi… §Abstract
NB-ADV-M005-1657,6,corpus_doc_0444,paper_0444,2,Related Work,3,0.930035,Big Data Transfer Optimization Through A… §2 Related Work
NB-ADV-M005-1657,7,corpus_doc_0519,paper_0519,,Abstract,0,0.928703,TERAGRID 2007 CONFERENCE MADISON WI 1 Gr… §Abstract
NB-ADV-M005-1657,8,corpus_doc_1028,paper_1028,,,1,0.877651,Time Series Analysis for Efficient Sampl… §
NB-ADV-M005-1657,9,corpus_doc_0616,paper_0616,II,Motiv Ation,2,0.875650,HARP: Predictive Transfer Optimization B… §II Motiv Ation
NB-ADV-M005-1657,10,corpus_doc_2342,paper_2342,2.2,Motivation,7,0.845378,Journal Pre-proof Moving small files in … §2.2 Motivation
NB-ADV-M005-1657,11,corpus_doc_1047,paper_1047,,Abstract,0,0.835021,See discussions stats and author profile… §Abstract
NB-ADV-M005-1657,12,corpus_doc_0916,paper_0916,,Abstract,0,0.835021,Globus GridFTP: What s New in 2007 Invit… §Abstract
NB-ADV-M005-1657,13,corpus_doc_1927,paper_1927,V,E Va L U At I,12,0.771122,IEEE TRANSACTIONS ON PARALLEL AND DISTRI… §V E Va L U At I
NB-ADV-M005-1657,14,corpus_doc_2283,paper_2283,II,Motivation,2,0.764513,HARP: Predictive Transfer Optimization B… §II Motivation
NB-ADV-M005-1657,15,corpus_doc_1919,paper_1919,,Abstract,0,0.730733,1 Application-Level Optimization of Big … §Abstract
NB-ADV-M005-1657,16,corpus_doc_1438,paper_1438,,,12,0.566554,Online Optimization of File Transfers in… §
NB-ADV-M005-1657,17,corpus_doc_2342,paper_2342,4.3,Performance,8,0.547957,Journal Pre-proof Moving small files in … §4.3 Performance
NB-ADV-M005-1657,18,corpus_doc_1657,paper_1657,III,Pipelining Da Ta Transfer And End,4,0.487563,2016 IEEE International Conference on Bi… §III Pipelining Da Ta Transfer And End
NB-ADV-M005-1657,19,corpus_doc_1919,paper_1919,18,Experimental,1,0.468515,1 Application-Level Optimization of Big … §18 Experimental
NB-ADV-M005-1657,20,corpus_doc_0182,paper_0182,6,Experiment,3,0.284096,SC16 BoF Report: On-Demand Infrastructur… §6 Experiment
NB-ADV-M012-2024,1,corpus_doc_1438,paper_1438,,,4,0.967648,Online Optimization of File Transfers in… §
NB-ADV-M012-2024,2,corpus_doc_2024,paper_2024,3,Design,9,0.960293,DOE Network 2025: Network Research Probl… §3 Design
NB-ADV-M012-2024,3,corpus_doc_2280,paper_2280,1,Introduction,0,0.956517,Preprint April 7 2026 This is a preprint… §1 Introduction
NB-ADV-M012-2024,4,corpus_doc_0555,paper_0555,,,1,0.949990,Network-Aware End-to-End Data Throughput… §
NB-ADV-M012-2024,5,corpus_doc_2280,paper_2280,19,Appendix,10,0.940666,Preprint April 7 2026 This is a preprint… §19 Appendix
NB-ADV-M012-2024,6,corpus_doc_1288,paper_1288,4.3,Performance,9,0.926334,Building and Evaluating an Ethernet-base… §4.3 Performance
NB-ADV-M012-2024,7,corpus_doc_2370,paper_2370,,,3,0.924977,Explaining Wide Area Data Transfer Perfo… §
NB-ADV-M012-2024,8,corpus_doc_1288,paper_1288,4.3,Performance,11,0.920751,Building and Evaluating an Ethernet-base… §4.3 Performance
NB-ADV-M012-2024,9,corpus_doc_1589,paper_1589,5.1,Implementation,13,0.851276,This paper is included in the Proceeding… §5.1 Implementation
NB-ADV-M012-2024,10,corpus_doc_1585,paper_1585,3.3,Framework,9,0.777504,. . Latest updates: h ps://dl.acm.org/do… §3.3 Framework
NB-ADV-M012-2024,11,corpus_doc_2026,paper_2026,VI,Performance Evaluation,11,0.724549,Received 1 May 2023 accepted 23 May 2023… §VI Performance Evaluation
NB-ADV-M012-2024,12,corpus_doc_2280,paper_2280,1,Introduction,1,0.719720,Preprint April 7 2026 This is a preprint… §1 Introduction
NB-ADV-M012-2024,13,corpus_doc_0589,paper_0589,5,Conclusions,3,0.648117,Learning Concave-Convex Pro les of Data … §5 Conclusions
NB-ADV-M012-2024,14,corpus_doc_1585,paper_1585,3.3,Framework,7,0.623509,. . Latest updates: h ps://dl.acm.org/do… §3.3 Framework
NB-ADV-M012-2024,15,corpus_doc_1179,paper_1179,8.6.5,Evaluation,97,0.530773,Alma Mater Studiorum Alma Mater Studioru… §8.6.5 Evaluation
NB-ADV-M012-2024,16,corpus_doc_2280,paper_2280,19,Appendix,8,0.511208,Preprint April 7 2026 This is a preprint… §19 Appendix
NB-ADV-M012-2024,17,corpus_doc_0534,paper_0534,6.1,Experimental,3,0.399969,Long-haul Secure Data Transfer using Har… §6.1 Experimental
NB-ADV-M012-2024,18,corpus_doc_2024,paper_2024,3,Design,11,0.333126,DOE Network 2025: Network Research Probl… §3 Design
NB-ADV-M012-2024,19,corpus_doc_1122,paper_1122,3.2,System,16,0.180356,This paper is included in the Proceeding… §3.2 System
NB-ADV-M012-2024,20,corpus_doc_0569,paper_0569,5,Conclusions,7,0.090010,Measuring end-to-end bandwidth with Iper… §5 Conclusions
